id,gender,age,hypertension,heart_disease,ever_married,work_type,Residence_type,avg_glucose_level,bmi,smoking_status,stroke
15662,Female,52.7,0,0,No,Private,Urban,86.02,32.2,never smoked,1
21064,Male,23.1,0,0,No,Private,Rural,101.01,28.1,never smoked,0
6140,Male,62.5,0,0,Yes,Private,Urban,81.02,29.1,never smoked,0
17244,Female,66.7,0,0,Yes,Private,Urban,91.52,19.6,never smoked,0
7253,Female,3.1,0,0,No,children,Rural,160.47,11.7,never smoked,0
29905,Female,17.4,0,0,No,Self-employed,Rural,137.58,24.5,never smoked,0
14971,Female,48.8,0,0,No,Private,Rural,74.03,27.0,smokes,0
4549,Female,39.0,0,0,Yes,Private,Urban,144.98,32.5,never smoked,0
12760,Female,45.6,0,0,Yes,Private,Urban,106.25,27.3,never smoked,0
10040,Female,27.2,0,0,Yes,Self-employed,Rural,175.47,25.0,smokes,0
75352,Female,65.3,0,1,Yes,Private,Urban,116.06,11.0,formerly smoked,1
5378,Female,63.1,0,0,Yes,Private,Rural,113.8,32.5,smokes,0
38278,Male,47.5,0,0,Yes,Private,Rural,91.32,30.1,never smoked,1
60442,Female,70.8,0,0,Yes,Private,Rural,129.19,34.6,Unknown,0
17539,Female,56.3,0,1,Yes,Govt_job,Rural,138.3,28.7,Unknown,0
90518,Female,27.1,0,0,Yes,Private,Rural,96.81,37.1,never smoked,0
17094,Male,54.1,0,0,Yes,Private,Rural,137.38,24.4,smokes,0
36014,Female,24.9,0,0,Yes,Private,Urban,115.64,28.2,Unknown,0
59976,Female,65.3,0,0,Yes,Private,Rural,139.54,30.3,smokes,0
33958,Female,44.9,0,0,Yes,Private,Rural,55.0,33.4,never smoked,0
16822,Male,41.9,0,0,Yes,Private,Rural,113.6,31.6,never smoked,0
98467,Male,31.0,0,0,Yes,Private,Urban,140.85,32.1,smokes,0
14085,Male,72.9,0,0,Yes,Private,Rural,86.39,30.5,formerly smoked,0
39945,Male,42.6,0,0,Yes,Private,Urban,67.41,27.1,Unknown,0
14790,Female,36.6,0,0,Yes,Govt_job,Rural,85.29,35.3,never smoked,0
39401,Female,38.3,0,0,Yes,Govt_job,Rural,98.56,15.9,never smoked,0
31006,Female,57.7,0,0,Yes,Govt_job,Urban,72.26,23.8,formerly smoked,0
21182,Male,54.0,0,0,Yes,Self-employed,Rural,85.32,40.4,formerly smoked,0
98256,Male,55.1,1,0,Yes,Private,Urban,137.64,23.5,smokes,0
38810,Female,55.5,0,0,Yes,Govt_job,Rural,67.74,27.9,never smoked,0
91151,Male,82.0,0,0,No,Private,Rural,130.46,38.9,smokes,0
98326,Female,37.1,0,0,Yes,Private,Rural,167.79,27.6,Unknown,0
22819,Female,34.7,0,0,Yes,Private,Rural,118.85,22.2,Unknown,0
74662,Female,28.1,0,0,No,Private,Rural,105.75,37.5,Unknown,0
54317,Male,59.6,0,0,Yes,Private,Rural,105.65,26.3,formerly smoked,0
73988,Male,70.8,0,0,Yes,Private,Rural,82.09,,Unknown,0
19116,Female,43.5,1,0,Yes,Govt_job,Rural,89.95,13.6,formerly smoked,0
78954,Male,27.5,0,0,Yes,Private,Rural,144.06,27.5,never smoked,0
73940,Male,27.9,0,0,No,Private,Rural,128.79,33.6,Unknown,0
87545,Male,60.3,1,0,Yes,Private,Urban,97.17,25.3,never smoked,0
50535,Male,62.4,0,0,No,Govt_job,Urban,132.23,18.9,never smoked,0
89926,Female,57.9,0,0,Yes,Self-employed,Urban,101.16,24.9,never smoked,0
70418,Male,31.4,0,0,Yes,Private,Rural,58.78,23.9,smokes,0
84167,Female,51.1,0,0,Yes,Private,Urban,121.21,26.6,smokes,0
16924,Male,48.6,0,0,Yes,Self-employed,Urban,79.76,24.6,smokes,0
56606,Female,50.8,0,0,Yes,Private,Rural,244.0,41.0,never smoked,0
7472,Male,65.2,0,0,No,Govt_job,Rural,147.78,30.8,never smoked,0
37747,Male,50.9,0,0,Yes,Private,Rural,117.32,15.4,never smoked,0
51184,Female,60.9,0,0,No,Govt_job,Rural,92.75,29.0,never smoked,0
63444,Male,47.5,0,0,Yes,Self-employed,Rural,61.53,28.2,never smoked,0
96363,Female,52.4,0,0,Yes,Self-employed,Rural,92.79,37.5,never smoked,0
63384,Female,59.9,0,0,Yes,Govt_job,Rural,121.74,27.3,Unknown,0
330,Female,13.9,0,0,No,children,Urban,77.21,27.1,Unknown,0
64791,Male,39.0,0,0,Yes,Private,Rural,92.22,42.5,never smoked,0
4338,Female,35.7,0,0,No,Private,Urban,123.06,20.5,formerly smoked,0
52901,Female,31.9,0,0,No,Govt_job,Rural,171.49,34.5,Unknown,0
8782,Male,39.9,0,0,Yes,Govt_job,Urban,112.57,29.0,smokes,0
4037,Female,78.9,0,0,Yes,Private,Rural,86.28,24.7,Unknown,0
43680,Female,27.0,0,0,Yes,Govt_job,Rural,122.36,23.6,Unknown,0
92109,Male,67.3,0,0,Yes,Private,Rural,90.72,38.7,never smoked,0
34527,Male,9.0,0,0,No,children,Urban,106.46,32.0,never smoked,0
30717,Male,38.6,0,0,Yes,Private,Urban,108.04,33.0,never smoked,0
33801,Female,49.6,0,0,Yes,Private,Rural,79.64,35.2,smokes,0
64358,Male,58.9,0,0,Yes,Private,Rural,84.99,31.1,Unknown,0
82763,Female,61.6,0,0,No,Private,Rural,145.49,20.5,never smoked,0
94847,Female,63.5,0,0,Yes,Govt_job,Rural,183.66,16.7,Unknown,0
85349,Female,38.3,0,0,No,Private,Urban,77.62,40.0,smokes,1
66459,Female,35.8,0,0,Yes,Private,Rural,80.68,,smokes,0
68446,Male,64.9,1,0,Yes,Private,Urban,120.2,29.1,Unknown,1
51496,Male,41.8,0,0,Yes,Private,Urban,105.1,42.0,formerly smoked,0
90814,Female,17.9,0,0,No,Private,Urban,96.11,20.5,smokes,0
10419,Female,21.1,0,0,No,Private,Urban,116.47,11.0,Unknown,0
73531,Male,25.8,0,0,Yes,Govt_job,Rural,67.35,14.9,smokes,0
5776,Male,56.9,0,0,Yes,Govt_job,Rural,126.71,24.5,never smoked,0
3382,Female,49.1,0,0,Yes,Private,Rural,88.75,29.4,formerly smoked,0
88677,Female,61.2,1,0,Yes,Private,Rural,148.81,38.9,smokes,0
41764,Female,36.6,0,0,Yes,Private,Urban,153.32,34.8,Unknown,0
6477,Female,49.5,0,0,No,Private,Rural,95.38,11.0,never smoked,0
47960,Female,59.8,0,0,No,Private,Rural,116.84,49.5,never smoked,1
73257,Female,39.2,0,0,Yes,Self-employed,Rural,107.91,25.4,never smoked,0
45042,Male,56.0,0,0,Yes,Private,Urban,171.36,37.7,Unknown,0
54314,Female,31.4,0,0,Yes,Self-employed,Rural,64.17,32.6,formerly smoked,0
64655,Female,38.0,0,0,Yes,Govt_job,Rural,174.16,28.5,never smoked,0
5733,Female,37.6,0,0,No,Private,Urban,181.05,26.7,Unknown,0
81240,Male,19.7,0,0,No,Private,Urban,75.08,20.2,formerly smoked,0
27535,Female,56.7,0,0,Yes,Private,Rural,63.95,18.8,smokes,0
58317,Female,35.7,0,0,Yes,Private,Urban,88.38,27.3,formerly smoked,0
53552,Female,46.3,1,0,Yes,Self-employed,Urban,108.27,18.1,Unknown,0
15935,Male,56.6,0,0,Yes,Private,Rural,85.85,40.9,never smoked,0
84732,Male,55.8,0,0,No,Private,Rural,87.92,29.2,never smoked,0
79617,Female,60.6,0,0,Yes,Private,Urban,101.55,44.2,smokes,0
84067,Female,43.8,0,0,Yes,Govt_job,Urban,169.08,25.2,never smoked,0
226,Female,36.7,0,0,Yes,Private,Rural,97.21,24.1,never smoked,0
69538,Male,44.2,0,0,Yes,Govt_job,Rural,128.3,32.9,never smoked,0
57022,Male,8.9,0,0,No,children,Rural,67.52,26.6,smokes,0
68196,Female,14.2,0,0,No,Private,Urban,106.21,,Unknown,0
31363,Female,16.9,0,0,No,Private,Rural,90.76,39.3,Unknown,0
24789,Male,24.1,0,0,Yes,Self-employed,Urban,126.88,36.7,never smoked,0
67090,Male,54.8,0,0,Yes,Govt_job,Rural,65.65,38.7,never smoked,0
67151,Female,26.1,0,0,Yes,Private,Rural,155.44,34.6,Unknown,0
38085,Female,37.7,0,0,Yes,Private,Rural,89.49,24.4,never smoked,0
41321,Female,74.6,0,0,No,Private,Rural,79.03,37.0,Unknown,0
46317,Male,38.2,1,0,No,Self-employed,Rural,188.32,33.7,never smoked,0
77569,Male,62.2,0,0,No,Govt_job,Rural,112.23,23.9,formerly smoked,1
72560,Male,25.5,0,0,No,Private,Urban,100.72,24.8,smokes,0
44248,Male,41.5,1,0,Yes,Private,Rural,73.42,27.8,formerly smoked,0
53696,Female,25.1,0,0,Yes,Private,Rural,74.75,36.8,smokes,0
30578,Female,38.5,0,0,Yes,Govt_job,Rural,66.39,29.4,never smoked,0
88668,Female,64.5,0,0,Yes,Private,Rural,103.85,28.5,never smoked,0
40501,Male,8.0,0,0,No,children,Urban,148.99,27.3,smokes,0
9880,Female,55.6,0,0,Yes,Never_worked,Urban,115.22,25.8,Unknown,0
19208,Female,51.2,0,0,Yes,Govt_job,Rural,106.01,,smokes,0
95804,Female,32.9,0,0,Yes,Self-employed,Urban,101.65,34.5,formerly smoked,0
8039,Male,14.2,0,0,No,Private,Rural,136.46,20.9,Unknown,0
25336,Male,47.6,0,0,Yes,Private,Urban,95.43,29.0,formerly smoked,0
52655,Male,34.4,0,0,Yes,Govt_job,Rural,60.53,25.4,formerly smoked,0
79962,Female,51.1,0,1,Yes,Self-employed,Urban,143.26,34.2,never smoked,0
64546,Male,46.5,0,0,Yes,Govt_job,Urban,70.29,25.9,Unknown,0
69678,Male,81.2,0,0,Yes,Govt_job,Rural,57.71,21.0,never smoked,0
49585,Male,40.7,1,0,Yes,Private,Rural,121.45,35.9,never smoked,0
61297,Male,23.5,0,0,No,Private,Urban,55.0,22.3,never smoked,0
31109,Male,49.9,0,0,Yes,Private,Urban,102.27,29.7,never smoked,0
69991,Male,50.8,0,0,Yes,Govt_job,Urban,108.59,38.1,formerly smoked,0
37427,Male,75.9,0,0,No,Private,Rural,119.62,23.0,never smoked,1
79132,Female,64.4,0,1,Yes,Private,Urban,115.5,27.7,formerly smoked,0
39638,Female,53.9,0,0,Yes,Private,Urban,64.04,25.3,formerly smoked,0
5275,Male,78.2,0,0,Yes,Private,Rural,136.56,29.5,never smoked,1
5298,Male,19.8,0,0,No,Private,Urban,101.14,28.0,never smoked,0
19305,Female,31.9,0,0,Yes,Self-employed,Urban,90.24,35.4,never smoked,0
12758,Female,25.6,0,0,Yes,Private,Urban,65.57,23.8,smokes,0
30069,Male,37.4,0,0,No,Private,Urban,146.22,38.1,smokes,0
25538,Male,15.7,0,0,No,Private,Rural,141.28,40.5,never smoked,0
62532,Male,60.0,1,0,Yes,Private,Urban,93.75,,never smoked,0
61928,Female,41.1,0,0,Yes,Govt_job,Rural,119.84,22.6,never smoked,0
36188,Male,13.6,0,0,No,children,Rural,129.78,28.2,Unknown,0
85187,Male,23.7,0,0,No,Private,Rural,93.63,27.6,Unknown,0
8578,Female,52.9,0,0,Yes,Private,Urban,141.83,41.8,formerly smoked,0
99444,Female,64.4,0,0,No,Private,Urban,144.39,27.7,Unknown,0
12302,Male,82.0,1,1,No,Private,Urban,62.64,38.9,never smoked,1
46391,Female,82.0,0,0,Yes,Self-employed,Rural,128.12,29.3,smokes,1
85423,Male,55.1,0,0,Yes,Govt_job,Rural,86.49,28.8,smokes,0
40583,Male,24.2,0,0,Yes,Private,Urban,76.24,,formerly smoked,0
23447,Male,0.1,0,0,No,children,Rural,55.0,26.5,Unknown,0
81893,Female,51.9,0,1,Yes,Private,Urban,105.7,35.2,formerly smoked,0
29243,Male,28.1,0,0,Yes,Govt_job,Rural,92.76,23.0,Unknown,0
33418,Female,36.9,0,0,No,Private,Rural,85.05,35.7,never smoked,0
38055,Male,32.5,0,0,Yes,Private,Urban,130.97,39.3,never smoked,0
72390,Female,42.9,0,0,No,Self-employed,Rural,260.79,24.1,formerly smoked,0
23636,Male,69.5,0,0,Yes,Private,Urban,120.25,37.6,never smoked,0
89398,Male,49.5,0,0,Yes,Self-employed,Rural,92.63,36.4,never smoked,0
98148,Female,42.5,0,0,Yes,Private,Rural,143.37,35.0,never smoked,0
34396,Female,23.2,0,0,No,Private,Urban,71.9,23.7,formerly smoked,0
55751,Male,9.2,0,0,No,children,Urban,86.78,27.6,Unknown,0
59097,Female,35.3,0,0,Yes,Private,Rural,108.14,27.6,smokes,0
88531,Female,44.8,0,0,Yes,Self-employed,Urban,108.54,44.2,never smoked,0
24082,Female,82.0,0,0,No,Private,Urban,137.98,28.4,never smoked,0
24556,Male,48.9,0,0,Yes,Self-employed,Urban,167.02,27.1,formerly smoked,0
97121,Female,67.6,0,0,Yes,Private,Urban,136.83,19.9,never smoked,0
45485,Female,35.0,0,0,Yes,Self-employed,Urban,167.55,21.2,never smoked,0
87468,Male,19.9,0,0,No,Private,Urban,170.24,23.4,formerly smoked,0
76622,Female,24.8,0,0,Yes,Private,Urban,113.37,31.2,never smoked,0
34185,Female,30.0,0,0,Yes,Self-employed,Rural,97.77,17.8,never smoked,0
17132,Female,82.0,0,0,Yes,Self-employed,Rural,126.48,23.5,Unknown,0
95393,Female,27.9,0,0,Yes,Private,Urban,56.66,14.5,smokes,0
18260,Female,64.4,1,0,Yes,Private,Rural,145.78,39.0,Unknown,0
49607,Male,26.1,0,0,No,Private,Urban,131.79,29.3,smokes,0
34840,Female,66.5,0,0,Yes,Private,Urban,71.02,,never smoked,0
96169,Male,54.5,0,0,Yes,Self-employed,Urban,161.66,20.3,smokes,0
80822,Female,42.6,0,0,Yes,Govt_job,Rural,146.06,37.2,Unknown,0
60645,Female,45.1,0,0,No,Govt_job,Urban,123.97,39.8,Unknown,0
11173,Female,31.6,0,0,No,Private,Rural,97.3,29.0,smokes,0
68497,Female,55.8,0,1,Yes,Govt_job,Urban,163.76,24.9,never smoked,0
69151,Male,36.0,0,0,Yes,Private,Rural,58.36,32.6,smokes,0
50843,Female,19.0,0,0,No,Private,Rural,101.01,34.0,never smoked,0
54888,Female,17.9,0,0,No,Govt_job,Urban,128.64,35.0,never smoked,0
50699,Female,49.8,0,0,Yes,Private,Urban,150.87,33.5,never smoked,0
48980,Male,80.7,0,0,Yes,Private,Rural,144.64,35.7,never smoked,0
6247,Female,49.5,0,0,Yes,Private,Urban,59.42,23.3,formerly smoked,0
48320,Male,43.4,0,0,No,Private,Rural,69.0,35.3,Unknown,0
54291,Female,52.3,1,0,Yes,Govt_job,Rural,127.31,25.1,smokes,0
28809,Female,74.7,0,0,Yes,Govt_job,Rural,109.09,11.0,Unknown,0
33398,Male,50.8,0,0,Yes,Private,Urban,55.09,25.0,Unknown,1
9539,Female,37.0,0,0,No,Private,Rural,66.97,24.3,never smoked,0
87773,Female,70.3,0,0,Yes,Private,Rural,55.0,30.3,smokes,0
33284,Male,55.4,0,0,Yes,Private,Rural,55.01,,Unknown,0
75491,Female,79.8,1,0,Yes,Private,Rural,77.04,29.9,never smoked,1
22812,Female,50.0,0,0,Yes,Self-employed,Rural,98.47,43.6,formerly smoked,0
63095,Female,19.1,0,0,No,Private,Rural,100.35,24.6,Unknown,0
32819,Female,15.9,0,0,No,Self-employed,Urban,117.98,13.6,Unknown,0
19836,Male,82.0,0,0,Yes,Self-employed,Rural,82.17,30.6,never smoked,0
43384,Female,82.0,0,1,Yes,Private,Urban,153.67,24.4,smokes,0
37700,Male,42.1,0,0,Yes,Private,Urban,141.54,20.4,smokes,0
61010,Male,37.6,0,0,Yes,Private,Urban,116.29,26.3,Unknown,0
38245,Male,78.2,0,0,No,Private,Urban,176.3,22.6,Unknown,0
65834,Male,21.6,0,0,No,Private,Rural,112.72,23.4,never smoked,0
78329,Male,26.3,0,0,Yes,Private,Urban,61.2,39.9,smokes,0
5691,Male,60.2,0,0,Yes,Self-employed,Urban,127.35,29.4,Unknown,0
86091,Female,37.3,0,0,Yes,Private,Rural,106.79,26.5,formerly smoked,0
77025,Female,45.9,0,0,No,Private,Urban,89.6,40.5,Unknown,0
61436,Male,42.4,0,0,Yes,Private,Urban,93.91,26.3,formerly smoked,1
16577,Female,53.4,0,0,No,Private,Rural,120.85,19.3,formerly smoked,0
506,Male,77.0,0,1,Yes,Private,Urban,114.76,18.6,smokes,0
92365,Female,48.0,0,0,No,Private,Rural,189.25,27.9,formerly smoked,0
7567,Male,60.2,0,0,No,Never_worked,Rural,109.83,16.2,never smoked,0
92045,Female,0.9,0,0,No,children,Urban,112.74,19.7,Unknown,0
58176,Male,44.9,0,0,Yes,Self-employed,Rural,106.34,,formerly smoked,0
98355,Female,27.4,0,0,No,Govt_job,Rural,224.77,37.0,Unknown,0
71687,Female,19.2,0,0,No,Govt_job,Rural,105.84,38.2,never smoked,0
6480,Male,26.7,0,0,Yes,Private,Urban,70.54,33.4,Unknown,0
86281,Male,38.6,0,0,No,Private,Urban,85.59,28.5,never smoked,0
88218,Male,66.1,1,0,No,Govt_job,Urban,127.73,24.2,Unknown,1
43861,Male,16.8,0,0,No,Govt_job,Rural,61.18,31.4,Unknown,0
61548,Female,46.7,0,0,No,Private,Rural,95.34,41.9,Unknown,0
32852,Male,35.3,0,0,Yes,Private,Rural,157.49,29.6,smokes,0
66897,Female,38.8,0,0,Yes,Private,Rural,93.48,25.0,never smoked,0
88350,Female,68.1,0,0,Yes,Private,Rural,172.63,27.3,Unknown,0
82221,Female,57.8,0,0,Yes,Govt_job,Rural,94.2,26.5,never smoked,0
91786,Female,75.4,0,0,Yes,Private,Urban,144.8,32.6,never smoked,0
35609,Female,42.6,0,0,Yes,Private,Urban,107.61,22.8,never smoked,0
79647,Male,30.7,0,0,No,Private,Urban,71.02,31.5,Unknown,0
44055,Female,41.1,0,0,Yes,Govt_job,Rural,187.17,32.8,Unknown,0
53852,Male,51.3,0,0,Yes,Self-employed,Urban,68.57,31.1,Unknown,0
57407,Female,49.9,0,0,Yes,Private,Urban,87.98,20.4,smokes,0
71575,Female,22.1,0,0,No,Private,Rural,195.5,27.4,smokes,0
64318,Male,48.0,0,1,Yes,Private,Rural,112.53,24.5,Unknown,0
22539,Female,51.0,0,0,No,Private,Urban,79.68,27.9,smokes,0
6376,Female,82.0,0,0,Yes,Private,Urban,106.12,23.5,never smoked,0
55213,Male,82.0,0,0,Yes,Private,Urban,126.32,37.8,Unknown,0
78999,Female,27.2,0,0,Yes,Private,Urban,93.34,29.9,Unknown,0
13271,Female,39.7,0,0,No,Govt_job,Urban,163.17,16.4,smokes,0
21287,Male,13.8,0,0,No,children,Rural,81.74,18.5,smokes,0
9167,Female,33.0,0,0,Yes,Private,Rural,55.0,37.5,Unknown,0
88638,Male,52.9,0,0,Yes,Self-employed,Urban,139.54,27.1,Unknown,0
21595,Male,72.5,0,0,Yes,Private,Urban,99.81,25.6,never smoked,0
5798,Female,30.0,0,0,Yes,Private,Rural,144.67,37.0,Unknown,0
19161,Female,31.6,0,0,Yes,Private,Urban,91.85,27.4,Unknown,0
12334,Female,0.1,0,0,No,children,Urban,119.79,19.5,Unknown,0
69213,Male,42.4,0,0,Yes,Govt_job,Rural,90.29,20.0,formerly smoked,0
56662,Female,22.6,0,0,No,Private,Urban,96.51,33.2,never smoked,0
14224,Male,34.4,0,0,No,Self-employed,Rural,62.61,43.7,never smoked,0
51277,Female,26.7,0,0,Yes,Self-employed,Rural,70.17,34.8,never smoked,0
46680,Male,43.9,0,0,Yes,Private,Rural,115.54,25.6,formerly smoked,0
54925,Female,7.3,0,0,No,children,Rural,139.53,26.8,Unknown,0
31512,Female,13.7,0,0,No,children,Rural,119.31,28.9,formerly smoked,0
42105,Female,82.0,0,1,No,Private,Rural,74.9,13.4,formerly smoked,1
23384,Female,17.7,0,0,No,Private,Urban,123.26,28.7,never smoked,0
29198,Male,21.9,0,0,No,Private,Urban,75.53,32.9,Unknown,0
56849,Female,82.0,1,0,Yes,Self-employed,Urban,122.92,41.8,Unknown,0
29994,Female,82.0,0,0,No,Private,Rural,81.95,36.7,never smoked,0
60241,Female,20.2,0,0,No,Govt_job,Urban,98.59,43.0,never smoked,0
24297,Female,37.9,0,0,Yes,Private,Rural,84.74,41.1,never smoked,0
91683,Male,53.5,0,0,Yes,Private,Urban,124.98,39.0,smokes,0
26905,Male,82.0,0,0,No,Private,Rural,89.23,28.7,Unknown,0
86471,Male,24.3,0,0,Yes,Self-employed,Urban,126.34,31.1,Unknown,0
45046,Female,40.6,0,0,No,Private,Rural,55.0,16.0,Unknown,0
15167,Female,63.1,1,0,Yes,Private,Rural,150.05,29.5,Unknown,0
7523,Male,55.6,0,1,No,Self-employed,Urban,74.68,32.7,formerly smoked,0
82391,Female,37.7,0,0,Yes,Private,Urban,168.19,26.4,never smoked,0
20546,Male,43.1,0,0,Yes,Private,Urban,91.41,16.9,formerly smoked,0
65088,Female,15.8,0,0,No,Private,Rural,156.77,40.4,never smoked,0
96083,Female,40.8,0,0,Yes,Private,Urban,55.0,31.5,never smoked,0
14392,Male,40.1,0,0,Yes,Private,Urban,148.82,,never smoked,0
23398,Female,51.1,0,0,Yes,Private,Rural,78.87,34.1,never smoked,0
1428,Male,33.8,0,0,Yes,Private,Rural,148.39,38.8,never smoked,0
41284,Female,56.4,0,0,No,Self-employed,Urban,103.79,37.2,Unknown,0
18450,Female,68.3,0,0,Yes,Govt_job,Rural,94.57,23.4,formerly smoked,0
5084,Female,49.4,0,0,No,Private,Urban,158.11,24.7,formerly smoked,0
16951,Female,53.7,0,0,Yes,Self-employed,Urban,86.39,25.3,never smoked,0
27455,Female,47.2,0,1,Yes,Self-employed,Urban,172.51,21.3,smokes,0
19076,Female,46.0,0,0,Yes,Private,Urban,96.0,41.7,Unknown,0
84313,Male,30.1,0,0,Yes,Private,Rural,106.62,28.8,never smoked,0
11069,Male,53.0,0,0,Yes,Self-employed,Rural,110.68,31.9,Unknown,0
63082,Female,43.9,0,0,Yes,Private,Rural,69.06,18.5,Unknown,0
88174,Female,82.0,0,0,Yes,Private,Rural,117.52,34.6,Unknown,0
85823,Female,80.6,0,0,Yes,Self-employed,Rural,78.82,25.4,smokes,0
65055,Male,54.5,0,0,No,Private,Urban,73.33,38.0,never smoked,0
23378,Male,29.2,0,0,No,Private,Rural,72.98,23.4,never smoked,0
81437,Female,21.5,0,0,No,Private,Urban,91.33,38.5,Unknown,0
25558,Female,72.2,0,0,Yes,Private,Rural,160.36,35.6,Unknown,0
26529,Female,51.8,0,0,Yes,Govt_job,Rural,82.1,25.0,smokes,0
90384,Female,56.6,0,0,Yes,Private,Urban,116.44,39.1,never smoked,0
89775,Female,7.6,0,0,No,children,Rural,155.66,37.1,never smoked,0
13698,Male,66.4,0,0,Yes,Private,Rural,96.16,32.2,formerly smoked,0
21840,Female,56.0,0,0,Yes,Self-employed,Rural,110.02,21.0,Unknown,0
43551,Female,21.6,0,0,No,Self-employed,Rural,164.69,34.5,never smoked,0
53912,Female,35.6,0,0,Yes,Private,Urban,124.06,29.0,never smoked,0
73464,Female,51.8,0,0,Yes,Private,Rural,118.93,28.9,smokes,0
87491,Female,47.2,0,0,Yes,Private,Rural,103.77,29.1,never smoked,0
46268,Female,39.6,0,0,No,Govt_job,Urban,170.75,28.3,never smoked,0
44583,Female,43.7,0,0,Yes,Private,Rural,91.57,22.0,never smoked,0
47923,Male,40.5,0,0,Yes,Private,Rural,87.4,17.1,formerly smoked,0
77078,Female,49.4,0,0,Yes,Self-employed,Urban,93.19,15.6,never smoked,0
18275,Male,78.4,1,0,Yes,Private,Rural,135.57,30.7,never smoked,1
55904,Female,0.1,0,0,No,children,Rural,113.93,11.0,formerly smoked,0
45057,Female,40.8,0,0,Yes,Private,Urban,75.84,33.9,Unknown,0
39326,Male,49.9,0,0,Yes,Private,Urban,132.72,32.3,smokes,0
27200,Male,52.5,0,0,Yes,Private,Urban,123.36,26.2,smokes,0
28116,Female,37.8,0,0,Yes,Private,Urban,82.28,36.2,smokes,0
92660,Male,7.4,0,0,No,children,Rural,116.92,26.5,Unknown,0
47549,Female,53.2,0,0,Yes,Private,Rural,142.91,31.6,never smoked,0
47500,Female,82.0,0,0,Yes,Private,Urban,94.88,13.8,never smoked,1
23700,Male,12.3,0,0,No,children,Rural,55.02,11.7,Unknown,0
56354,Male,65.0,0,0,Yes,Self-employed,Rural,100.61,26.7,never smoked,0
90504,Female,38.8,0,0,Yes,Private,Rural,92.94,31.7,never smoked,0
72804,Male,44.7,0,0,Yes,Private,Rural,55.0,35.6,never smoked,0
88858,Female,22.8,0,0,No,Private,Rural,88.02,27.2,Unknown,0
98544,Female,38.6,0,0,No,Private,Urban,70.4,30.3,Unknown,0
17426,Male,74.6,0,0,Yes,Govt_job,Urban,157.12,34.4,never smoked,1
20029,Female,58.8,0,0,Yes,Self-employed,Urban,157.74,27.5,never smoked,0
93123,Male,82.0,0,0,Yes,Private,Urban,120.47,32.9,never smoked,0
26431,Male,71.9,0,0,Yes,Private,Rural,98.52,20.0,never smoked,0
66843,Female,55.7,0,0,Yes,Private,Rural,91.32,16.1,never smoked,0
61696,Female,82.0,0,0,Yes,Private,Rural,139.24,24.5,never smoked,0
91213,Male,55.7,0,1,No,Private,Urban,96.1,34.3,Unknown,0
16741,Male,64.2,0,0,No,Private,Rural,102.3,23.2,Unknown,0
26296,Male,39.5,0,0,Yes,Private,Rural,112.56,33.4,never smoked,0
34569,Female,47.5,0,0,Yes,Private,Rural,170.03,20.8,never smoked,0
56328,Female,30.7,0,0,Yes,Govt_job,Urban,57.69,24.1,smokes,0
23888,Female,67.8,0,1,Yes,Self-employed,Rural,83.18,30.3,never smoked,0
81060,Female,20.1,0,0,No,Private,Urban,64.57,23.5,never smoked,0
90680,Female,63.2,0,0,Yes,Private,Rural,119.32,24.8,never smoked,0
89741,Male,41.8,0,0,Yes,Private,Urban,58.31,11.0,smokes,0
26668,Male,71.8,0,0,Yes,Private,Rural,78.62,34.8,never smoked,0
14741,Female,62.5,0,0,Yes,Self-employed,Urban,109.14,27.6,never smoked,0
15326,Female,82.0,1,0,Yes,Private,Rural,140.37,21.4,Unknown,1
99116,Male,62.1,0,0,Yes,Private,Urban,100.25,42.2,never smoked,0
32106,Female,11.4,0,0,No,children,Urban,79.09,22.6,Unknown,0
97230,Male,44.5,0,1,Yes,Private,Rural,92.57,24.6,formerly smoked,0
76133,Female,20.2,0,0,No,Private,Urban,91.07,21.3,never smoked,0
55761,Female,34.6,0,0,Yes,Private,Urban,138.43,36.8,never smoked,0
31219,Female,79.2,0,0,No,Govt_job,Rural,81.88,39.3,Unknown,0
72448,Male,60.0,0,0,Yes,Self-employed,Rural,135.52,38.5,never smoked,0
43579,Female,30.6,0,0,Yes,Private,Urban,99.54,38.4,never smoked,0
21660,Male,23.7,0,0,No,Private,Rural,146.77,24.0,never smoked,0
95273,Female,46.7,0,0,Yes,Private,Rural,106.51,41.0,Unknown,0
1743,Female,19.2,0,0,No,Private,Rural,85.12,27.0,Unknown,0
24720,Male,31.2,0,0,Yes,Govt_job,Urban,145.87,16.9,Unknown,0
71103,Female,52.9,0,0,Yes,Govt_job,Rural,197.58,25.3,never smoked,0
4091,Female,71.4,0,0,Yes,Private,Rural,108.92,30.9,never smoked,0
23361,Female,59.4,0,0,Yes,Govt_job,Rural,138.98,23.7,never smoked,0
44175,Male,0.1,0,0,No,children,Rural,107.34,29.6,never smoked,0
22900,Female,52.7,0,0,Yes,Private,Rural,80.85,32.5,Unknown,0
3960,Female,47.6,0,0,Yes,Self-employed,Urban,148.92,31.6,smokes,0
49632,Male,55.1,0,0,No,Private,Urban,67.9,33.4,never smoked,0
28757,Male,81.6,0,0,No,Private,Rural,64.67,27.1,Unknown,0
21833,Male,0.6,0,0,No,children,Urban,149.54,23.0,never smoked,0
89161,Male,33.0,0,0,Yes,Private,Urban,93.83,17.5,formerly smoked,0
68651,Male,59.0,0,0,Yes,Self-employed,Rural,70.79,27.8,never smoked,0
53390,Female,11.2,0,0,No,children,Rural,172.83,24.5,formerly smoked,0
95396,Female,78.5,1,0,Yes,Private,Rural,137.91,27.6,never smoked,0
58485,Male,54.1,0,0,Yes,Private,Rural,100.28,13.0,never smoked,0
71242,Male,64.6,0,0,Yes,Private,Rural,115.65,,Unknown,0
1208,Male,33.4,0,0,Yes,Private,Urban,111.08,32.3,Unknown,0
60552,Female,63.9,0,0,No,Private,Rural,129.2,16.2,formerly smoked,0
10565,Female,69.5,0,1,Yes,Private,Rural,98.97,27.1,Unknown,0
42352,Female,51.1,0,0,Yes,Private,Urban,132.95,22.3,never smoked,0
35053,Male,51.2,0,0,Yes,Private,Urban,108.57,21.8,formerly smoked,0
80493,Female,51.9,0,0,Yes,Self-employed,Urban,55.0,29.1,never smoked,0
42807,Male,27.0,0,0,Yes,Private,Rural,86.74,28.7,never smoked,0
40800,Female,42.8,0,0,Yes,Self-employed,Rural,124.78,32.6,formerly smoked,0
53764,Female,42.6,0,0,Yes,Self-employed,Rural,64.12,20.2,Unknown,0
51974,Female,54.4,0,0,Yes,Private,Rural,108.59,21.9,Unknown,0
19171,Male,68.0,0,0,No,Private,Rural,93.91,36.9,formerly smoked,0
88055,Male,22.7,0,0,No,Private,Rural,174.02,26.8,formerly smoked,0
75552,Female,43.2,0,0,Yes,Private,Urban,134.48,31.2,smokes,0
88963,Female,78.6,0,1,Yes,Private,Rural,65.26,24.8,Unknown,0
41937,Female,29.6,0,0,Yes,Private,Rural,126.87,31.9,never smoked,0
46026,Female,27.9,0,0,Yes,Private,Urban,93.27,11.0,formerly smoked,0
32134,Female,50.5,0,0,No,Private,Rural,105.45,37.1,Unknown,0
88574,Male,64.6,0,0,No,Govt_job,Urban,93.64,25.1,smokes,0
79411,Male,46.3,0,0,No,Private,Urban,175.92,19.1,Unknown,0
73237,Female,75.2,0,0,Yes,Private,Urban,170.9,20.5,formerly smoked,0
40322,Female,64.8,0,0,Yes,Private,Rural,81.72,26.5,Unknown,0
49554,Female,64.5,0,0,Yes,Private,Urban,146.75,27.7,Unknown,1
59807,Male,58.2,0,0,No,Govt_job,Urban,85.97,,formerly smoked,0
23986,Female,82.0,1,0,Yes,Self-employed,Rural,88.09,19.6,never smoked,0
35089,Male,41.5,0,0,Yes,Private,Rural,108.63,35.0,smokes,0
20466,Female,1.9,0,0,No,children,Rural,103.52,24.6,never smoked,0
66145,Male,81.3,0,0,Yes,Private,Urban,75.56,24.2,never smoked,0
58942,Female,35.9,1,0,No,Govt_job,Rural,67.1,26.8,formerly smoked,1
82620,Male,48.4,0,0,Yes,Private,Urban,105.38,33.5,formerly smoked,0
35362,Male,74.8,0,1,No,Private,Rural,75.57,28.2,Unknown,0
25673,Female,10.8,0,0,No,children,Rural,95.78,,never smoked,0
63015,Female,18.5,0,0,No,Govt_job,Urban,151.68,26.1,never smoked,0
63666,Male,10.8,0,0,No,children,Rural,98.03,37.6,smokes,0
79636,Male,28.5,0,0,Yes,Private,Rural,58.05,36.4,smokes,0
88812,Female,55.7,0,0,Yes,Private,Urban,145.71,31.2,never smoked,0
78651,Female,57.5,0,0,No,Private,Urban,121.2,29.6,never smoked,1
87214,Female,52.1,1,0,No,Private,Rural,145.58,45.9,never smoked,0
30468,Male,14.9,0,0,No,Private,Urban,102.86,32.0,Unknown,0
71177,Male,0.1,0,0,No,children,Urban,102.64,29.9,never smoked,0
19345,Female,47.2,0,0,Yes,Private,Urban,202.04,27.0,formerly smoked,0
55457,Male,35.6,0,0,No,Private,Urban,121.52,31.2,Unknown,0
81187,Male,56.1,0,0,Yes,Private,Urban,144.88,11.0,never smoked,0
48694,Male,61.4,0,0,Yes,Govt_job,Rural,259.37,36.2,Unknown,0
19603,Female,49.0,0,0,Yes,Private,Urban,199.8,19.0,Unknown,0
63049,Female,62.7,0,0,No,Govt_job,Rural,69.18,23.1,formerly smoked,0
37838,Female,51.0,0,0,Yes,Private,Rural,74.53,18.0,Unknown,0
55339,Female,57.7,0,0,Yes,Self-employed,Rural,64.59,23.0,never smoked,0
41791,Female,30.5,0,0,Yes,Private,Rural,102.15,25.9,Unknown,0
53125,Female,42.0,0,0,Yes,Private,Rural,216.11,35.2,never smoked,0
31554,Female,50.3,0,0,Yes,Govt_job,Urban,55.0,38.2,never smoked,0
86443,Male,64.1,0,0,Yes,Private,Rural,85.75,43.1,never smoked,0
33128,Female,37.3,0,0,Yes,Private,Rural,102.78,29.3,formerly smoked,0
53827,Male,57.5,0,0,Yes,Private,Rural,72.16,26.9,never smoked,0
38788,Female,40.2,0,0,Yes,Private,Urban,94.58,34.3,never smoked,0
52790,Female,43.4,0,0,Yes,Private,Rural,96.74,22.1,never smoked,0
5855,Female,64.2,0,0,No,Private,Rural,62.47,21.3,never smoked,0
62734,Male,2.2,0,0,No,children,Urban,136.13,25.7,never smoked,0
24851,Male,17.5,0,0,No,Private,Rural,94.96,28.2,smokes,0
96135,Female,13.4,0,0,No,children,Urban,70.17,13.0,smokes,0
35799,Male,0.1,0,0,No,children,Urban,103.34,36.5,smokes,0
19496,Female,31.1,0,0,Yes,Private,Rural,134.5,30.3,smokes,0
2679,Female,62.5,0,0,Yes,Private,Rural,100.2,,never smoked,0
91839,Female,39.7,0,0,Yes,Private,Rural,72.47,,never smoked,0
15605,Female,50.4,0,0,Yes,Private,Urban,109.82,23.5,Unknown,0
91654,Female,70.0,0,0,Yes,Private,Rural,194.7,23.1,formerly smoked,0
25310,Male,75.2,0,0,No,Private,Urban,84.49,27.0,smokes,1
28482,Female,44.5,0,0,Yes,Govt_job,Urban,76.2,28.2,never smoked,0
97781,Male,75.8,0,0,No,Private,Urban,88.92,35.0,formerly smoked,0
16262,Female,48.0,0,0,Yes,Private,Urban,78.1,29.2,formerly smoked,0
80279,Female,27.6,0,0,Yes,Govt_job,Urban,79.23,,Unknown,0
33490,Female,32.9,0,0,Yes,Self-employed,Rural,67.48,44.9,Unknown,1
42564,Male,13.4,0,0,No,children,Urban,144.68,,smokes,0
78387,Male,26.5,0,0,Yes,Private,Rural,130.34,,Unknown,0
14321,Female,38.1,0,0,Yes,Self-employed,Urban,92.66,14.4,smokes,0
87885,Male,63.7,0,0,Yes,Private,Urban,83.39,29.2,Unknown,0
7420,Female,82.0,1,1,Yes,Private,Urban,125.77,33.7,Unknown,1
82338,Female,15.6,0,0,No,Private,Urban,109.13,20.0,never smoked,0
51523,Female,54.6,0,0,Yes,Private,Urban,107.8,33.2,never smoked,0
96904,Female,23.1,0,0,No,Private,Urban,159.8,29.1,Unknown,0
89515,Female,56.4,0,0,Yes,Private,Rural,122.46,15.2,smokes,0
53540,Male,43.1,0,0,Yes,Private,Urban,272.0,33.2,formerly smoked,0
66008,Female,5.7,0,0,No,children,Rural,86.09,26.5,Unknown,0
55888,Male,66.4,0,0,Yes,Private,Urban,197.66,20.1,never smoked,1
15890,Male,32.7,0,0,No,Self-employed,Rural,120.4,35.7,Unknown,0
69586,Male,34.3,0,0,Yes,Private,Rural,71.41,35.5,formerly smoked,0
59863,Male,22.5,0,0,No,Private,Rural,80.61,19.9,Unknown,0
84149,Male,31.6,0,0,Yes,Self-employed,Urban,127.75,30.7,smokes,0
61171,Female,55.4,0,0,Yes,Private,Rural,65.48,30.0,never smoked,0
14374,Female,41.8,0,0,Yes,Govt_job,Rural,100.11,28.0,Unknown,0
50768,Female,53.2,0,0,Yes,Private,Rural,223.7,24.6,formerly smoked,0
72563,Male,54.0,0,0,Yes,Private,Urban,55.0,27.4,Unknown,0
21141,Female,75.1,0,0,Yes,Govt_job,Rural,99.87,35.5,never smoked,0
28379,Female,38.5,0,0,No,Private,Rural,80.62,31.6,formerly smoked,0
88304,Male,13.5,0,0,No,children,Rural,200.46,14.0,Unknown,0
43077,Female,69.5,0,0,Yes,Private,Rural,97.36,12.4,Unknown,0
67160,Male,38.7,0,0,Yes,Private,Rural,76.23,14.6,Unknown,0
5264,Female,70.5,0,0,No,Private,Rural,65.82,18.3,Unknown,0
26491,Female,54.4,0,0,No,Private,Rural,68.85,22.8,never smoked,0
66012,Female,43.1,0,0,Yes,Private,Urban,189.39,25.1,Unknown,0
51206,Female,53.7,0,0,No,Self-employed,Rural,55.0,28.0,Unknown,0
86667,Female,82.0,0,1,Yes,Private,Rural,121.91,,Unknown,0
96226,Female,82.0,0,0,Yes,Private,Urban,165.23,,Unknown,0
41976,Female,47.5,0,0,No,Private,Urban,99.44,,Unknown,0
30346,Male,49.5,0,0,Yes,Private,Rural,69.28,15.9,Unknown,0
76634,Male,69.7,0,0,Yes,Private,Rural,121.76,31.0,smokes,1
7366,Female,27.4,0,0,Yes,Private,Urban,74.57,31.0,never smoked,0
26037,Female,53.3,0,0,No,Private,Rural,82.79,19.0,Unknown,0
89085,Female,45.4,0,0,Yes,Govt_job,Urban,77.8,32.5,never smoked,0
8392,Male,52.9,1,0,Yes,Govt_job,Rural,87.05,31.3,formerly smoked,0
91579,Male,27.7,0,0,Yes,Private,Urban,141.56,28.2,never smoked,0
76326,Female,11.0,0,0,No,children,Urban,95.46,11.0,never smoked,0
1236,Female,0.4,0,0,No,children,Rural,124.44,35.7,Unknown,0
58830,Male,21.4,0,0,No,Private,Rural,124.35,30.2,formerly smoked,0
1398,Male,35.9,0,0,Yes,Private,Urban,102.25,31.5,formerly smoked,0
63428,Female,39.5,0,0,Yes,Govt_job,Rural,168.7,11.0,formerly smoked,0
42170,Male,82.0,0,1,No,Private,Urban,72.43,24.5,smokes,0
9703,Female,70.3,0,0,No,Private,Rural,98.28,17.7,never smoked,0
38228,Female,24.8,0,0,Yes,Private,Urban,55.0,38.2,formerly smoked,0
62790,Male,53.6,0,0,Yes,Private,Urban,104.63,20.2,never smoked,0
88474,Female,37.0,0,0,Yes,Private,Rural,138.47,39.6,Unknown,0
66265,Female,39.7,0,0,Yes,Private,Urban,62.31,35.6,never smoked,0
47528,Male,50.1,0,0,Yes,Private,Urban,83.91,30.2,Unknown,0
24150,Male,59.6,0,0,Yes,Private,Rural,78.29,37.0,never smoked,0
76380,Female,38.5,0,0,Yes,Self-employed,Rural,55.0,21.4,never smoked,0
18327,Male,69.4,0,0,Yes,Never_worked,Urban,69.0,22.8,Unknown,0
13248,Male,20.9,0,0,No,Private,Rural,127.68,35.4,smokes,0
30650,Female,46.1,0,0,Yes,Private,Rural,100.7,21.5,never smoked,0
11231,Male,82.0,0,1,No,Private,Rural,114.09,18.6,smokes,0
69057,Male,50.9,0,0,Yes,Govt_job,Urban,138.66,26.1,never smoked,0
16887,Female,77.5,0,0,Yes,Private,Rural,183.32,21.9,never smoked,0
10155,Female,48.0,0,1,Yes,Self-employed,Rural,68.83,42.5,never smoked,0
36584,Male,58.8,0,0,Yes,Private,Urban,122.64,34.3,never smoked,0
24678,Male,44.8,0,0,Yes,Private,Rural,82.77,24.2,never smoked,0
84454,Female,42.3,0,0,Yes,Private,Rural,71.05,21.0,formerly smoked,0
60544,Female,28.9,0,0,Yes,Private,Urban,92.19,31.0,Unknown,0
31708,Male,55.5,0,0,Yes,Private,Rural,124.61,37.4,formerly smoked,0
91564,Female,27.3,0,0,Yes,Private,Urban,103.95,30.7,formerly smoked,0
28248,Female,60.6,0,0,No,Private,Urban,88.14,,never smoked,0
36196,Male,69.9,0,0,Yes,Private,Urban,129.12,17.7,Unknown,0
75947,Male,54.1,0,0,Yes,Self-employed,Urban,125.68,25.7,never smoked,0
98382,Male,39.7,0,0,Yes,Private,Rural,86.26,30.9,never smoked,0
60999,Male,56.0,0,1,No,Private,Rural,122.26,25.0,Unknown,0
25390,Female,39.2,0,0,Yes,Private,Urban,102.95,36.1,formerly smoked,0
59526,Male,66.6,0,0,Yes,Govt_job,Rural,78.47,32.5,never smoked,0
26010,Female,5.7,0,0,No,children,Urban,125.43,30.3,Unknown,0
65976,Female,38.6,0,0,No,Private,Rural,126.84,32.3,never smoked,0
76671,Male,2.2,0,0,No,children,Rural,66.88,18.1,never smoked,0
84627,Male,13.1,0,0,No,children,Rural,121.95,24.8,smokes,0
76061,Male,76.0,0,0,Yes,Govt_job,Urban,144.97,20.7,Unknown,0
90218,Female,65.7,0,0,Yes,Self-employed,Rural,69.38,31.4,Unknown,0
54760,Male,30.2,0,0,Yes,Private,Urban,109.32,20.8,smokes,0
83679,Male,12.9,0,0,No,children,Rural,69.9,29.1,never smoked,0
43188,Male,0.1,0,0,No,children,Rural,72.27,27.3,smokes,0
2001,Male,34.0,0,0,Yes,Self-employed,Urban,56.36,33.0,Unknown,0
48213,Female,82.0,0,0,Yes,Self-employed,Urban,151.63,19.5,smokes,1
91420,Male,55.6,0,0,No,Private,Urban,145.46,31.9,never smoked,0
22025,Male,33.7,0,0,Yes,Private,Urban,148.42,20.5,Unknown,0
93711,Male,56.2,0,0,No,Self-employed,Urban,89.25,21.3,Unknown,0
10277,Male,11.7,0,0,No,children,Rural,138.53,27.4,never smoked,0
15928,Male,39.5,0,0,Yes,Private,Urban,70.86,37.5,smokes,0
51109,Female,48.2,0,0,Yes,Private,Rural,66.53,22.2,Unknown,0
58606,Female,44.1,0,0,Yes,Self-employed,Urban,89.84,15.2,never smoked,0
61423,Male,63.4,0,0,Yes,Private,Rural,142.31,,Unknown,0
19155,Male,53.6,0,0,Yes,Private,Urban,110.5,25.6,never smoked,0
35101,Male,60.7,0,0,Yes,Private,Rural,86.09,,never smoked,0
11531,Female,30.9,0,0,Yes,Private,Rural,84.55,31.4,Unknown,0
84896,Female,65.8,0,0,Yes,Private,Urban,151.73,22.9,Unknown,0
75899,Male,81.8,0,0,Yes,Private,Urban,130.53,27.4,never smoked,0
89565,Male,24.7,0,0,No,Private,Urban,154.55,40.3,Unknown,0
8468,Female,26.5,0,0,Yes,Govt_job,Rural,150.77,26.7,Unknown,0
64876,Male,75.4,0,0,Yes,Private,Rural,55.0,26.8,Unknown,0
91571,Female,41.8,1,0,Yes,Private,Rural,152.39,25.5,formerly smoked,0
67861,Female,76.9,1,0,Yes,Private,Rural,139.38,33.7,Unknown,0
90341,Female,36.3,0,0,No,Govt_job,Urban,73.41,24.6,Unknown,0
82077,Female,78.0,0,0,Yes,Private,Urban,89.66,35.0,Unknown,0
9830,Female,48.9,0,0,No,Govt_job,Urban,96.28,36.5,formerly smoked,0
76271,Male,51.7,0,0,No,Private,Urban,181.76,33.1,formerly smoked,0
28922,Male,80.4,0,0,Yes,Self-employed,Urban,104.34,,never smoked,0
3611,Male,38.0,0,0,Yes,Private,Urban,129.41,18.0,never smoked,0
12031,Female,25.3,0,0,Yes,Govt_job,Rural,143.63,26.8,Unknown,0
80956,Female,36.1,0,0,Yes,Private,Urban,87.66,23.5,smokes,0
63742,Female,56.0,0,0,No,Private,Rural,150.35,22.7,smokes,0
67054,Male,11.6,0,0,No,children,Rural,100.39,26.7,never smoked,0
99531,Female,60.0,0,0,No,Private,Urban,224.92,32.1,Unknown,0
46895,Male,34.1,0,0,Yes,Govt_job,Urban,72.99,23.8,formerly smoked,0
65505,Male,71.3,1,0,Yes,Self-employed,Rural,105.03,18.2,Unknown,0
54043,Male,0.1,0,0,No,children,Rural,145.99,21.3,never smoked,0
70984,Female,28.7,0,0,Yes,Govt_job,Rural,79.53,41.2,never smoked,0
20858,Female,8.9,0,0,No,children,Urban,134.25,32.6,never smoked,0
4630,Female,27.8,0,0,Yes,Self-employed,Urban,91.42,21.3,never smoked,0
98952,Female,51.4,0,0,Yes,Private,Rural,69.07,38.2,smokes,0
77251,Male,42.1,0,0,No,Private,Rural,64.5,26.7,Unknown,0
31775,Female,40.4,0,0,Yes,Govt_job,Urban,109.09,45.6,formerly smoked,0
59436,Male,42.5,0,0,Yes,Private,Urban,119.6,30.5,Unknown,0
64612,Female,50.5,1,0,Yes,Private,Rural,79.68,32.7,Unknown,0
19599,Male,23.8,0,0,No,Self-employed,Urban,123.22,34.8,Unknown,0
41490,Male,61.6,0,0,Yes,Private,Urban,62.67,39.6,smokes,0
90592,Female,60.6,0,0,Yes,Private,Rural,88.14,25.2,formerly smoked,0
79400,Male,54.5,0,0,Yes,Private,Rural,99.55,39.0,smokes,0
30094,Female,58.2,0,0,Yes,Self-employed,Urban,96.81,,never smoked,0
40456,Male,52.5,0,0,Yes,Private,Urban,107.25,25.8,never smoked,0
76063,Male,82.0,0,0,Yes,Private,Rural,98.21,28.6,never smoked,0
60177,Male,44.1,0,0,Yes,Private,Urban,93.59,35.4,formerly smoked,0
1569,Male,39.2,1,0,Yes,Private,Rural,101.45,26.0,never smoked,0
27910,Female,29.4,0,0,Yes,Govt_job,Urban,82.03,40.9,formerly smoked,0
36978,Male,23.3,0,0,No,Private,Urban,124.09,38.4,Unknown,0
67835,Male,18.6,0,0,No,Private,Urban,93.88,28.8,never smoked,0
38139,Female,26.4,0,0,Yes,Private,Rural,78.88,21.3,never smoked,0
46560,Female,44.4,0,0,Yes,Private,Rural,121.39,36.0,formerly smoked,0
40470,Male,53.4,0,0,No,Private,Urban,115.21,12.8,formerly smoked,0
93563,Male,47.1,1,0,No,Private,Rural,78.59,34.1,never smoked,0
29539,Female,29.2,0,0,Yes,Private,Urban,160.08,22.3,smokes,0
11853,Male,65.8,1,0,Yes,Private,Rural,96.46,37.9,never smoked,0
34125,Male,62.3,0,0,Yes,Private,Urban,89.79,18.1,formerly smoked,0
5448,Female,42.5,0,0,Yes,Self-employed,Urban,100.7,23.5,smokes,0
3488,Female,31.6,0,0,No,Private,Rural,113.96,31.8,formerly smoked,0
80544,Male,58.1,0,0,Yes,Private,Rural,102.32,33.0,Unknown,0
27827,Male,50.1,0,0,Yes,Self-employed,Rural,76.49,23.8,never smoked,0
48612,Female,14.1,0,0,No,Self-employed,Urban,55.0,26.0,formerly smoked,0
75024,Female,44.5,0,0,Yes,Private,Urban,158.99,35.6,never smoked,0
47794,Male,51.8,0,0,Yes,Private,Urban,73.13,36.1,Unknown,0
27613,Male,26.2,0,0,Yes,Private,Urban,118.42,25.9,never smoked,0
7089,Male,50.2,0,0,No,Private,Urban,102.03,23.9,formerly smoked,0
80250,Female,14.0,0,0,No,Private,Rural,55.0,18.2,formerly smoked,0
52489,Male,75.4,1,0,No,Private,Urban,89.5,30.4,Unknown,0
76510,Female,73.5,0,0,Yes,Private,Rural,172.19,34.6,smokes,0
31967,Female,40.4,0,0,No,Private,Rural,55.51,29.6,formerly smoked,0
64296,Male,54.0,0,0,No,Private,Urban,90.97,21.6,smokes,0
50434,Male,0.1,0,0,No,children,Urban,113.93,41.9,Unknown,0
27051,Female,20.6,0,0,No,Govt_job,Urban,73.26,12.7,never smoked,0
7844,Male,39.5,0,0,Yes,Private,Urban,105.76,35.1,never smoked,0
65733,Female,22.4,0,0,No,Govt_job,Urban,122.02,30.1,never smoked,0
64962,Female,61.7,0,0,Yes,Private,Urban,116.75,32.0,formerly smoked,0
83980,Female,82.0,0,0,Yes,Never_worked,Urban,105.66,22.6,smokes,0
8734,Female,20.1,0,0,No,Private,Urban,95.9,27.4,Unknown,0
72607,Male,27.6,0,0,Yes,Private,Rural,74.26,30.7,smokes,0
96269,Male,51.2,0,0,No,Self-employed,Urban,120.75,27.9,never smoked,0
9683,Male,81.4,0,0,No,Private,Rural,101.36,15.0,formerly smoked,0
27457,Female,19.1,0,0,No,Private,Urban,180.3,41.3,formerly smoked,0
28436,Female,51.5,0,0,Yes,Private,Rural,131.01,33.4,smokes,0
45893,Female,82.0,1,0,Yes,Private,Rural,93.89,28.8,smokes,1
77370,Male,9.7,0,0,No,children,Urban,109.73,29.2,smokes,0
3482,Female,17.8,0,0,No,Private,Rural,66.72,41.1,Unknown,0
43271,Female,36.7,0,0,No,Govt_job,Rural,55.0,22.9,never smoked,0
49037,Male,34.5,0,0,Yes,Private,Rural,84.94,21.2,Unknown,0
23400,Male,63.9,0,0,Yes,Private,Rural,62.32,34.9,Unknown,0
10001,Female,51.3,0,0,Yes,Private,Rural,126.37,32.0,never smoked,0
44654,Female,7.0,0,0,No,children,Rural,174.43,20.9,Unknown,0
8034,Male,57.3,0,0,Yes,Private,Rural,144.51,36.7,never smoked,0
35226,Female,33.3,0,0,Yes,Govt_job,Urban,89.62,30.7,smokes,0
11748,Female,74.0,0,0,Yes,Private,Urban,128.24,21.8,never smoked,0
59386,Male,32.2,0,0,Yes,Self-employed,Urban,83.47,32.2,never smoked,0
43371,Female,32.0,0,0,No,Private,Rural,150.91,31.1,smokes,0
469,Female,57.9,0,0,Yes,Govt_job,Urban,122.04,27.8,formerly smoked,0
78682,Female,62.8,0,0,Yes,Private,Rural,100.84,31.4,never smoked,0
30683,Female,55.9,0,0,Yes,Govt_job,Urban,98.6,33.2,smokes,0
80073,Female,8.9,0,0,No,children,Rural,121.96,,formerly smoked,0
2352,Female,57.8,0,0,Yes,Govt_job,Rural,98.93,29.3,never smoked,0
62858,Female,23.2,0,0,No,Self-employed,Urban,141.77,26.5,Unknown,0
71001,Female,51.2,0,0,Yes,Private,Rural,88.99,30.3,Unknown,0
92837,Male,14.7,0,0,No,Private,Rural,95.29,37.4,never smoked,0
63845,Male,55.8,0,0,Yes,Private,Urban,97.15,33.2,Unknown,0
86680,Female,28.3,0,0,No,Private,Rural,92.95,26.0,Unknown,0
80151,Female,17.8,0,0,No,Private,Rural,75.93,28.9,formerly smoked,0
11541,Male,61.7,0,1,No,Private,Rural,86.78,41.0,Unknown,0
5399,Male,51.3,0,0,Yes,Private,Rural,100.25,34.1,Unknown,0
99175,Male,32.5,0,0,Yes,Private,Rural,97.76,29.6,Unknown,0
51766,Female,77.9,0,0,Yes,Private,Rural,166.06,37.1,never smoked,0
19540,Female,36.3,0,0,Yes,Private,Rural,114.13,24.4,Unknown,0
73026,Female,46.7,0,0,Yes,Govt_job,Rural,153.47,31.0,never smoked,0
53009,Male,51.9,0,0,Yes,Self-employed,Urban,59.62,42.6,Unknown,0
20914,Female,32.4,0,0,Yes,Private,Rural,135.48,33.4,never smoked,0
97418,Female,56.4,0,0,No,Private,Rural,114.14,40.7,Unknown,0
97815,Female,34.3,0,0,Yes,Private,Rural,97.27,27.9,Unknown,0
4345,Female,36.9,0,0,Yes,Private,Urban,73.84,24.9,formerly smoked,0
3300,Male,76.0,0,0,No,Private,Urban,125.54,37.2,formerly smoked,1
48544,Female,23.1,0,0,No,Private,Rural,119.6,14.8,never smoked,0
19322,Male,0.1,0,0,No,children,Rural,127.12,29.9,never smoked,0
7301,Male,81.4,0,0,Yes,Self-employed,Rural,86.04,36.2,Unknown,0
10047,Male,82.0,0,0,Yes,Private,Urban,141.55,32.7,Unknown,1
70220,Female,37.1,0,0,Yes,Private,Rural,122.71,12.7,Unknown,0
15856,Male,3.4,0,0,No,children,Rural,88.48,18.4,Unknown,0
8204,Male,39.2,0,1,No,Self-employed,Rural,160.19,27.6,smokes,0
22852,Female,39.7,0,0,Yes,Private,Rural,108.63,32.1,formerly smoked,0
115,Female,41.8,0,0,Yes,Self-employed,Rural,55.36,32.4,never smoked,0
38467,Male,21.5,0,0,No,Private,Urban,88.44,28.5,never smoked,0
63027,Female,58.8,0,0,Yes,Private,Urban,140.99,34.0,Unknown,0
58275,Female,57.5,0,0,Yes,Private,Urban,89.33,31.8,Unknown,0
60821,Female,13.1,0,0,No,children,Urban,102.58,27.5,never smoked,0
32848,Female,61.4,0,0,No,Private,Urban,142.41,32.5,formerly smoked,0
32684,Female,82.0,0,0,Yes,Govt_job,Rural,89.7,23.6,smokes,0
94587,Male,49.8,0,0,Yes,Govt_job,Rural,130.05,33.3,smokes,0
62900,Female,38.6,0,0,Yes,Private,Rural,67.5,22.1,smokes,0
18217,Male,42.9,0,0,Yes,Private,Urban,112.86,32.2,never smoked,0
55415,Female,59.5,0,0,Yes,Private,Urban,110.68,,smokes,0
24475,Female,7.9,0,0,No,children,Rural,116.09,26.3,Unknown,0
32185,Female,49.6,0,0,Yes,Private,Rural,120.73,33.3,never smoked,0
87753,Male,37.4,0,0,Yes,Private,Urban,104.01,40.1,smokes,0
81552,Male,82.0,0,0,Yes,Private,Urban,99.99,20.8,formerly smoked,0
89610,Female,42.2,0,0,Yes,Govt_job,Urban,102.42,35.7,Unknown,0
78059,Female,82.0,0,0,Yes,Private,Urban,158.09,36.6,Unknown,0
86046,Female,21.7,0,0,No,Private,Urban,107.36,26.9,smokes,0
61258,Female,58.9,0,0,Yes,Private,Urban,196.95,34.5,formerly smoked,0
6533,Male,53.0,0,0,Yes,Self-employed,Rural,120.55,26.6,Unknown,0
64175,Female,26.9,0,0,Yes,Private,Urban,107.37,37.9,never smoked,0
66886,Male,49.9,0,0,Yes,Private,Urban,69.46,11.0,formerly smoked,0
73126,Male,72.7,1,0,Yes,Private,Urban,140.98,39.3,never smoked,1
32949,Female,38.9,0,0,Yes,Private,Rural,94.31,20.2,never smoked,0
61588,Male,8.8,0,0,No,children,Rural,139.74,29.2,Unknown,0
8994,Female,45.6,0,1,No,Govt_job,Rural,80.79,22.4,never smoked,0
1626,Male,26.1,0,0,Yes,Private,Rural,102.25,39.7,Unknown,0
66021,Female,38.5,0,0,Yes,Govt_job,Rural,93.06,26.8,Unknown,0
8616,Male,44.2,0,0,Yes,Private,Urban,129.61,24.4,smokes,0
5328,Female,8.5,0,0,No,children,Urban,162.44,36.9,never smoked,0
19291,Female,10.5,0,0,No,children,Urban,101.53,34.0,formerly smoked,0
29789,Male,56.6,0,0,Yes,Govt_job,Rural,90.62,26.0,Unknown,0
87992,Female,34.5,0,0,Yes,Private,Rural,70.7,21.1,never smoked,0
2235,Female,0.1,0,0,No,children,Urban,87.33,20.1,never smoked,0
43655,Male,63.3,0,0,Yes,Self-employed,Rural,163.16,38.1,Unknown,0
36482,Female,52.0,0,0,Yes,Self-employed,Urban,102.02,31.6,smokes,0
5076,Male,30.3,0,0,Yes,Private,Rural,118.64,29.8,smokes,0
32882,Male,17.0,0,0,No,Private,Rural,63.22,32.2,never smoked,0
40702,Male,64.4,0,0,Yes,Private,Urban,62.38,13.9,never smoked,0
4842,Female,53.7,0,0,Yes,Private,Urban,59.9,26.1,never smoked,0
26918,Female,82.0,0,0,No,Private,Rural,148.94,26.3,smokes,1
538,Male,55.2,0,1,Yes,Private,Rural,103.32,35.9,Unknown,0
38806,Female,54.5,0,0,Yes,Private,Urban,79.82,17.5,Unknown,0
7704,Female,42.3,0,0,Yes,Private,Urban,134.31,36.4,smokes,1
92736,Female,64.0,0,0,Yes,Private,Rural,92.71,42.0,smokes,0
78012,Female,59.8,0,0,Yes,Private,Urban,139.57,15.6,Unknown,0
50292,Male,73.5,0,0,Yes,Private,Rural,101.46,28.6,formerly smoked,0
84743,Male,34.5,1,0,No,Govt_job,Rural,148.23,32.2,Unknown,0
45279,Male,36.4,0,0,Yes,Private,Urban,76.71,35.0,smokes,0
88988,Male,35.5,0,0,Yes,Self-employed,Urban,117.25,12.3,never smoked,0
51536,Female,63.4,0,0,Yes,Govt_job,Rural,126.61,31.0,smokes,0
87495,Female,79.0,0,0,Yes,Private,Urban,61.03,26.9,never smoked,0
95601,Female,35.9,0,0,Yes,Private,Urban,103.36,26.4,formerly smoked,0
94798,Male,36.7,0,0,No,Private,Rural,70.08,44.0,Unknown,0
46914,Female,52.9,0,0,Yes,Private,Urban,63.03,26.9,Unknown,0
85442,Female,40.6,0,0,Yes,Self-employed,Urban,94.95,31.9,never smoked,0
56523,Female,66.9,0,0,Yes,Private,Rural,118.88,27.6,Unknown,0
85207,Male,0.1,0,0,No,children,Rural,80.84,30.3,never smoked,0
95214,Male,27.8,0,0,No,Private,Urban,96.44,32.6,smokes,0
92373,Male,28.8,0,0,Yes,Private,Urban,84.66,35.2,never smoked,0
36029,Female,0.1,0,0,No,children,Urban,136.32,22.7,smokes,0
20241,Male,24.8,0,0,Yes,Private,Urban,152.49,29.6,Unknown,0
71574,Female,25.9,0,0,Yes,Private,Rural,210.5,29.9,never smoked,0
46844,Female,41.6,0,0,Yes,Self-employed,Urban,145.51,16.1,Unknown,0
9651,Female,70.5,0,0,Yes,Private,Rural,122.36,21.3,smokes,0
4891,Female,40.6,0,0,Yes,Govt_job,Rural,136.27,35.2,Unknown,0
51822,Female,23.3,0,0,No,Private,Urban,55.0,25.0,Unknown,0
92601,Female,44.7,0,0,Yes,Private,Rural,84.98,48.1,formerly smoked,1
54958,Female,69.1,0,0,Yes,Self-employed,Rural,94.31,35.7,never smoked,0
7837,Male,24.5,0,0,No,Self-employed,Urban,111.32,31.9,Unknown,0
44985,Male,26.0,0,0,Yes,Private,Rural,60.28,,smokes,0
79228,Male,58.3,0,0,Yes,Private,Urban,82.77,34.3,Unknown,0
55609,Male,41.1,0,0,No,Private,Rural,199.34,29.9,Unknown,0
68123,Female,60.2,0,0,No,Private,Rural,94.56,17.9,Unknown,0
3655,Male,45.7,0,0,Yes,Private,Rural,56.96,33.5,formerly smoked,0
98611,Female,61.4,0,0,Yes,Self-employed,Urban,87.9,39.0,formerly smoked,0
34605,Female,23.2,0,0,No,Private,Rural,108.81,24.1,Unknown,0
4455,Female,45.7,0,0,Yes,Self-employed,Rural,120.1,14.8,formerly smoked,0
93005,Male,41.4,0,0,Yes,Private,Rural,101.54,20.5,smokes,0
64244,Female,19.3,0,0,No,Private,Urban,116.04,41.7,smokes,0
1113,Male,11.6,0,0,No,children,Urban,82.37,29.1,never smoked,0
20390,Female,61.1,0,0,Yes,Private,Urban,153.97,39.4,Unknown,0
4245,Female,38.3,0,0,Yes,Govt_job,Rural,142.52,28.6,never smoked,0
27651,Female,23.5,0,0,No,Private,Urban,55.0,24.8,Unknown,0
14969,Female,43.9,0,0,Yes,Private,Urban,73.14,44.5,smokes,0
41212,Female,70.8,0,0,Yes,Govt_job,Urban,134.56,,never smoked,0
21566,Male,0.1,0,0,No,children,Rural,113.59,26.6,Unknown,0
86728,Female,13.1,0,0,No,children,Rural,111.61,32.0,Unknown,0
49344,Female,25.7,0,0,Yes,Govt_job,Urban,106.75,26.3,never smoked,0
75867,Male,78.1,0,0,Yes,Govt_job,Urban,145.71,34.3,never smoked,0
25824,Female,52.2,0,0,Yes,Private,Urban,112.38,31.8,formerly smoked,0
7963,Female,62.9,0,0,No,Govt_job,Rural,120.59,32.1,smokes,0
37471,Female,20.9,0,0,No,Private,Urban,107.77,23.9,never smoked,0
19707,Female,21.4,0,0,No,Self-employed,Urban,75.44,16.0,smokes,0
66809,Female,55.9,0,0,Yes,Private,Rural,137.6,22.3,formerly smoked,0
31749,Male,47.3,0,1,Yes,Govt_job,Urban,91.98,22.9,Unknown,0
80712,Female,58.1,0,0,Yes,Govt_job,Urban,91.67,30.7,Unknown,0
57676,Male,41.9,0,0,Yes,Private,Urban,97.75,22.4,never smoked,0
44356,Female,52.1,0,0,Yes,Self-employed,Urban,67.43,17.5,Unknown,0
37720,Male,49.5,0,0,Yes,Self-employed,Urban,188.45,19.9,formerly smoked,0
22681,Male,63.1,0,0,Yes,Self-employed,Urban,134.32,31.4,formerly smoked,0
59634,Female,63.8,0,0,Yes,Private,Urban,73.71,33.7,never smoked,0
45807,Female,10.4,0,0,No,children,Rural,167.31,24.7,Unknown,0
81579,Female,0.1,0,0,No,children,Urban,86.71,25.5,Unknown,0
49301,Male,68.0,0,0,No,Private,Rural,91.5,33.1,never smoked,0
62899,Male,72.1,0,0,Yes,Private,Urban,86.36,29.7,never smoked,0
23396,Female,23.5,0,0,No,Private,Rural,156.66,37.4,smokes,0
4182,Male,5.1,0,0,No,children,Urban,147.72,27.3,Unknown,0
83753,Female,48.2,0,0,Yes,Private,Rural,98.72,22.3,smokes,0
47193,Female,66.5,0,0,No,Govt_job,Urban,101.39,36.6,never smoked,0
32643,Male,82.0,0,0,Yes,Private,Urban,132.47,26.2,Unknown,0
392,Female,57.4,0,0,No,Private,Urban,131.21,22.6,formerly smoked,0
97411,Female,37.8,0,0,No,Private,Urban,103.38,35.2,formerly smoked,0
92338,Male,26.4,0,0,No,Private,Urban,104.39,39.4,never smoked,0
17572,Female,46.3,0,0,Yes,Private,Urban,135.09,29.9,never smoked,0
85202,Male,39.4,1,0,No,Private,Urban,66.51,21.0,smokes,0
2120,Female,23.7,0,0,No,Self-employed,Rural,117.94,40.0,Unknown,0
96394,Female,82.0,1,0,Yes,Self-employed,Urban,123.47,31.3,Unknown,0
78123,Female,82.0,0,0,Yes,Private,Urban,157.05,30.1,Unknown,0
81396,Male,71.0,0,0,Yes,Private,Urban,121.41,25.5,formerly smoked,0
4884,Female,25.7,0,1,No,Private,Rural,125.73,37.0,smokes,0
39779,Female,64.8,0,0,Yes,Self-employed,Urban,83.26,20.2,smokes,0
93483,Male,60.1,1,0,Yes,Private,Urban,93.18,19.5,formerly smoked,0
60657,Male,55.7,0,0,Yes,Private,Rural,117.04,42.7,never smoked,0
43439,Male,73.5,0,1,Yes,Private,Rural,55.0,22.0,Unknown,1
52953,Female,60.0,0,0,Yes,Never_worked,Urban,93.65,35.7,never smoked,0
60044,Female,62.3,0,0,Yes,Private,Urban,69.05,38.8,Unknown,0
46919,Female,60.0,0,0,Yes,Private,Urban,86.6,30.1,Unknown,0
33533,Male,53.5,0,0,Yes,Self-employed,Rural,55.0,21.9,never smoked,0
97627,Male,6.8,0,0,No,children,Rural,71.65,33.2,never smoked,0
39863,Male,47.8,0,0,Yes,Private,Urban,151.19,38.9,Unknown,0
78214,Female,33.8,0,0,Yes,Private,Urban,69.92,,smokes,0
92805,Female,17.8,0,0,No,Self-employed,Rural,77.95,22.9,smokes,0
42810,Female,82.0,1,0,No,Govt_job,Urban,96.91,30.8,never smoked,0
5282,Female,82.0,0,0,No,Private,Rural,126.05,18.1,Unknown,0
8609,Female,75.9,0,0,No,Private,Rural,97.81,21.2,smokes,1
35901,Female,51.6,0,0,No,Private,Urban,59.35,26.6,smokes,0
50145,Male,75.7,0,0,Yes,Private,Rural,55.0,29.0,Unknown,0
60563,Male,46.3,0,0,Yes,Self-employed,Urban,93.5,19.5,Unknown,0
44400,Male,50.5,0,0,No,Private,Rural,97.17,30.4,smokes,0
23113,Male,21.9,0,0,No,Private,Rural,137.96,32.4,Unknown,0
12578,Male,54.7,0,0,No,Private,Urban,72.43,26.9,Unknown,0
52048,Male,47.3,0,0,Yes,Private,Rural,163.31,12.3,Unknown,0
5083,Female,17.3,0,0,No,Private,Urban,59.59,29.3,Unknown,0
53517,Male,44.9,0,0,Yes,Private,Urban,59.8,42.1,never smoked,0
60322,Female,44.2,0,0,No,Private,Urban,92.57,31.9,Unknown,0
41437,Female,82.0,0,0,Yes,Private,Rural,136.45,28.6,Unknown,0
21118,Female,65.7,0,0,Yes,Govt_job,Rural,111.46,25.7,smokes,0
72754,Male,46.3,0,0,No,Private,Rural,71.5,32.8,smokes,0
1223,Male,51.5,0,0,Yes,Private,Urban,191.56,30.1,smokes,0
74811,Male,47.0,0,0,Yes,Govt_job,Rural,109.79,33.8,smokes,0
46875,Male,41.5,0,0,Yes,Private,Rural,113.26,,never smoked,0
69016,Male,22.2,0,0,No,Private,Urban,131.99,29.4,smokes,0
43406,Female,42.7,0,0,Yes,Private,Rural,114.55,25.0,formerly smoked,0
88412,Male,29.6,0,0,Yes,Never_worked,Rural,87.5,31.3,formerly smoked,0
42748,Male,18.5,0,0,No,Self-employed,Rural,171.38,13.9,Unknown,0
43355,Male,57.2,0,0,Yes,Govt_job,Urban,157.8,25.6,never smoked,0
39255,Female,54.6,0,0,No,Govt_job,Urban,181.54,32.6,Unknown,0
39734,Female,6.7,0,0,No,children,Urban,90.7,33.8,smokes,0
42870,Male,43.3,0,0,Yes,Private,Rural,169.04,28.3,Unknown,0
98504,Female,67.9,0,0,Yes,Self-employed,Rural,70.27,12.3,never smoked,0
93034,Female,69.3,0,0,Yes,Private,Rural,104.04,33.3,never smoked,0
9522,Female,68.6,0,0,No,Private,Rural,130.61,40.4,smokes,1
97887,Female,46.9,0,0,Yes,Private,Rural,64.75,22.2,formerly smoked,0
39960,Female,27.4,0,0,Yes,Private,Rural,176.98,25.3,Unknown,0
61058,Male,22.2,0,0,No,Private,Rural,87.65,34.5,smokes,0
58588,Male,53.6,0,0,No,Private,Urban,160.2,34.7,formerly smoked,0
40735,Male,54.3,0,0,Yes,Self-employed,Rural,67.0,36.7,Unknown,0
68229,Female,74.3,1,0,Yes,Govt_job,Urban,111.24,36.1,never smoked,1
49955,Female,70.2,1,0,Yes,Govt_job,Rural,89.91,17.0,never smoked,0
67807,Female,43.1,0,0,No,Private,Urban,82.12,24.9,Unknown,0
25325,Female,18.6,0,0,No,Private,Urban,69.68,33.2,never smoked,0
83481,Female,39.0,0,0,Yes,Private,Urban,67.94,27.9,smokes,0
78677,Male,50.8,0,0,No,Private,Rural,72.5,31.2,smokes,0
95939,Male,41.6,0,0,Yes,Private,Rural,71.7,27.5,never smoked,0
57418,Female,33.3,0,0,Yes,Private,Rural,148.19,25.2,never smoked,0
54047,Female,51.6,1,0,Yes,Private,Rural,163.58,26.7,never smoked,0
92821,Female,34.9,0,0,No,Govt_job,Rural,63.67,20.1,never smoked,0
93398,Female,32.2,0,0,Yes,Self-employed,Rural,95.27,23.1,never smoked,0
32794,Female,52.9,0,0,Yes,Private,Rural,147.11,28.0,never smoked,0
32971,Female,37.2,0,0,No,Private,Rural,125.44,28.1,Unknown,0
94091,Female,51.4,0,0,Yes,Private,Urban,92.89,32.8,Unknown,0
42606,Female,52.0,0,0,Yes,Private,Rural,82.98,26.4,never smoked,0
17125,Male,20.9,0,0,No,Private,Urban,64.07,41.1,smokes,0
15405,Female,35.4,0,0,Yes,Govt_job,Rural,173.61,37.7,formerly smoked,0
87527,Female,77.6,0,0,Yes,Private,Rural,113.89,24.7,never smoked,0
84195,Female,20.4,0,0,No,Govt_job,Rural,107.26,30.0,never smoked,0
77984,Female,0.1,0,0,No,children,Urban,76.01,37.6,smokes,0
79725,Female,5.0,0,0,No,children,Urban,100.42,23.7,never smoked,0
33628,Male,46.6,0,0,No,Govt_job,Rural,147.89,22.9,Unknown,0
33560,Male,46.7,0,0,Yes,Private,Rural,61.71,38.2,Unknown,0
81825,Male,43.4,0,0,Yes,Govt_job,Rural,75.54,33.7,Unknown,0
1338,Female,72.7,0,0,Yes,Private,Rural,65.99,36.6,Unknown,0
53557,Female,0.1,0,0,No,children,Urban,160.82,30.9,never smoked,0
80772,Female,54.7,0,0,Yes,Private,Rural,60.87,26.6,smokes,0
66240,Female,80.4,0,0,Yes,Self-employed,Urban,112.01,,never smoked,0
46740,Male,21.2,0,0,No,Private,Rural,66.25,29.5,formerly smoked,0
37552,Female,37.6,0,0,Yes,Self-employed,Rural,108.13,,never smoked,1
31590,Female,29.4,0,0,Yes,Private,Rural,65.51,37.8,never smoked,0
18395,Female,26.3,0,0,No,Self-employed,Rural,85.32,36.5,Unknown,0
80866,Female,38.8,0,0,Yes,Govt_job,Rural,169.62,34.4,never smoked,0
95461,Male,77.4,0,0,Yes,Govt_job,Urban,119.24,45.1,never smoked,0
40530,Female,82.0,1,0,Yes,Private,Urban,114.22,16.9,Unknown,1
83997,Female,38.6,0,0,Yes,Private,Rural,116.48,30.2,never smoked,0
48082,Female,82.0,0,0,Yes,Private,Urban,174.52,21.5,never smoked,1
5453,Male,46.8,1,0,Yes,Private,Rural,116.57,40.1,never smoked,0
84254,Female,82.0,0,0,Yes,Private,Rural,144.53,24.4,formerly smoked,0
76056,Male,43.9,0,0,Yes,Private,Urban,146.06,36.1,Unknown,0
46529,Female,48.9,0,0,No,Private,Urban,139.48,25.1,Unknown,0
71860,Female,54.0,0,0,Yes,Private,Urban,214.74,31.7,Unknown,0
73826,Male,82.0,0,0,Yes,Private,Rural,126.65,,formerly smoked,0
45856,Female,64.7,0,0,No,Govt_job,Urban,141.36,28.4,Unknown,0
2545,Female,30.4,0,0,Yes,Self-employed,Rural,85.85,31.0,Unknown,0
51114,Female,67.3,0,0,Yes,Govt_job,Urban,103.49,35.4,Unknown,0
82202,Female,38.0,0,0,Yes,Govt_job,Urban,101.79,27.7,never smoked,0
36052,Female,35.2,0,0,No,Private,Urban,75.43,35.2,smokes,0
29761,Male,66.0,0,0,Yes,Private,Rural,78.17,36.3,never smoked,0
42236,Female,46.7,1,0,Yes,Private,Urban,109.24,25.4,formerly smoked,0
73467,Female,52.1,0,0,Yes,Self-employed,Rural,110.37,42.6,Unknown,0
18908,Female,46.3,0,0,Yes,Self-employed,Rural,172.27,34.1,Unknown,0
89635,Male,53.4,0,0,No,Private,Rural,75.37,25.3,Unknown,0
74609,Female,55.3,0,0,No,Govt_job,Rural,73.95,,never smoked,0
85877,Female,3.4,0,0,No,children,Rural,62.32,36.3,formerly smoked,0
43244,Male,60.7,0,0,Yes,Private,Rural,132.98,32.9,Unknown,0
63758,Male,24.4,0,0,Yes,Private,Rural,186.02,30.0,never smoked,0
3636,Male,14.3,0,0,No,Govt_job,Rural,99.25,11.0,never smoked,0
5718,Female,44.7,0,0,Yes,Private,Urban,112.13,21.2,formerly smoked,0
65294,Female,47.8,0,0,Yes,Private,Rural,99.97,33.6,Unknown,0
76286,Female,30.7,0,0,No,Self-employed,Urban,128.54,21.1,formerly smoked,0
31912,Male,64.3,0,0,No,Self-employed,Rural,70.25,32.4,never smoked,0
79753,Female,16.5,0,0,No,Private,Rural,119.37,35.1,smokes,0
28878,Female,37.0,0,0,Yes,Govt_job,Urban,99.93,27.7,Unknown,0
76242,Female,33.1,0,0,No,Private,Rural,134.6,15.3,smokes,0
39297,Male,45.0,0,0,Yes,Private,Rural,132.95,23.0,never smoked,0
56518,Male,52.1,1,0,Yes,Private,Rural,122.82,33.6,never smoked,0
80203,Female,23.8,0,0,No,Private,Rural,94.52,37.9,formerly smoked,0
85211,Male,61.9,1,0,No,Private,Rural,84.32,12.9,never smoked,0
2825,Male,47.4,0,0,Yes,Private,Rural,131.96,29.1,never smoked,0
55272,Female,4.4,0,0,No,children,Urban,104.62,17.5,Unknown,0
90070,Female,2.9,0,0,No,children,Urban,103.86,29.2,Unknown,0
79052,Male,45.7,0,0,Yes,Govt_job,Urban,89.53,27.3,never smoked,0
41792,Female,41.1,0,0,Yes,Private,Rural,162.6,46.2,smokes,0
5542,Female,43.7,0,0,Yes,Self-employed,Urban,165.17,,formerly smoked,0
49109,Female,45.4,0,0,Yes,Private,Rural,91.92,36.4,formerly smoked,0
79729,Male,51.0,0,0,Yes,Private,Urban,79.9,36.1,smokes,0
95402,Female,66.8,1,0,Yes,Private,Urban,102.69,27.0,formerly smoked,0
93901,Male,21.6,0,0,No,Private,Rural,82.04,29.4,formerly smoked,0
52774,Female,20.2,0,0,No,Private,Urban,118.47,28.5,never smoked,0
22103,Female,21.9,0,0,No,Govt_job,Rural,103.45,,Unknown,0
55927,Male,52.4,0,0,Yes,Private,Urban,129.84,22.3,smokes,0
68143,Female,73.4,0,0,Yes,Self-employed,Rural,92.3,25.4,never smoked,0
53429,Female,36.5,0,0,Yes,Private,Urban,220.72,20.0,formerly smoked,0
88023,Female,0.1,0,0,No,children,Urban,63.4,24.7,never smoked,0
64469,Male,8.5,0,0,No,children,Urban,102.22,,formerly smoked,0
17028,Female,27.7,0,0,Yes,Private,Rural,204.43,29.7,never smoked,0
34101,Female,33.7,0,0,No,Self-employed,Urban,130.48,31.8,smokes,0
82738,Female,37.0,0,0,No,Private,Rural,97.25,27.0,smokes,0
44342,Female,46.8,0,0,Yes,Private,Rural,116.3,22.7,smokes,0
99217,Female,39.1,0,0,No,Private,Urban,67.82,31.7,never smoked,0
96355,Female,69.1,0,0,Yes,Private,Rural,104.37,34.4,Unknown,0
8833,Female,31.1,0,0,Yes,Private,Urban,67.36,24.9,Unknown,0
36022,Female,27.0,0,0,Yes,Private,Rural,55.44,21.1,formerly smoked,0
83718,Male,56.5,1,0,No,Private,Rural,166.86,25.2,formerly smoked,1
92111,Male,12.2,0,0,No,children,Rural,83.5,27.1,Unknown,0
22367,Female,54.6,0,0,No,Private,Urban,65.76,37.1,smokes,0
82260,Female,48.3,0,0,Yes,Private,Rural,92.88,33.7,formerly smoked,0
18351,Female,42.8,0,0,Yes,Govt_job,Rural,127.63,28.5,Unknown,0
10855,Male,80.9,0,0,Yes,Private,Urban,67.48,42.8,never smoked,0
18572,Female,32.3,0,0,No,Govt_job,Rural,87.17,,never smoked,0
1061,Female,82.0,0,0,No,Govt_job,Urban,132.99,39.1,Unknown,0
74065,Female,41.0,0,0,Yes,Govt_job,Rural,106.07,37.7,smokes,0
47509,Female,17.9,0,0,No,Private,Urban,160.38,37.1,formerly smoked,0
34852,Female,47.5,0,0,Yes,Private,Rural,133.71,30.9,never smoked,0
72175,Female,22.3,0,0,No,Private,Urban,122.8,29.4,Unknown,0
97332,Male,29.5,0,0,Yes,Private,Rural,132.11,28.5,Unknown,0
41843,Male,54.7,0,0,Yes,Private,Rural,62.7,34.9,formerly smoked,0
30446,Male,58.2,1,1,Yes,Govt_job,Rural,109.76,22.6,never smoked,0
30216,Male,32.3,0,0,Yes,Self-employed,Urban,193.66,26.5,smokes,0
29339,Female,67.7,0,0,Yes,Private,Urban,89.95,41.0,never smoked,0
75144,Male,71.5,0,0,No,Private,Rural,102.38,33.2,formerly smoked,0
63965,Male,77.6,0,0,Yes,Private,Urban,84.02,35.7,Unknown,0
21340,Male,57.6,0,0,Yes,Private,Urban,83.79,19.3,Unknown,0
93964,Male,76.0,0,0,Yes,Private,Rural,138.59,25.3,Unknown,0
36909,Female,4.6,0,0,No,children,Urban,190.62,31.0,formerly smoked,0
29082,Female,39.0,0,0,Yes,Self-employed,Rural,159.31,28.2,never smoked,0
61769,Female,26.9,0,0,Yes,Private,Urban,167.73,19.3,Unknown,0
43939,Female,48.6,0,0,Yes,Private,Rural,55.0,34.2,Unknown,0
46889,Female,33.4,0,0,Yes,Self-employed,Urban,100.1,36.6,smokes,0
95530,Female,42.3,0,0,Yes,Private,Rural,90.58,26.4,never smoked,0
36884,Female,82.0,1,1,Yes,Never_worked,Rural,77.79,34.5,Unknown,0
56544,Male,42.3,0,0,No,Govt_job,Rural,140.61,43.7,never smoked,1
67363,Male,55.1,0,0,Yes,Self-employed,Rural,92.82,39.9,Unknown,0
38448,Female,40.9,0,0,Yes,Self-employed,Rural,72.68,26.7,Unknown,0
4711,Female,47.7,0,0,No,Never_worked,Urban,116.6,,never smoked,0
61554,Female,46.1,0,0,No,Private,Rural,67.32,30.2,never smoked,0
18022,Male,55.9,1,0,Yes,Private,Rural,159.42,46.1,never smoked,0
15802,Male,71.6,0,0,Yes,Govt_job,Urban,155.49,38.5,Unknown,0
47903,Male,82.0,1,0,Yes,Private,Urban,139.21,28.5,never smoked,0
41295,Female,52.8,0,0,Yes,Self-employed,Rural,121.06,40.2,formerly smoked,0
12355,Female,59.0,0,0,Yes,Private,Urban,99.77,37.3,never smoked,0
95676,Male,20.7,0,0,No,Private,Urban,114.01,14.3,smokes,0
25333,Male,44.1,0,0,Yes,Private,Urban,98.94,,Unknown,0
62865,Female,66.7,0,0,Yes,Govt_job,Rural,61.67,29.4,never smoked,0
84925,Female,65.1,0,0,Yes,Private,Urban,129.02,22.0,never smoked,0
30958,Female,50.7,0,0,Yes,Private,Rural,163.13,29.2,never smoked,0
98119,Female,65.5,0,0,Yes,Private,Rural,84.12,31.6,Unknown,0
44262,Male,56.8,0,0,Yes,Private,Rural,136.53,22.5,formerly smoked,0
93840,Male,72.4,0,0,Yes,Self-employed,Rural,103.37,27.6,never smoked,0
76370,Female,52.4,0,0,Yes,Never_worked,Urban,86.36,26.0,formerly smoked,0
16161,Female,38.2,0,0,Yes,Govt_job,Urban,55.0,34.5,never smoked,0
30819,Female,53.4,0,0,No,Self-employed,Urban,130.47,26.2,Unknown,0
48815,Female,0.1,0,0,No,children,Rural,121.45,15.8,never smoked,0
34710,Female,54.4,0,0,Yes,Private,Urban,72.16,25.1,Unknown,0
99431,Male,0.1,0,0,No,children,Rural,94.54,21.4,smokes,0
49266,Male,8.1,0,0,No,children,Rural,103.11,18.8,smokes,0
38991,Female,55.9,0,0,Yes,Private,Urban,115.97,37.4,never smoked,1
78163,Male,56.5,0,0,Yes,Private,Urban,146.04,34.5,never smoked,0
39191,Male,20.4,0,0,No,Private,Urban,97.72,21.2,never smoked,0
64273,Female,30.3,0,0,Yes,Private,Urban,58.4,19.0,Unknown,0
78719,Male,76.2,0,0,Yes,Private,Urban,104.79,27.7,Unknown,1
93752,Male,35.4,0,0,No,Private,Urban,89.96,18.6,never smoked,0
24228,Male,82.0,0,0,No,Private,Urban,79.17,26.7,Unknown,0
44600,Female,46.0,0,0,No,Private,Urban,138.24,29.0,smokes,0
11791,Female,55.0,0,0,Yes,Private,Urban,76.35,30.8,Unknown,0
1043,Female,81.6,0,0,No,Private,Urban,65.16,31.1,Unknown,1
33306,Female,48.9,0,0,Yes,Private,Urban,87.67,22.6,Unknown,0
60716,Female,23.9,0,0,No,Private,Rural,102.35,29.0,smokes,0
65777,Male,43.6,0,0,Yes,Govt_job,Urban,106.97,,formerly smoked,0
68366,Female,45.2,0,0,No,Private,Urban,152.22,12.8,smokes,0
73517,Female,16.0,0,0,No,Self-employed,Rural,82.2,30.9,never smoked,0
82118,Male,40.4,0,0,Yes,Private,Rural,130.91,19.7,formerly smoked,0
1388,Female,29.7,0,0,No,Self-employed,Urban,87.74,39.0,Unknown,0
32101,Female,66.3,0,0,Yes,Govt_job,Rural,55.0,34.6,never smoked,0
5761,Female,46.8,0,0,Yes,Private,Rural,147.15,34.4,formerly smoked,0
3866,Female,39.8,0,0,Yes,Private,Urban,61.49,22.1,never smoked,0
57107,Female,43.7,0,0,Yes,Govt_job,Urban,111.95,30.5,smokes,0
85469,Male,50.9,0,0,Yes,Self-employed,Urban,63.96,31.3,never smoked,0
55809,Female,59.6,0,0,Yes,Private,Urban,119.33,11.0,Unknown,0
55574,Female,24.0,0,0,No,Govt_job,Urban,68.99,29.6,Unknown,0
63551,Female,23.1,0,0,No,Self-employed,Rural,57.4,,never smoked,0
37398,Male,70.3,0,1,Yes,Private,Urban,95.18,17.9,never smoked,0
42739,Female,36.9,0,0,Yes,Private,Rural,55.0,33.0,never smoked,0
493,Male,14.8,0,0,No,Private,Urban,98.09,29.2,never smoked,0
73808,Female,55.8,0,0,Yes,Never_worked,Rural,130.69,38.9,formerly smoked,0
10615,Male,56.2,0,0,Yes,Private,Urban,192.94,25.4,never smoked,0
38891,Female,12.3,0,0,No,children,Urban,108.86,29.8,formerly smoked,0
72417,Female,51.0,0,0,Yes,Private,Urban,100.43,31.1,never smoked,0
27723,Female,62.2,0,0,No,Private,Urban,149.13,11.0,never smoked,0
26601,Male,54.2,1,0,Yes,Private,Rural,74.98,25.8,Unknown,0
80169,Female,59.9,0,0,Yes,Private,Rural,76.71,29.1,Unknown,0
18039,Female,15.1,0,0,No,Govt_job,Rural,129.58,11.0,never smoked,0
17078,Female,53.3,0,0,Yes,Private,Rural,86.91,33.6,smokes,0
56659,Female,39.3,0,0,Yes,Private,Urban,92.54,29.1,never smoked,0
23616,Female,35.4,0,0,No,Private,Rural,104.51,29.1,Unknown,0
49594,Female,65.2,0,0,Yes,Self-employed,Urban,69.81,,Unknown,0
22127,Female,78.5,1,0,Yes,Private,Rural,65.96,25.4,smokes,0
44162,Female,82.0,1,0,Yes,Private,Rural,83.12,28.8,smokes,0
71310,Female,74.9,0,0,Yes,Private,Urban,89.88,35.0,Unknown,1
7504,Female,43.6,0,0,Yes,Govt_job,Urban,119.36,28.9,never smoked,0
4956,Female,53.8,0,0,Yes,Private,Rural,101.86,14.7,Unknown,0
96278,Female,62.9,0,0,Yes,Private,Urban,128.04,28.9,never smoked,0
30063,Male,48.7,0,0,Yes,Self-employed,Rural,101.33,29.0,never smoked,0
17863,Female,48.9,0,0,No,Private,Urban,134.56,35.3,smokes,0
86705,Male,64.1,0,0,Yes,Private,Rural,92.87,25.9,never smoked,0
83143,Female,44.7,0,0,Yes,Self-employed,Rural,55.0,21.2,never smoked,0
11053,Female,30.0,0,0,Yes,Govt_job,Urban,81.64,21.2,never smoked,0
67170,Female,36.9,0,0,Yes,Private,Rural,105.48,39.3,Unknown,0
25161,Female,59.9,0,0,Yes,Private,Rural,123.85,30.7,never smoked,0
20411,Male,46.1,1,0,Yes,Govt_job,Urban,92.45,38.9,formerly smoked,0
47545,Male,53.5,0,0,Yes,Private,Rural,109.3,40.0,never smoked,0
95954,Female,60.7,0,0,No,Govt_job,Rural,88.33,22.9,Unknown,0
59186,Male,37.8,0,0,Yes,Private,Urban,77.07,22.4,never smoked,0
92744,Female,62.6,0,0,Yes,Private,Rural,123.87,27.5,smokes,0
58989,Female,54.3,1,0,Yes,Govt_job,Urban,123.72,33.1,formerly smoked,0
26023,Male,18.8,0,0,No,Private,Urban,215.44,18.0,Unknown,0
56470,Female,77.7,0,0,Yes,Private,Rural,84.51,31.9,Unknown,0
83132,Female,35.0,0,0,Yes,Private,Urban,154.25,31.5,never smoked,0
22467,Male,9.6,0,0,No,children,Rural,61.5,20.1,never smoked,0
81946,Male,23.0,0,0,No,Private,Urban,154.29,20.3,formerly smoked,0
78562,Male,23.5,0,0,No,Private,Urban,102.09,31.8,formerly smoked,0
55426,Female,47.1,0,0,Yes,Self-employed,Rural,89.91,44.0,Unknown,0
62247,Male,40.0,0,0,Yes,Private,Rural,115.9,26.3,never smoked,0
34574,Female,38.6,0,0,No,Private,Rural,118.84,31.0,Unknown,0
81111,Female,59.6,0,0,No,Self-employed,Urban,147.64,24.0,never smoked,0
41185,Female,53.5,0,0,Yes,Govt_job,Rural,73.34,30.3,never smoked,0
61064,Male,53.0,0,0,Yes,Self-employed,Urban,61.25,23.8,Unknown,0
74329,Male,55.0,0,0,Yes,Private,Rural,116.15,,Unknown,0
57291,Male,59.6,0,0,Yes,Private,Rural,113.73,46.9,never smoked,0
46462,Female,0.1,0,0,No,children,Rural,146.76,29.3,Unknown,0
75755,Female,38.0,0,0,No,Private,Urban,86.75,16.8,never smoked,0
8895,Female,0.1,0,0,No,children,Urban,81.0,33.3,Unknown,0
55692,Male,46.8,0,0,Yes,Private,Urban,115.01,37.0,never smoked,0
88980,Female,45.9,0,0,Yes,Private,Urban,104.01,,never smoked,0
84078,Female,69.0,0,0,Yes,Govt_job,Rural,122.94,27.2,Unknown,0
52521,Male,72.1,0,0,Yes,Private,Urban,79.32,21.6,never smoked,0
48987,Female,50.5,1,0,Yes,Self-employed,Urban,161.8,21.8,formerly smoked,0
4270,Male,35.0,0,0,Yes,Never_worked,Urban,112.51,27.1,Unknown,0
34803,Female,56.7,0,0,Yes,Private,Urban,145.51,25.7,never smoked,0
53030,Male,34.4,0,0,Yes,Private,Rural,96.73,24.3,Unknown,0
32552,Female,46.0,0,0,Yes,Private,Urban,77.94,37.6,formerly smoked,0
6520,Female,67.7,0,0,No,Govt_job,Urban,117.38,35.4,never smoked,0
38007,Female,33.7,0,0,Yes,Private,Urban,128.18,38.0,never smoked,0
55314,Female,63.7,0,1,Yes,Govt_job,Urban,58.23,22.6,never smoked,0
49015,Male,60.9,0,0,No,Private,Urban,186.65,21.6,formerly smoked,0
65527,Female,25.0,0,0,Yes,Govt_job,Urban,80.74,29.1,never smoked,0
56746,Female,67.4,0,0,Yes,Self-employed,Urban,107.64,31.6,Unknown,0
32911,Male,61.4,0,0,No,Private,Urban,125.81,29.0,formerly smoked,0
54818,Female,48.2,0,0,Yes,Govt_job,Rural,103.69,31.1,formerly smoked,0
31917,Male,29.2,0,0,No,Private,Rural,105.85,40.4,Unknown,0
37596,Male,27.1,0,0,Yes,Private,Rural,106.76,26.9,formerly smoked,0
59552,Female,34.2,0,0,Yes,Govt_job,Rural,55.0,34.6,Unknown,0
3287,Male,57.9,0,0,Yes,Private,Rural,109.03,32.4,smokes,0
78145,Female,25.0,0,0,Yes,Private,Rural,86.24,29.2,Unknown,0
52007,Female,55.6,0,0,Yes,Private,Urban,144.45,34.2,Unknown,0
99595,Female,18.7,0,0,No,Private,Rural,135.48,22.7,formerly smoked,0
78971,Male,41.5,0,0,Yes,Private,Urban,62.47,21.2,smokes,0
74742,Female,48.4,0,0,Yes,Private,Urban,61.4,31.7,never smoked,0
72211,Female,82.0,0,0,Yes,Self-employed,Rural,189.48,16.2,formerly smoked,1
49279,Male,15.7,0,0,No,Private,Rural,55.0,32.3,formerly smoked,0
96859,Female,78.4,0,0,Yes,Private,Rural,81.99,20.0,formerly smoked,0
3098,Male,49.3,0,0,Yes,Private,Urban,67.9,39.9,never smoked,0
45082,Male,55.0,0,0,Yes,Private,Rural,152.23,25.5,Unknown,0
27847,Male,48.6,0,0,Yes,Self-employed,Rural,98.13,39.4,never smoked,0
67880,Male,55.8,0,0,Yes,Private,Urban,80.6,26.9,Unknown,0
98321,Male,42.6,0,0,No,Self-employed,Urban,104.55,26.6,Unknown,0
53134,Female,78.0,0,0,No,Self-employed,Rural,183.6,35.0,never smoked,0
70577,Male,36.0,0,0,Yes,Self-employed,Rural,121.24,30.7,formerly smoked,0
79266,Male,70.9,0,0,Yes,Self-employed,Rural,120.37,28.0,smokes,0
89237,Male,31.8,0,0,No,Govt_job,Rural,57.4,25.5,Unknown,0
96738,Female,44.7,0,0,Yes,Never_worked,Urban,147.1,25.5,Unknown,0
65246,Male,22.4,0,0,No,Private,Rural,72.95,46.2,formerly smoked,0
73493,Female,56.0,0,0,Yes,Private,Rural,117.72,15.9,Unknown,0
96592,Female,77.8,1,0,Yes,Govt_job,Rural,85.95,,never smoked,1
47291,Female,44.3,0,0,Yes,Private,Urban,104.2,37.3,never smoked,0
46973,Female,41.7,0,0,Yes,Private,Urban,102.32,36.8,formerly smoked,0
81164,Male,21.5,0,0,No,Self-employed,Urban,234.11,21.6,Unknown,0
25377,Female,41.0,0,0,Yes,Private,Urban,88.7,15.4,never smoked,0
46392,Male,11.0,0,0,No,children,Urban,113.33,38.0,Unknown,0
41594,Male,25.9,0,0,Yes,Govt_job,Urban,97.7,20.6,never smoked,0
89382,Female,51.0,0,0,No,Private,Rural,66.58,24.8,never smoked,0
43601,Male,75.0,0,1,Yes,Private,Urban,117.65,29.2,Unknown,1
76740,Female,82.0,0,0,Yes,Govt_job,Rural,138.18,20.5,smokes,0
41044,Male,33.1,0,0,Yes,Govt_job,Rural,69.84,35.4,formerly smoked,1
46171,Male,77.6,0,0,Yes,Self-employed,Urban,93.91,28.7,Unknown,0
7766,Female,51.4,0,0,Yes,Private,Urban,105.19,21.9,formerly smoked,0
80872,Male,42.7,0,0,Yes,Private,Rural,133.05,22.5,never smoked,0
84044,Female,55.5,0,0,Yes,Govt_job,Urban,134.9,38.2,formerly smoked,0
17677,Female,47.4,0,0,No,Private,Urban,56.09,26.4,Unknown,0
78403,Male,48.4,0,0,Yes,Private,Rural,188.77,33.1,never smoked,0
59115,Female,37.0,0,0,Yes,Govt_job,Rural,121.47,28.4,never smoked,0
42782,Male,15.2,0,0,No,Private,Urban,103.18,15.3,Unknown,0
94804,Female,12.0,0,0,No,children,Rural,132.68,34.1,formerly smoked,0
87274,Female,60.4,1,0,Yes,Private,Urban,168.46,36.6,never smoked,0
94326,Male,39.9,0,0,Yes,Private,Rural,97.21,42.3,formerly smoked,0
59495,Female,32.9,0,0,No,Self-employed,Rural,93.34,14.2,Unknown,0
9747,Male,46.2,0,0,Yes,Private,Rural,66.99,11.0,never smoked,0
13458,Female,63.5,0,0,Yes,Self-employed,Urban,93.76,33.3,never smoked,0
86221,Male,50.0,0,0,Yes,Self-employed,Urban,124.35,24.0,formerly smoked,0
42751,Female,31.6,0,0,Yes,Self-employed,Rural,93.8,17.8,formerly smoked,0
32190,Female,73.0,0,0,Yes,Private,Urban,92.56,29.3,never smoked,0
84107,Female,80.7,0,0,No,Private,Rural,174.49,25.1,smokes,1
15716,Female,56.9,0,0,Yes,Private,Rural,112.76,18.9,smokes,0
76415,Male,67.4,0,0,No,Private,Urban,112.85,27.9,smokes,0
45915,Female,73.3,0,0,Yes,Private,Rural,124.99,32.7,formerly smoked,0
75326,Female,70.9,1,0,Yes,Private,Urban,148.88,29.8,never smoked,0
93703,Male,59.5,0,0,Yes,Private,Rural,106.08,29.9,never smoked,1
88964,Female,59.2,1,0,Yes,Private,Urban,84.37,31.8,Unknown,0
26220,Female,57.4,0,0,Yes,Private,Rural,120.98,15.8,smokes,0
74706,Female,21.9,0,0,No,Private,Urban,147.25,28.1,formerly smoked,0
24405,Female,61.4,0,0,Yes,Private,Urban,120.33,30.3,smokes,1
20744,Male,16.2,0,0,No,Private,Rural,132.29,25.7,never smoked,0
5393,Male,28.5,0,0,Yes,Private,Urban,92.57,22.3,Unknown,0
5687,Male,74.7,0,0,Yes,Private,Urban,80.67,22.9,Unknown,0
75304,Male,64.5,0,0,Yes,Private,Urban,110.27,26.3,never smoked,1
36144,Female,78.7,1,0,Yes,Self-employed,Urban,94.96,35.4,never smoked,0
23775,Female,40.0,0,0,Yes,Private,Rural,162.09,40.0,never smoked,0
53776,Male,20.7,0,0,No,Self-employed,Urban,122.29,38.4,never smoked,0
10389,Male,40.7,0,0,No,Private,Rural,89.03,16.8,formerly smoked,0
93982,Male,48.2,1,0,Yes,Private,Rural,79.3,21.5,never smoked,0
69119,Female,47.7,0,0,Yes,Private,Rural,145.59,33.4,smokes,0
44233,Male,70.9,1,1,Yes,Private,Urban,83.03,38.3,formerly smoked,0
3417,Male,38.1,0,0,Yes,Self-employed,Rural,104.18,21.2,never smoked,0
41248,Male,53.7,0,0,No,Govt_job,Rural,113.23,29.9,never smoked,0
97378,Male,24.3,0,0,Yes,Private,Urban,75.37,20.0,never smoked,0
74229,Female,55.9,0,0,No,Private,Urban,98.93,30.6,formerly smoked,0
78088,Female,46.1,0,0,Yes,Private,Urban,153.51,23.7,smokes,0
70540,Female,29.5,0,0,No,Private,Urban,62.73,29.9,never smoked,0
7424,Female,40.8,0,0,Yes,Private,Urban,145.27,19.4,never smoked,0
66249,Male,41.9,0,0,Yes,Private,Urban,110.63,16.2,Unknown,0
25660,Female,40.1,0,0,No,Private,Urban,83.71,51.7,formerly smoked,0
89404,Female,82.0,0,1,Yes,Never_worked,Rural,61.32,29.0,formerly smoked,1
65546,Female,43.8,0,0,Yes,Private,Rural,99.9,,formerly smoked,0
65932,Male,40.6,0,0,Yes,Private,Urban,85.24,39.8,never smoked,0
18278,Female,0.1,0,0,No,children,Rural,99.48,16.2,Unknown,0
60964,Female,26.3,0,0,No,Govt_job,Rural,125.8,31.2,smokes,0
66469,Male,40.2,0,0,Yes,Private,Rural,59.76,18.8,never smoked,0
77089,Female,30.9,1,0,Yes,Private,Rural,116.52,26.3,never smoked,0
96490,Female,76.4,0,0,Yes,Private,Urban,177.86,14.4,smokes,0
34755,Female,42.4,0,0,Yes,Private,Rural,89.14,16.7,formerly smoked,0
7172,Female,74.3,0,0,Yes,Private,Rural,119.77,,Unknown,0
33006,Male,47.4,0,0,Yes,Self-employed,Urban,55.0,24.4,formerly smoked,0
78920,Male,46.8,0,0,Yes,Self-employed,Rural,59.62,28.8,Unknown,0
52888,Female,44.0,0,0,Yes,Private,Urban,81.63,20.7,never smoked,0
81053,Male,46.1,0,0,Yes,Private,Urban,156.12,29.6,smokes,1
49790,Male,82.0,0,0,Yes,Private,Rural,86.1,37.0,never smoked,1
93490,Female,0.1,0,0,No,children,Rural,121.05,30.6,Unknown,0
70537,Female,2.0,0,0,No,children,Urban,85.76,28.0,smokes,0
97231,Female,34.1,0,0,Yes,Private,Rural,67.35,31.1,smokes,0
39472,Male,46.3,0,0,No,Private,Urban,95.58,17.7,never smoked,0
87648,Female,61.2,0,0,Yes,Private,Urban,124.7,35.6,formerly smoked,0
87197,Female,56.4,0,0,No,Private,Urban,145.72,19.5,smokes,0
88088,Male,37.5,0,0,Yes,Private,Rural,99.98,40.1,never smoked,0
64281,Male,68.4,1,0,No,Self-employed,Urban,128.93,34.3,Unknown,1
22382,Male,68.7,1,0,Yes,Private,Urban,113.68,32.7,formerly smoked,1
66283,Male,50.0,0,0,Yes,Govt_job,Rural,108.97,33.0,smokes,0
55327,Female,67.2,0,0,Yes,Self-employed,Urban,75.84,28.5,never smoked,0
16919,Male,52.0,0,0,Yes,Private,Urban,78.49,22.6,smokes,0
98134,Female,33.6,1,0,Yes,Govt_job,Urban,77.6,21.4,never smoked,0
50115,Female,61.4,0,0,Yes,Private,Urban,87.76,41.6,formerly smoked,0
22164,Male,48.4,0,1,Yes,Private,Urban,138.45,29.3,Unknown,0
77289,Female,46.0,0,0,Yes,Self-employed,Urban,169.16,20.1,never smoked,0
39994,Female,78.4,0,0,No,Self-employed,Rural,138.36,32.4,Unknown,0
32308,Male,0.1,0,0,No,children,Rural,118.97,31.1,Unknown,0
64731,Female,14.8,0,0,No,Private,Urban,104.69,26.0,never smoked,0
87129,Female,19.9,0,0,No,Private,Urban,138.23,21.8,never smoked,0
84909,Male,38.0,0,0,Yes,Private,Rural,254.74,34.0,Unknown,0
14621,Male,40.4,0,0,Yes,Private,Rural,112.45,35.6,Unknown,0
16800,Male,12.8,0,0,No,children,Rural,124.19,30.9,never smoked,0
78260,Female,24.3,1,0,No,Private,Urban,120.78,29.0,Unknown,0
31842,Female,27.1,0,0,Yes,Private,Rural,185.2,22.6,never smoked,0
88128,Male,82.0,0,0,Yes,Private,Urban,98.86,32.1,never smoked,0
81876,Female,82.0,0,0,Yes,Private,Urban,78.21,23.7,Unknown,0
72135,Female,36.9,0,0,No,Private,Rural,129.59,19.0,never smoked,0
55195,Female,38.0,0,0,No,Govt_job,Urban,78.3,36.9,Unknown,0
62611,Female,20.7,0,0,No,Govt_job,Urban,115.13,20.8,never smoked,0
12684,Female,4.0,0,0,No,children,Urban,104.93,14.3,formerly smoked,0
73483,Male,43.4,0,0,Yes,Private,Rural,120.15,38.3,Unknown,0
10726,Male,24.0,0,0,No,Private,Urban,106.5,15.4,never smoked,0
32360,Female,44.1,0,0,Yes,Private,Urban,55.03,25.6,Unknown,0
15546,Male,10.8,0,0,No,children,Urban,125.66,20.3,Unknown,0
72423,Female,29.2,0,0,No,Private,Rural,116.4,23.1,Unknown,0
86896,Female,49.3,0,1,Yes,Private,Rural,149.55,45.2,Unknown,0
4421,Male,54.1,1,0,Yes,Private,Rural,88.93,27.7,Unknown,0
20087,Female,55.2,0,1,Yes,Private,Rural,55.0,31.2,never smoked,0
7379,Male,16.9,0,0,No,Private,Rural,129.18,34.4,smokes,0
45693,Female,64.8,0,0,Yes,Private,Urban,127.32,23.6,formerly smoked,0
25768,Female,28.4,0,0,No,Private,Rural,124.71,36.6,smokes,0
31016,Female,59.9,1,0,Yes,Private,Urban,55.0,31.3,Unknown,0
89124,Female,45.8,0,0,Yes,Private,Rural,196.2,34.2,never smoked,0
45482,Male,15.7,0,0,No,Private,Rural,55.0,23.1,Unknown,0
96734,Male,39.0,0,0,Yes,Self-employed,Rural,55.0,31.8,formerly smoked,0
45198,Female,54.0,0,0,No,Private,Rural,66.47,28.4,smokes,0
5566,Female,59.5,1,0,Yes,Govt_job,Urban,142.0,37.0,formerly smoked,0
44935,Male,42.9,0,0,No,Self-employed,Rural,153.61,24.4,never smoked,0
83848,Male,79.7,0,0,Yes,Private,Urban,106.62,43.7,Unknown,0
37161,Female,68.2,1,0,Yes,Private,Rural,134.08,31.0,smokes,0
29731,Female,40.4,0,0,No,Self-employed,Urban,79.17,27.6,Unknown,0
23114,Female,62.5,0,0,No,Self-employed,Rural,72.44,26.7,Unknown,0
69493,Female,82.0,0,0,Yes,Self-employed,Urban,58.09,28.4,Unknown,0
41657,Female,82.0,0,0,Yes,Private,Urban,125.91,23.8,Unknown,0
52046,Female,19.0,0,0,No,Self-employed,Rural,149.8,33.5,Unknown,0
93169,Female,25.6,0,0,Yes,Private,Rural,63.97,28.4,never smoked,0
23029,Female,78.7,1,0,No,Private,Urban,85.57,43.1,smokes,0
10046,Female,22.7,0,0,No,Private,Urban,87.14,,never smoked,0
50097,Male,16.9,0,0,No,Private,Urban,67.41,27.6,formerly smoked,0
69392,Male,35.3,0,0,Yes,Private,Rural,115.9,,Unknown,0
83996,Female,55.2,0,0,Yes,Govt_job,Rural,91.66,42.5,Unknown,0
88137,Female,43.7,0,0,Yes,Govt_job,Urban,158.62,17.7,smokes,0
34526,Female,31.7,0,0,Yes,Private,Urban,79.59,29.2,Unknown,0
66185,Male,31.2,0,0,No,Private,Rural,138.48,30.8,never smoked,0
53961,Female,30.3,0,0,Yes,Private,Urban,59.59,20.0,Unknown,0
6742,Female,26.7,0,0,No,Private,Rural,83.17,48.3,never smoked,0
46425,Male,82.0,0,0,Yes,Private,Rural,108.24,21.5,never smoked,0
15495,Male,52.5,0,0,Yes,Govt_job,Rural,116.26,28.8,never smoked,0
6682,Male,65.5,1,0,Yes,Govt_job,Rural,174.88,41.1,Unknown,0
94421,Female,35.2,0,0,Yes,Private,Urban,114.77,25.7,formerly smoked,0
55591,Female,41.9,0,0,Yes,Private,Urban,115.4,29.6,formerly smoked,0
14570,Male,30.3,0,0,Yes,Private,Rural,72.82,25.9,formerly smoked,0
90292,Female,0.1,0,0,No,children,Urban,76.35,28.1,never smoked,0
77004,Male,15.7,0,0,No,Private,Rural,86.65,36.6,never smoked,0
21705,Male,6.2,0,0,No,children,Urban,102.26,25.3,never smoked,0
15997,Female,0.1,0,0,No,children,Rural,98.8,11.0,formerly smoked,0
40459,Female,19.7,0,0,No,Private,Rural,116.59,28.3,never smoked,0
77042,Female,75.1,0,0,Yes,Private,Urban,160.45,29.0,formerly smoked,0
26123,Female,45.0,0,0,Yes,Self-employed,Urban,103.91,30.0,formerly smoked,0
10387,Male,74.4,0,0,No,Private,Rural,132.39,27.1,formerly smoked,0
24031,Male,55.0,0,0,No,Self-employed,Rural,76.04,22.0,Unknown,0
94310,Female,63.2,0,0,Yes,Govt_job,Rural,168.52,26.7,never smoked,0
59039,Male,26.2,0,0,Yes,Private,Rural,102.68,41.7,formerly smoked,0
99662,Female,57.5,0,0,No,Govt_job,Urban,167.57,28.2,never smoked,0
14703,Male,62.0,0,0,No,Govt_job,Urban,94.08,33.4,Unknown,0
54235,Female,33.3,0,0,Yes,Private,Rural,88.96,20.7,Unknown,0
26094,Male,58.3,0,0,Yes,Private,Urban,82.47,26.3,never smoked,0
26733,Male,58.5,0,0,Yes,Private,Urban,69.04,21.0,never smoked,0
61177,Female,33.9,0,0,No,Private,Urban,142.26,38.2,never smoked,0
42724,Female,21.3,0,0,No,Private,Rural,77.56,16.8,never smoked,0
61418,Male,19.9,0,0,No,Govt_job,Urban,115.31,31.3,never smoked,0
37224,Female,47.9,0,0,No,Govt_job,Urban,66.43,31.1,never smoked,0
95541,Male,53.2,0,0,Yes,Private,Urban,184.8,30.6,never smoked,0
57686,Male,28.6,0,0,Yes,Private,Rural,143.42,,never smoked,0
9059,Male,46.6,0,0,Yes,Govt_job,Rural,140.08,13.3,formerly smoked,0
83449,Female,58.6,0,0,Yes,Self-employed,Urban,55.0,29.4,never smoked,0
9177,Male,59.6,0,0,Yes,Private,Urban,108.74,21.6,formerly smoked,0
13961,Male,80.1,0,0,Yes,Private,Urban,98.67,23.7,Unknown,0
44778,Female,74.1,0,0,Yes,Private,Urban,84.6,25.3,never smoked,0
54914,Female,24.0,0,0,No,Private,Urban,166.53,20.6,never smoked,0
13309,Female,82.0,0,0,Yes,Private,Urban,59.1,19.3,Unknown,0
71910,Male,34.3,0,0,Yes,Private,Rural,126.81,,never smoked,0
89490,Female,69.0,0,0,Yes,Private,Urban,78.75,14.2,never smoked,0
22587,Female,47.5,0,0,Yes,Self-employed,Urban,66.31,24.7,smokes,0
21644,Female,36.9,0,0,Yes,Private,Urban,91.07,23.5,never smoked,0
62624,Male,6.2,0,0,No,children,Urban,91.57,28.3,formerly smoked,0
11678,Female,42.2,0,0,Yes,Self-employed,Urban,117.44,46.4,Unknown,0
43407,Male,11.7,0,0,No,children,Urban,148.53,21.1,smokes,0
64131,Male,67.3,0,0,Yes,Govt_job,Urban,97.53,31.5,Unknown,0
1084,Male,79.4,0,0,Yes,Private,Rural,55.0,30.2,never smoked,0
37405,Male,28.5,0,0,No,Self-employed,Urban,76.74,32.7,never smoked,0
31174,Female,52.6,0,0,Yes,Self-employed,Urban,97.07,26.9,formerly smoked,0
85210,Male,30.0,0,0,No,Private,Rural,87.87,39.3,formerly smoked,0
83529,Female,32.2,0,0,Yes,Private,Rural,126.86,33.6,Unknown,0
12880,Male,63.0,1,0,No,Private,Urban,123.8,33.8,smokes,0
51166,Female,45.2,0,0,Yes,Private,Urban,134.45,17.9,never smoked,0
77302,Male,82.0,1,0,Yes,Self-employed,Urban,55.0,29.2,Unknown,0
28042,Male,35.4,0,0,Yes,Govt_job,Urban,144.12,24.7,never smoked,0
64833,Female,68.0,0,0,Yes,Private,Rural,55.0,22.0,Unknown,0
17248,Male,48.1,0,0,Yes,Private,Urban,123.5,23.8,never smoked,0
97000,Female,63.5,1,0,Yes,Self-employed,Urban,164.69,28.1,smokes,0
17174,Female,36.2,0,0,Yes,Private,Rural,55.0,31.9,smokes,0
64156,Female,44.9,0,0,Yes,Self-employed,Rural,55.0,35.9,smokes,0
25785,Female,43.5,0,0,Yes,Self-employed,Urban,98.99,35.5,Unknown,0
53594,Male,27.6,1,0,Yes,Self-employed,Rural,96.08,,smokes,0
13944,Male,60.6,1,0,Yes,Private,Rural,71.78,,smokes,0
53941,Female,60.3,0,0,No,Private,Urban,55.0,26.1,Unknown,0
81554,Female,59.1,0,0,Yes,Private,Urban,145.16,26.6,never smoked,0
3865,Male,79.8,0,0,Yes,Private,Rural,65.14,22.6,formerly smoked,0
30253,Male,77.9,0,0,Yes,Govt_job,Rural,234.82,25.3,Unknown,1
40512,Female,37.8,0,0,Yes,Govt_job,Rural,67.03,31.2,never smoked,0
92488,Male,54.2,0,0,Yes,Private,Urban,68.9,40.1,never smoked,0
20481,Female,32.3,0,0,No,Self-employed,Rural,55.0,27.4,never smoked,0
62947,Male,46.5,0,0,Yes,Private,Urban,65.06,22.4,never smoked,0
42518,Female,32.8,0,0,No,Private,Urban,73.19,35.8,smokes,0
96192,Male,81.6,0,0,Yes,Private,Rural,100.34,13.5,smokes,0
39007,Female,54.0,0,0,No,Private,Rural,123.56,36.3,never smoked,0
30568,Female,41.2,0,0,Yes,Govt_job,Rural,82.75,17.8,formerly smoked,0
44360,Male,72.3,0,0,Yes,Private,Rural,123.04,33.4,never smoked,0
11539,Female,0.1,0,0,No,children,Rural,175.26,24.9,Unknown,0
50383,Female,1.7,0,0,No,children,Urban,92.53,30.9,Unknown,0
49318,Male,63.5,0,0,Yes,Govt_job,Rural,84.39,44.1,never smoked,0
19275,Male,47.3,0,0,Yes,Self-employed,Rural,68.92,22.2,never smoked,0
36508,Female,51.5,0,0,Yes,Private,Urban,101.25,21.0,Unknown,0
25717,Female,16.8,0,0,No,Govt_job,Urban,165.69,29.1,smokes,0
41590,Male,45.5,0,0,No,Self-employed,Rural,99.51,39.9,never smoked,0
55067,Female,82.0,0,0,Yes,Private,Urban,124.67,29.8,smokes,0
7719,Female,64.1,0,0,Yes,Private,Urban,101.54,28.8,formerly smoked,0
71447,Female,49.7,0,0,Yes,Self-employed,Rural,98.54,29.8,Unknown,0
46850,Female,36.3,0,0,Yes,Self-employed,Rural,219.45,21.0,Unknown,0
91023,Other,37.3,0,0,No,Private,Rural,114.83,29.8,never smoked,0
89069,Female,0.1,0,0,No,children,Rural,138.51,25.6,smokes,0
57500,Female,51.7,0,0,Yes,Private,Urban,120.56,,Unknown,0
59047,Female,64.6,0,0,Yes,Private,Urban,100.37,34.5,never smoked,0
67670,Female,11.3,0,0,No,children,Rural,55.0,,Unknown,0
98668,Female,31.4,0,0,Yes,Govt_job,Rural,81.71,26.4,formerly smoked,0
12875,Male,20.5,0,0,No,Govt_job,Urban,164.24,32.5,never smoked,0
15770,Male,24.8,0,0,Yes,Never_worked,Rural,55.0,21.1,Unknown,0
26699,Female,47.2,0,0,Yes,Self-employed,Urban,77.72,20.4,smokes,0
55118,Female,0.1,0,0,No,children,Urban,78.23,25.0,never smoked,0
49322,Female,59.5,0,0,Yes,Self-employed,Rural,141.87,31.1,formerly smoked,0
86146,Female,62.6,0,0,No,Govt_job,Urban,166.96,36.3,smokes,0
31158,Male,40.5,0,0,Yes,Self-employed,Rural,60.59,30.2,Unknown,0
90262,Female,0.1,0,0,No,children,Rural,95.22,47.0,never smoked,0
23707,Male,24.1,0,0,Yes,Self-employed,Rural,140.31,23.4,smokes,0
78490,Male,73.1,0,0,Yes,Private,Urban,79.88,34.1,Unknown,0
69833,Female,0.1,0,0,No,children,Urban,124.11,20.2,Unknown,0
35079,Male,38.4,0,0,Yes,Private,Urban,93.5,40.6,never smoked,0
40302,Female,20.0,0,0,No,Private,Rural,198.8,38.7,Unknown,1
93961,Female,63.7,0,0,Yes,Private,Rural,82.31,33.8,never smoked,0
38504,Male,31.1,0,0,No,Private,Urban,131.39,15.5,Unknown,0
77220,Female,54.9,0,0,Yes,Private,Rural,86.95,33.8,never smoked,0
41375,Female,58.4,0,0,Yes,Govt_job,Rural,107.13,22.4,Unknown,0
95478,Male,82.0,1,0,Yes,Private,Rural,71.01,31.9,Unknown,0
31007,Female,41.5,0,0,Yes,Private,Rural,124.51,17.6,Unknown,0
33975,Male,54.3,0,0,Yes,Private,Rural,149.56,30.5,never smoked,0
72647,Female,13.3,0,0,No,children,Rural,59.09,25.8,Unknown,0
42150,Male,72.2,0,0,Yes,Self-employed,Urban,76.14,22.7,never smoked,0
33956,Female,29.3,0,0,No,Govt_job,Urban,144.04,32.9,formerly smoked,0
40959,Female,33.7,0,0,Yes,Private,Urban,89.35,28.1,Unknown,0
68932,Female,45.5,0,0,Yes,Private,Rural,97.45,,Unknown,0
8696,Male,11.6,0,0,No,children,Urban,66.84,34.0,smokes,0
85764,Female,51.0,0,0,Yes,Govt_job,Urban,150.7,42.8,never smoked,0
36624,Male,67.3,0,0,Yes,Private,Urban,63.06,30.6,formerly smoked,0
46419,Female,52.4,0,0,No,Private,Urban,97.43,15.0,never smoked,1
48842,Female,11.0,0,0,No,children,Rural,81.78,16.8,never smoked,0
80027,Female,43.3,0,0,No,Private,Rural,133.05,29.0,Unknown,0
43625,Female,62.3,0,1,Yes,Private,Urban,221.01,36.2,smokes,0
55292,Male,4.7,0,0,No,children,Rural,55.0,29.5,never smoked,0
51550,Female,22.4,1,0,No,Private,Urban,87.82,32.3,formerly smoked,0
76462,Male,65.3,0,0,Yes,Private,Urban,88.68,28.1,never smoked,0
64931,Female,51.9,0,0,Yes,Private,Rural,62.1,35.7,never smoked,0
19154,Female,55.1,0,1,No,Private,Urban,101.19,33.1,Unknown,0
67694,Male,82.0,0,0,No,Self-employed,Rural,137.31,20.9,never smoked,1
37644,Male,56.3,0,0,No,Govt_job,Rural,110.89,31.9,never smoked,0
93854,Male,60.5,0,0,Yes,Self-employed,Rural,125.71,16.9,never smoked,1
83005,Female,82.0,0,0,Yes,Private,Rural,77.95,31.9,Unknown,0
61683,Male,41.3,0,0,Yes,Private,Rural,126.22,26.4,never smoked,0
87631,Male,28.4,0,0,No,Self-employed,Urban,109.58,29.7,never smoked,0
9041,Female,55.4,0,0,Yes,Govt_job,Rural,65.72,30.9,Unknown,0
9943,Male,55.7,0,0,Yes,Private,Rural,103.16,30.6,smokes,0
32913,Female,34.4,0,0,Yes,Private,Rural,81.9,39.1,never smoked,0
57326,Male,23.3,0,0,No,Govt_job,Urban,259.97,28.8,Unknown,0
82795,Male,82.0,0,0,Yes,Govt_job,Rural,140.53,29.9,formerly smoked,0
50218,Male,53.2,0,0,Yes,Self-employed,Rural,107.3,38.5,Unknown,0
5635,Male,29.9,0,0,Yes,Private,Rural,159.63,42.7,never smoked,0
85617,Male,66.2,0,0,Yes,Private,Urban,127.28,28.4,never smoked,0
84302,Male,43.6,0,0,Yes,Private,Rural,66.09,24.7,never smoked,0
4974,Female,40.4,0,0,No,Govt_job,Rural,176.55,25.0,formerly smoked,0
17173,Female,58.4,0,0,Yes,Private,Urban,60.43,31.9,formerly smoked,0
25997,Female,17.6,0,0,No,Private,Rural,168.49,27.0,formerly smoked,0
8581,Female,53.8,0,0,Yes,Govt_job,Rural,110.56,15.4,never smoked,0
45127,Male,82.0,0,1,Yes,Private,Rural,101.08,36.9,formerly smoked,0
72565,Male,56.3,0,0,Yes,Private,Urban,77.24,34.6,formerly smoked,0
24172,Female,37.7,0,0,No,Self-employed,Rural,112.62,37.1,never smoked,0
15660,Female,34.8,0,0,Yes,Govt_job,Urban,124.53,38.6,smokes,0
11879,Male,37.0,0,0,Yes,Private,Urban,120.9,29.9,Unknown,0
31051,Female,40.4,0,0,No,Private,Rural,110.02,30.5,Unknown,0
51027,Male,37.7,0,0,No,Never_worked,Urban,96.23,36.0,never smoked,0
8919,Other,66.2,0,0,Yes,Private,Urban,129.82,19.4,formerly smoked,0
72179,Female,7.9,0,0,No,children,Rural,88.58,25.9,never smoked,0
72260,Female,65.0,0,0,Yes,Self-employed,Rural,99.5,28.1,smokes,0
62795,Female,37.6,0,0,Yes,Private,Rural,117.87,35.4,never smoked,0
626,Female,54.3,0,0,Yes,Private,Rural,102.75,24.5,Unknown,0
53724,Female,21.2,0,0,No,Self-employed,Urban,60.76,23.2,Unknown,0
7096,Female,75.2,0,0,Yes,Private,Urban,110.45,25.3,never smoked,0
18923,Female,73.4,1,0,Yes,Private,Rural,118.65,32.0,never smoked,0
70018,Female,67.1,1,0,Yes,Private,Rural,115.32,28.0,formerly smoked,0
31761,Female,12.7,0,0,No,children,Urban,96.76,17.6,smokes,0
3673,Male,64.2,0,1,Yes,Self-employed,Rural,91.14,19.1,Unknown,0
23629,Female,54.9,0,0,No,Private,Urban,103.6,29.5,never smoked,0
13750,Male,10.7,0,0,No,children,Rural,77.74,29.8,never smoked,0
84153,Female,45.5,0,1,Yes,Self-employed,Urban,163.57,28.7,smokes,0
21201,Female,54.0,0,0,Yes,Private,Urban,118.81,,formerly smoked,0
95916,Female,58.2,0,0,Yes,Private,Urban,114.36,34.4,smokes,0
56912,Male,49.9,0,0,Yes,Self-employed,Rural,55.0,31.3,never smoked,0
55564,Female,52.4,0,0,Yes,Govt_job,Rural,148.46,31.0,never smoked,0
13653,Female,78.4,0,0,Yes,Private,Urban,74.07,31.3,never smoked,0
83256,Female,73.0,0,0,Yes,Govt_job,Rural,86.1,40.5,Unknown,0
20324,Male,0.1,0,0,No,children,Rural,83.58,20.8,formerly smoked,0
61030,Female,39.0,0,0,No,Private,Rural,116.27,25.3,never smoked,0
84792,Female,42.4,0,0,No,Private,Urban,73.09,26.0,never smoked,0
11004,Male,7.5,0,0,No,children,Urban,133.65,37.9,Unknown,0
84059,Female,48.1,0,0,Yes,Govt_job,Urban,115.08,25.7,formerly smoked,0
32892,Female,73.5,0,0,Yes,Self-employed,Urban,81.81,22.6,Unknown,0
66157,Male,22.1,0,0,No,Govt_job,Urban,63.33,27.7,Unknown,0
79795,Female,53.4,0,0,Yes,Govt_job,Rural,113.96,29.3,never smoked,0
31247,Female,25.9,0,0,No,Private,Rural,55.11,37.5,Unknown,0
19929,Female,31.2,0,0,Yes,Private,Urban,79.35,25.7,formerly smoked,0
38640,Female,78.5,0,0,Yes,Private,Rural,98.55,23.3,Unknown,0
36961,Male,34.1,0,0,Yes,Private,Rural,96.06,21.7,formerly smoked,0
7015,Male,56.2,0,0,Yes,Govt_job,Rural,82.62,25.9,smokes,0
72302,Female,4.8,0,0,No,children,Rural,130.84,47.7,smokes,0
36230,Female,82.0,0,0,Yes,Private,Rural,75.79,31.4,never smoked,0
39374,Male,59.3,0,0,Yes,Private,Rural,82.24,33.0,formerly smoked,0
74932,Male,42.0,0,0,Yes,Private,Urban,106.61,28.5,never smoked,0
17321,Female,58.7,0,0,No,Private,Rural,106.72,29.5,never smoked,0
17101,Male,15.0,0,0,No,Self-employed,Rural,66.94,34.4,smokes,0
1201,Female,72.0,0,0,Yes,Govt_job,Rural,104.87,32.7,smokes,0
31502,Male,38.9,0,0,Yes,Private,Urban,85.48,31.1,never smoked,0
85237,Female,41.5,0,0,Yes,Private,Rural,83.62,28.6,never smoked,0
84009,Female,35.2,0,0,Yes,Private,Rural,112.86,,Unknown,0
88009,Male,33.2,0,0,Yes,Private,Rural,72.74,31.7,formerly smoked,0
69760,Male,61.3,0,1,Yes,Govt_job,Rural,94.18,29.1,smokes,0
46234,Female,51.6,0,0,Yes,Private,Rural,100.4,44.5,never smoked,0
48555,Female,60.3,0,0,Yes,Private,Urban,113.45,36.4,smokes,0
35186,Male,45.8,0,0,Yes,Private,Urban,80.58,23.4,Unknown,0
22371,Female,57.3,0,0,Yes,Private,Urban,121.42,19.7,never smoked,0
87174,Female,36.8,0,0,Yes,Private,Urban,132.49,25.5,formerly smoked,0
76553,Male,82.0,0,0,No,Private,Rural,131.47,20.4,never smoked,0
90588,Female,11.5,0,0,No,children,Urban,65.59,25.1,never smoked,0
6702,Female,73.7,0,0,Yes,Private,Rural,130.25,21.2,smokes,0
97155,Female,76.1,0,0,Yes,Private,Rural,132.14,26.0,smokes,1
92865,Male,27.3,0,0,Yes,Private,Rural,175.19,26.1,smokes,0
8138,Female,82.0,0,0,Yes,Self-employed,Rural,68.48,29.6,formerly smoked,0
74241,Male,67.9,0,0,Yes,Self-employed,Rural,156.64,,formerly smoked,0
28190,Male,67.4,0,0,Yes,Self-employed,Urban,55.0,21.7,formerly smoked,0
86836,Male,46.6,0,0,No,Private,Rural,133.7,37.6,never smoked,0
7885,Female,41.2,0,0,Yes,Private,Rural,142.49,31.5,never smoked,0
46808,Female,41.4,0,0,Yes,Private,Urban,131.77,24.4,never smoked,0
83895,Female,54.6,1,0,Yes,Private,Urban,68.11,21.9,Unknown,0
51054,Male,76.8,0,0,Yes,Self-employed,Rural,153.13,17.5,never smoked,0
59936,Male,50.0,0,0,Yes,Self-employed,Rural,213.65,16.9,formerly smoked,0
9534,Male,25.9,1,0,Yes,Private,Rural,79.54,36.4,formerly smoked,0
30143,Female,64.1,0,0,Yes,Private,Rural,92.13,35.6,Unknown,0
69074,Female,66.3,0,0,Yes,Private,Urban,79.9,24.1,Unknown,0
96885,Male,60.4,0,1,Yes,Private,Rural,124.41,38.7,Unknown,0
60691,Female,62.4,0,0,Yes,Govt_job,Rural,87.62,33.1,never smoked,0
12166,Male,40.0,0,0,Yes,Govt_job,Urban,126.9,30.0,never smoked,0
43908,Female,25.6,0,0,No,Private,Urban,96.7,35.0,Unknown,0
24715,Male,26.9,0,0,Yes,Private,Rural,106.97,33.1,Unknown,0
28012,Male,10.0,1,0,No,children,Rural,109.97,29.7,Unknown,0
75739,Female,51.2,0,0,Yes,Private,Urban,55.24,26.7,Unknown,0
36727,Female,44.2,0,0,Yes,Govt_job,Rural,105.17,27.7,never smoked,0
52462,Male,36.3,0,0,Yes,Private,Urban,60.74,16.4,never smoked,0
62084,Female,0.1,0,0,No,children,Rural,63.96,22.5,smokes,0
58897,Female,18.6,0,0,No,Govt_job,Rural,154.2,42.0,smokes,0
80268,Female,70.7,0,0,Yes,Private,Rural,123.53,22.3,never smoked,0
29003,Female,31.4,0,0,Yes,Self-employed,Rural,120.18,,smokes,0
16382,Male,53.9,0,0,Yes,Govt_job,Rural,105.74,35.3,Unknown,0
81999,Female,15.4,0,0,No,Private,Urban,199.4,30.4,never smoked,0
28613,Female,77.7,0,0,Yes,Private,Urban,104.85,30.8,formerly smoked,0
21078,Male,42.8,0,0,No,Govt_job,Urban,98.82,27.3,formerly smoked,0
72814,Female,52.4,0,0,Yes,Self-employed,Rural,97.67,35.3,never smoked,0
54749,Female,82.0,0,0,No,Govt_job,Urban,145.42,40.0,Unknown,0
7462,Male,79.4,0,0,Yes,Private,Urban,103.17,24.6,Unknown,1
87742,Male,39.3,0,1,Yes,Self-employed,Rural,112.97,33.2,never smoked,0
65670,Male,32.9,0,0,Yes,Self-employed,Rural,149.24,,Unknown,0
30336,Male,38.8,0,0,Yes,Private,Urban,121.14,24.2,formerly smoked,0
91990,Female,57.2,0,0,Yes,Private,Rural,159.96,39.8,smokes,0
86804,Female,43.7,0,0,Yes,Private,Urban,136.67,36.9,smokes,0
56003,Male,37.3,0,0,Yes,Govt_job,Urban,79.7,19.2,Unknown,0
29179,Male,78.3,0,0,Yes,Private,Urban,68.74,40.5,never smoked,0
69692,Female,43.5,0,0,Yes,Private,Urban,164.98,19.6,smokes,0
63893,Female,82.0,0,0,Yes,Private,Urban,135.1,23.3,smokes,0
50660,Female,48.0,0,0,Yes,Govt_job,Urban,125.41,,Unknown,0
9955,Female,82.0,0,0,Yes,Private,Rural,115.52,36.3,Unknown,0
47047,Male,53.9,0,0,No,Govt_job,Rural,102.59,29.2,Unknown,0
66490,Male,67.2,0,0,No,Private,Urban,80.71,23.8,never smoked,0
41373,Female,30.1,0,0,Yes,Self-employed,Urban,79.81,26.5,formerly smoked,0
161,Female,27.2,0,0,Yes,Private,Urban,68.3,25.7,never smoked,0
71965,Female,56.1,0,0,Yes,Private,Urban,61.09,34.8,formerly smoked,0
72032,Female,67.7,0,0,Yes,Private,Rural,75.32,25.5,Unknown,0
96220,Male,46.9,0,1,Yes,Private,Urban,90.46,23.6,formerly smoked,0
22545,Female,17.7,0,0,No,Private,Rural,164.53,17.4,never smoked,0
51210,Female,16.1,0,0,No,Govt_job,Urban,60.22,24.0,smokes,0
12905,Male,14.6,0,0,No,Private,Urban,107.03,27.6,never smoked,0
58811,Male,7.1,0,0,No,children,Urban,170.13,20.0,never smoked,0
20362,Female,48.4,0,0,Yes,Private,Urban,145.02,15.4,Unknown,0
53796,Female,70.8,0,0,Yes,Private,Rural,103.35,35.8,Unknown,0
73995,Female,45.7,0,0,Yes,Private,Rural,81.6,21.0,never smoked,0
51743,Female,0.1,0,0,No,children,Rural,55.0,18.7,smokes,0
50248,Female,41.8,0,0,No,Private,Urban,108.11,40.3,smokes,0
5621,Male,42.4,1,0,Yes,Private,Rural,137.1,34.9,never smoked,0
93701,Female,82.0,0,0,No,Self-employed,Urban,82.25,36.2,smokes,0
66111,Female,13.9,0,0,No,children,Urban,148.5,32.3,never smoked,0
19139,Male,37.4,0,0,Yes,Govt_job,Rural,99.27,38.3,Unknown,0
53214,Female,82.0,0,0,Yes,Private,Rural,113.99,35.1,Unknown,1
89676,Male,55.9,0,0,Yes,Private,Rural,103.41,25.9,never smoked,0
43584,Male,58.4,0,0,No,Private,Rural,147.81,20.5,never smoked,0
36109,Male,48.5,0,0,Yes,Private,Urban,149.44,18.9,never smoked,0
51979,Male,53.3,0,0,Yes,Govt_job,Rural,122.68,27.5,Unknown,0
97682,Male,63.1,0,0,Yes,Private,Urban,93.56,20.3,Unknown,0
85695,Male,28.2,0,0,Yes,Govt_job,Rural,102.08,22.5,Unknown,0
8739,Female,65.3,1,0,No,Private,Urban,210.64,27.4,formerly smoked,0
20873,Female,15.8,0,0,No,Private,Urban,173.64,39.0,Unknown,0
93152,Female,53.2,0,0,Yes,Private,Urban,105.21,17.2,smokes,0
92380,Female,49.9,0,0,Yes,Private,Rural,69.72,,never smoked,0
9279,Female,32.4,0,0,Yes,Self-employed,Rural,139.44,19.1,formerly smoked,0
69159,Female,45.5,0,0,No,Private,Urban,87.85,24.3,formerly smoked,0
96509,Female,32.3,0,0,Yes,Private,Rural,161.77,35.5,never smoked,0
19405,Female,22.4,0,0,No,Private,Rural,81.93,22.1,never smoked,0
65829,Female,38.2,0,0,No,Private,Urban,88.21,26.5,formerly smoked,0
48395,Male,21.7,0,0,No,Self-employed,Rural,67.19,29.6,smokes,0
90110,Female,53.1,1,0,Yes,Private,Rural,192.69,33.8,never smoked,0
54709,Male,20.7,0,0,No,Govt_job,Urban,74.25,24.4,never smoked,0
77705,Female,61.7,0,0,Yes,Private,Rural,135.61,38.0,Unknown,0
51309,Male,20.0,0,0,No,Private,Urban,97.3,,formerly smoked,0
9767,Male,33.5,0,0,Yes,Private,Rural,88.66,32.1,never smoked,0
11373,Female,32.3,0,0,Yes,Private,Rural,86.95,27.1,Unknown,0
4964,Male,75.2,0,0,Yes,Private,Urban,160.59,34.1,formerly smoked,0
54342,Female,53.3,0,0,No,Private,Urban,243.02,43.7,never smoked,0
93084,Male,41.3,0,0,No,Private,Urban,154.42,26.4,never smoked,0
56310,Male,57.0,0,0,Yes,Govt_job,Urban,55.0,28.4,never smoked,0
91692,Female,0.1,0,0,No,children,Urban,135.84,25.3,never smoked,0
57991,Male,45.1,0,0,Yes,Private,Rural,97.55,24.1,Unknown,0
72239,Female,82.0,0,0,Yes,Self-employed,Rural,99.57,23.3,Unknown,0
12240,Female,48.9,0,0,Yes,Self-employed,Urban,74.7,28.4,formerly smoked,0
85921,Female,47.5,0,0,Yes,Private,Rural,110.93,22.7,never smoked,0
62564,Female,58.1,0,0,Yes,Private,Urban,103.77,22.9,never smoked,0
50392,Female,65.7,0,0,Yes,Govt_job,Urban,122.81,11.0,Unknown,0
19289,Male,2.1,0,0,No,children,Urban,96.04,38.9,Unknown,0
48851,Female,9.0,0,0,No,children,Urban,140.62,40.8,formerly smoked,0
87715,Female,50.6,0,1,No,Private,Rural,106.37,33.4,Unknown,0
40314,Male,30.3,0,0,No,Private,Rural,107.13,21.9,never smoked,0
68194,Female,74.9,0,0,Yes,Private,Rural,103.12,19.0,smokes,0
14308,Female,39.1,0,0,Yes,Self-employed,Urban,135.68,16.8,never smoked,0
53355,Male,3.4,0,0,No,children,Rural,90.62,33.3,smokes,0
769,Male,18.1,0,0,No,Private,Rural,122.94,38.0,smokes,0
14868,Female,0.1,0,0,No,children,Rural,108.2,29.7,smokes,0
77123,Female,40.8,0,0,Yes,Private,Urban,161.47,34.9,Unknown,0
19010,Male,41.9,0,0,Yes,Private,Urban,92.58,31.8,never smoked,0
40635,Male,36.7,0,0,Yes,Private,Urban,141.63,22.7,never smoked,0
76696,Female,69.7,0,0,Yes,Private,Urban,115.55,36.1,Unknown,0
10635,Female,72.4,0,0,No,Private,Urban,157.16,35.6,smokes,0
1968,Female,42.3,1,0,Yes,Self-employed,Urban,114.98,21.1,Unknown,0
70770,Male,0.1,0,0,No,children,Rural,89.57,34.6,Unknown,0
48029,Male,59.6,0,0,No,Private,Urban,89.28,27.4,formerly smoked,0
74138,Male,58.2,1,0,Yes,Private,Rural,119.82,26.5,formerly smoked,0
27247,Female,52.8,0,0,Yes,Private,Urban,104.01,31.4,smokes,0
50263,Male,67.6,0,0,Yes,Private,Rural,91.44,31.2,never smoked,0
66753,Male,20.4,0,0,No,Private,Urban,112.65,35.2,never smoked,0
20449,Female,82.0,1,0,No,Private,Rural,55.0,22.1,never smoked,0
88224,Male,24.9,0,0,No,Govt_job,Rural,97.95,32.7,never smoked,0
58230,Female,62.5,0,0,Yes,Private,Urban,105.14,19.8,Unknown,0
94783,Female,8.9,0,0,No,children,Urban,58.36,27.2,smokes,0
10058,Female,25.5,0,0,Yes,Private,Urban,72.68,27.7,Unknown,0
70146,Female,79.4,0,0,No,Private,Rural,74.28,35.8,Unknown,0
31797,Male,40.3,0,0,Yes,Self-employed,Urban,102.09,28.6,Unknown,0
70468,Female,64.5,0,0,Yes,Private,Rural,95.54,26.5,Unknown,0
41100,Female,51.2,0,1,No,Private,Rural,95.98,39.2,never smoked,0
25112,Female,43.7,0,0,Yes,Self-employed,Rural,58.67,25.3,never smoked,0
39211,Female,76.0,1,0,Yes,Self-employed,Urban,153.97,25.0,Unknown,0
9871,Female,40.8,0,0,Yes,Govt_job,Rural,159.05,14.4,never smoked,0
88408,Male,6.8,0,0,No,children,Urban,64.03,26.9,formerly smoked,0
15085,Female,28.3,0,0,Yes,Private,Rural,93.8,21.5,Unknown,0
42323,Female,58.1,0,0,Yes,Self-employed,Urban,95.26,26.6,Unknown,0
9438,Male,54.7,0,0,Yes,Self-employed,Urban,118.66,30.3,never smoked,0
41470,Female,11.5,0,0,No,children,Urban,89.2,20.4,Unknown,0
25921,Male,30.1,0,0,Yes,Private,Rural,141.17,22.3,Unknown,0
2884,Female,33.2,0,0,Yes,Private,Urban,70.93,16.5,Unknown,0
64997,Female,38.0,0,0,Yes,Private,Urban,129.39,24.7,smokes,0
37192,Male,15.7,0,0,No,Private,Urban,117.44,21.4,never smoked,0
45942,Male,32.2,0,0,No,Private,Urban,66.67,44.6,Unknown,0
27715,Male,30.0,0,0,Yes,Private,Rural,92.4,39.8,smokes,0
33057,Female,63.0,1,0,Yes,Private,Rural,77.21,38.6,formerly smoked,0
82895,Female,63.8,0,0,No,Private,Urban,189.08,,Unknown,0
87526,Male,42.8,0,0,No,Never_worked,Rural,98.29,27.2,formerly smoked,0
73064,Female,37.4,0,0,Yes,Private,Rural,88.31,19.5,Unknown,0
64169,Male,49.1,0,0,Yes,Private,Urban,55.22,42.3,Unknown,0
41846,Female,28.0,0,0,Yes,Self-employed,Rural,115.15,34.7,never smoked,0
62586,Male,20.8,0,0,No,Private,Rural,91.78,20.6,formerly smoked,0
63375,Female,25.3,0,0,Yes,Private,Rural,128.86,31.3,never smoked,0
98492,Female,32.0,0,0,Yes,Private,Rural,168.48,17.4,never smoked,0
29239,Female,20.4,0,0,No,Private,Urban,134.93,27.5,never smoked,0
40559,Female,49.6,0,0,No,Self-employed,Urban,72.94,27.2,formerly smoked,0
42238,Male,62.1,0,1,Yes,Private,Rural,88.66,34.0,never smoked,0
41785,Female,11.1,0,0,No,children,Urban,64.56,35.9,Unknown,0
73922,Female,46.6,0,0,Yes,Private,Urban,81.52,28.7,never smoked,0
67721,Male,41.2,0,0,Yes,Private,Urban,143.76,26.8,never smoked,0
80254,Male,53.5,0,1,Yes,Self-employed,Rural,83.56,11.0,never smoked,0
75300,Female,45.7,0,0,No,Private,Rural,129.33,,never smoked,0
55667,Male,14.0,0,0,No,Private,Urban,86.88,23.6,never smoked,0
90385,Female,18.2,0,0,No,Private,Rural,134.0,29.3,Unknown,0
35028,Male,46.6,0,0,Yes,Self-employed,Urban,72.37,45.4,formerly smoked,0
6573,Female,68.6,0,0,Yes,Private,Urban,67.78,19.5,Unknown,0
25994,Female,0.1,0,0,No,children,Rural,188.47,28.7,never smoked,0
29562,Female,53.6,0,0,No,Private,Rural,74.68,32.2,never smoked,0
41404,Female,72.2,0,0,Yes,Never_worked,Urban,145.0,36.7,Unknown,0
75394,Female,42.6,0,0,No,Private,Rural,122.05,28.5,formerly smoked,0
20445,Female,58.1,0,0,Yes,Govt_job,Rural,80.47,37.3,never smoked,0
70861,Male,30.5,0,0,No,Private,Urban,80.82,25.4,never smoked,0
22739,Female,43.4,0,0,Yes,Private,Urban,93.55,32.6,Unknown,0
8370,Female,10.3,0,0,No,children,Rural,146.05,31.6,never smoked,0
25126,Male,0.1,0,0,No,children,Urban,88.04,27.8,formerly smoked,0
69013,Male,66.7,0,0,No,Govt_job,Rural,129.05,30.9,Unknown,0
97047,Male,24.3,0,0,No,Private,Rural,117.02,21.9,smokes,0
83065,Female,36.0,0,0,Yes,Private,Urban,118.26,26.3,Unknown,0
26394,Female,15.5,0,0,No,Private,Rural,190.81,18.8,formerly smoked,0
46832,Female,15.0,0,0,No,Self-employed,Rural,125.5,,Unknown,0
77480,Female,42.2,0,0,Yes,Private,Rural,117.68,37.0,smokes,0
55359,Female,29.9,0,0,Yes,Private,Urban,55.27,31.7,never smoked,0
32451,Male,54.3,0,0,Yes,Private,Rural,158.93,30.8,smokes,0
94201,Male,56.0,0,0,Yes,Private,Urban,135.12,16.5,Unknown,0
7531,Male,53.1,0,1,Yes,Private,Rural,116.16,30.9,never smoked,0
63284,Female,51.2,0,0,Yes,Private,Urban,93.31,28.0,formerly smoked,0
18440,Male,80.7,0,0,Yes,Private,Rural,56.28,32.5,formerly smoked,0
3369,Female,22.5,0,0,No,Private,Urban,124.5,38.9,smokes,0
54522,Male,44.8,0,0,Yes,Private,Rural,104.51,25.4,smokes,0
32263,Female,70.9,0,0,Yes,Govt_job,Rural,185.56,26.1,formerly smoked,0
51983,Female,73.8,0,0,Yes,Private,Urban,129.3,35.4,never smoked,0
25787,Female,14.7,0,0,No,Private,Urban,109.11,24.0,never smoked,0
42278,Male,39.1,0,0,No,Private,Rural,205.88,29.2,never smoked,0
80451,Male,75.9,0,0,No,Private,Urban,104.33,13.5,Unknown,0
13603,Male,57.2,0,0,Yes,Self-employed,Urban,179.8,,formerly smoked,0
20792,Male,50.3,0,0,No,Private,Rural,55.0,38.3,formerly smoked,0
27195,Male,41.2,0,0,Yes,Self-employed,Rural,220.64,31.0,formerly smoked,0
36451,Male,37.6,0,0,No,Private,Urban,145.76,35.2,formerly smoked,0
57189,Female,52.3,0,0,Yes,Private,Rural,77.38,35.7,Unknown,0
12567,Male,40.4,0,0,Yes,Private,Urban,197.75,38.6,smokes,0
51971,Female,45.1,0,0,Yes,Private,Urban,55.0,25.9,Unknown,0
57918,Female,47.7,0,0,No,Private,Urban,68.47,35.6,never smoked,0
84510,Female,31.1,0,0,Yes,Private,Urban,123.09,45.4,Unknown,0
7647,Female,57.7,0,1,Yes,Govt_job,Rural,159.32,28.3,never smoked,0
67073,Male,82.0,0,0,Yes,Private,Urban,116.69,18.6,never smoked,0
83117,Male,6.9,0,0,No,children,Urban,57.68,24.0,smokes,0
22708,Female,53.1,0,0,Yes,Private,Rural,80.11,32.0,never smoked,0
52396,Male,29.3,0,0,Yes,Private,Urban,87.44,16.0,never smoked,0
1001,Female,58.7,0,0,Yes,Private,Rural,121.17,22.8,never smoked,0
75059,Female,47.0,0,0,No,Private,Rural,100.32,26.0,smokes,0
63067,Female,62.8,0,0,Yes,Self-employed,Urban,167.76,29.3,never smoked,0
68103,Female,71.9,0,1,Yes,Self-employed,Urban,154.84,42.0,Unknown,0
84165,Female,50.2,0,0,Yes,Private,Urban,56.22,33.7,never smoked,0
1392,Female,70.9,0,0,Yes,Private,Rural,129.57,20.1,never smoked,0
41795,Female,0.1,0,0,No,children,Urban,68.68,57.5,formerly smoked,0
18010,Female,81.0,0,0,Yes,Private,Rural,169.5,28.4,Unknown,0
31871,Male,54.3,0,0,Yes,Self-employed,Urban,130.11,15.9,Unknown,0
11961,Female,69.7,0,0,Yes,Self-employed,Rural,100.36,20.7,never smoked,0
39707,Female,19.2,0,0,No,Private,Rural,92.1,20.8,Unknown,0
6172,Female,27.7,0,0,Yes,Private,Urban,119.25,18.4,formerly smoked,0
73754,Female,49.2,0,0,No,Self-employed,Urban,153.15,32.3,Unknown,0
1212,Female,45.6,0,0,Yes,Private,Rural,117.24,11.0,formerly smoked,0
9129,Female,52.2,0,0,Yes,Private,Urban,100.14,35.9,never smoked,0
79925,Male,69.9,0,0,Yes,Private,Urban,74.7,34.6,Unknown,0
61309,Female,7.2,0,0,No,children,Urban,98.59,25.1,never smoked,0
41415,Male,67.4,0,0,No,Self-employed,Urban,153.53,35.4,Unknown,0
59398,Female,46.2,0,0,No,Private,Rural,137.02,20.3,smokes,0
70917,Female,41.5,0,0,Yes,Govt_job,Rural,160.84,,never smoked,0
72184,Female,13.6,0,0,No,children,Urban,73.28,32.6,never smoked,0
80225,Female,57.1,0,0,Yes,Private,Urban,57.41,26.9,never smoked,0
27340,Female,0.1,0,0,No,children,Urban,132.73,23.8,never smoked,0
1855,Female,60.3,0,0,Yes,Private,Urban,62.57,27.6,formerly smoked,0
92234,Female,13.2,0,0,No,children,Rural,160.78,38.4,Unknown,0
93897,Male,47.2,0,0,Yes,Self-employed,Rural,134.19,38.1,never smoked,0
64109,Female,43.4,0,0,Yes,Private,Urban,116.03,31.7,never smoked,0
39645,Female,71.7,0,0,Yes,Govt_job,Urban,69.75,25.8,Unknown,0
47888,Male,42.1,0,0,No,Self-employed,Urban,104.66,32.4,never smoked,0
63268,Female,30.7,0,0,Yes,Self-employed,Urban,98.64,22.0,Unknown,0
39754,Male,34.9,0,0,Yes,Private,Urban,117.77,37.3,never smoked,0
75632,Male,74.0,0,1,Yes,Never_worked,Urban,177.99,35.6,Unknown,1
68000,Male,57.8,0,0,Yes,Private,Rural,73.75,43.0,Unknown,0
23953,Female,37.5,0,0,Yes,Private,Urban,93.3,22.5,never smoked,0
71449,Female,40.8,0,1,Yes,Self-employed,Urban,101.11,21.6,never smoked,0
86057,Male,11.5,0,0,No,children,Rural,164.31,32.6,never smoked,0
75260,Male,54.5,0,0,Yes,Self-employed,Urban,108.45,26.4,never smoked,0
46571,Male,7.3,0,0,No,children,Rural,129.76,36.0,formerly smoked,0
839,Female,62.5,0,0,Yes,Self-employed,Urban,169.03,38.4,smokes,0
60408,Female,48.8,0,0,Yes,Private,Urban,115.89,41.3,Unknown,0
34300,Female,82.0,0,0,Yes,Private,Rural,93.73,28.9,never smoked,0
1574,Female,21.8,0,0,No,Govt_job,Urban,156.86,35.1,Unknown,0
35643,Female,43.7,0,0,Yes,Private,Rural,175.7,24.6,never smoked,0
93124,Male,82.0,0,0,Yes,Self-employed,Urban,126.28,30.1,never smoked,0
43152,Female,72.2,0,1,Yes,Private,Rural,82.94,28.1,never smoked,0
81517,Male,30.7,0,0,Yes,Private,Urban,90.54,27.7,never smoked,0
11745,Male,50.9,0,0,No,Private,Urban,175.06,,never smoked,0
53319,Female,46.0,0,0,Yes,Self-employed,Urban,134.05,18.4,never smoked,0
26219,Female,52.2,1,0,Yes,Govt_job,Urban,103.76,28.5,never smoked,0
21411,Male,30.6,0,0,No,Private,Rural,55.0,28.9,Unknown,0
66429,Female,44.0,0,0,Yes,Private,Urban,135.05,33.3,smokes,0
21734,Female,10.8,0,0,No,children,Urban,126.54,20.3,Unknown,0
43526,Male,49.0,1,0,Yes,Govt_job,Urban,142.17,26.3,never smoked,0
99795,Male,55.9,0,0,Yes,Private,Rural,78.66,24.0,Unknown,0
32412,Male,41.0,0,0,Yes,Private,Rural,93.89,11.6,never smoked,0
13170,Male,10.5,0,0,No,children,Urban,149.7,37.2,never smoked,0
82970,Female,67.7,0,0,Yes,Private,Urban,55.0,17.5,never smoked,0
62177,Male,54.0,0,0,Yes,Self-employed,Urban,93.51,16.5,formerly smoked,0
16717,Male,30.0,0,0,Yes,Private,Urban,60.72,35.6,never smoked,0
57191,Male,39.8,0,0,Yes,Private,Urban,75.29,26.0,Unknown,0
52748,Male,13.0,0,0,No,children,Urban,141.86,26.2,Unknown,0
92233,Male,23.4,0,0,No,Govt_job,Urban,99.67,26.4,never smoked,0
17155,Male,34.2,0,0,Yes,Private,Rural,70.38,36.6,Unknown,0
26016,Female,73.0,0,0,Yes,Govt_job,Rural,123.0,24.4,never smoked,0
90536,Male,31.9,0,0,Yes,Govt_job,Rural,85.33,,never smoked,0
90910,Female,60.1,0,0,No,Private,Rural,98.3,19.9,never smoked,0
45421,Male,34.2,0,0,Yes,Private,Rural,111.51,31.0,never smoked,0
36233,Male,51.5,0,0,Yes,Self-employed,Rural,161.17,35.3,never smoked,0
56516,Male,42.9,0,0,No,Private,Rural,111.51,39.0,never smoked,0
27567,Female,65.2,0,0,Yes,Private,Urban,91.32,16.9,never smoked,0
523,Female,34.2,0,0,No,Private,Urban,120.65,26.3,Unknown,0
57710,Female,11.4,0,0,No,children,Urban,123.4,40.5,Unknown,0
88385,Female,15.6,0,0,No,Self-employed,Rural,88.39,35.4,Unknown,0
54651,Female,34.3,0,0,Yes,Govt_job,Rural,99.65,27.0,never smoked,0
50701,Male,18.5,0,0,No,Private,Urban,103.46,28.5,never smoked,0
12933,Female,55.0,0,0,Yes,Private,Rural,151.57,30.7,smokes,0
82045,Male,35.8,0,0,Yes,Private,Urban,55.0,25.7,smokes,0
93064,Female,82.0,1,0,Yes,Private,Urban,126.37,32.6,never smoked,0
7141,Male,7.8,0,0,No,children,Rural,138.22,32.2,Unknown,0
77375,Female,50.5,0,0,Yes,Private,Urban,149.94,20.1,Unknown,0
33954,Male,21.2,0,0,No,Govt_job,Urban,59.06,24.8,never smoked,0
30553,Male,35.1,0,0,Yes,Private,Urban,58.38,25.1,Unknown,0
64700,Male,49.1,0,0,No,Private,Urban,83.91,26.6,never smoked,0
69422,Male,0.1,0,0,No,children,Urban,130.69,30.5,formerly smoked,0
4645,Female,51.2,0,0,Yes,Self-employed,Rural,143.67,29.9,never smoked,0
9887,Female,82.0,0,0,Yes,Private,Rural,55.39,23.1,smokes,0
44966,Female,36.0,0,0,Yes,Self-employed,Urban,112.48,38.6,never smoked,0
71499,Male,51.7,0,0,Yes,Private,Urban,140.94,28.5,formerly smoked,0
20398,Female,68.5,0,0,Yes,Govt_job,Rural,89.86,39.5,never smoked,0
26026,Female,42.4,0,0,Yes,Self-employed,Rural,115.57,39.3,formerly smoked,0
20561,Male,33.2,0,0,Yes,Private,Rural,66.54,20.6,smokes,0
56111,Female,0.1,0,0,No,children,Rural,126.14,24.8,never smoked,0
49436,Male,60.1,0,0,No,Private,Urban,97.69,25.4,smokes,1
82048,Male,43.5,0,0,Yes,Private,Rural,94.19,30.8,Unknown,0
762,Male,23.7,0,0,No,Private,Rural,113.84,33.9,Unknown,0
80259,Male,48.8,0,0,Yes,Private,Urban,55.0,29.6,Unknown,0
3848,Male,33.2,0,0,No,Private,Rural,84.92,24.4,never smoked,0
25427,Male,34.4,0,0,Yes,Govt_job,Rural,140.98,40.9,formerly smoked,0
89636,Male,59.3,0,0,No,Private,Urban,55.17,25.2,Unknown,0
53882,Female,16.6,0,0,No,Private,Rural,57.52,34.1,Unknown,0
91560,Male,69.0,0,0,Yes,Never_worked,Urban,88.1,28.2,never smoked,0
40028,Male,15.3,0,0,No,Private,Urban,103.12,28.0,Unknown,0
48769,Female,31.4,0,0,Yes,Private,Urban,111.58,33.6,formerly smoked,0
604,Female,82.0,0,0,Yes,Private,Rural,185.02,40.1,Unknown,0
18189,Female,70.8,0,0,Yes,Private,Urban,112.98,30.8,formerly smoked,1
17825,Female,48.1,0,0,Yes,Self-employed,Urban,118.04,24.8,never smoked,0
80898,Male,25.3,0,0,No,Private,Rural,150.15,39.6,never smoked,0
54278,Female,34.4,0,0,Yes,Private,Urban,76.95,32.2,never smoked,0
80270,Female,47.6,0,0,Yes,Private,Urban,119.54,29.8,smokes,1
10570,Female,46.8,0,0,Yes,Self-employed,Rural,130.16,36.2,smokes,0
87027,Female,44.0,1,0,Yes,Self-employed,Urban,131.93,30.9,formerly smoked,1
77298,Female,45.3,0,0,Yes,Private,Rural,111.66,46.9,smokes,0
13484,Female,41.3,0,0,Yes,Private,Urban,108.92,28.5,formerly smoked,0
49099,Female,14.3,0,0,No,Private,Rural,70.45,37.1,never smoked,0
42695,Female,34.6,0,0,No,Private,Urban,91.51,31.8,never smoked,0
41262,Male,66.1,0,0,Yes,Private,Urban,168.98,31.8,formerly smoked,0
48631,Female,15.9,0,0,No,Private,Urban,84.21,25.8,formerly smoked,0
5515,Male,41.8,0,0,No,Private,Rural,105.38,25.8,Unknown,0
99118,Female,28.0,0,0,Yes,Private,Rural,103.0,32.2,Unknown,0
60980,Female,48.4,0,0,Yes,Private,Rural,119.59,22.0,formerly smoked,0
31883,Male,37.5,0,0,Yes,Private,Rural,102.7,24.2,never smoked,0
46967,Female,78.5,0,0,Yes,Private,Urban,96.92,28.6,Unknown,0
43573,Female,57.1,0,0,Yes,Private,Urban,139.37,37.8,never smoked,1
91310,Male,17.1,0,0,No,Private,Rural,112.91,29.1,formerly smoked,0
73863,Female,60.8,0,0,No,Private,Urban,108.99,29.0,Unknown,0
27221,Male,29.0,0,0,No,Private,Urban,86.21,20.6,Unknown,0
25011,Male,33.3,0,0,Yes,Private,Rural,92.39,41.2,Unknown,0
30301,Male,52.9,0,0,Yes,Private,Urban,114.47,36.8,never smoked,0
24914,Male,35.2,0,0,No,Private,Rural,144.08,37.6,formerly smoked,0
10286,Female,65.6,0,0,Yes,Private,Rural,160.59,17.6,Unknown,0
46174,Male,29.0,0,0,Yes,Govt_job,Rural,117.66,31.1,never smoked,0
66360,Female,32.4,0,0,Yes,Private,Urban,196.85,21.5,Unknown,0
64776,Male,31.6,0,0,Yes,Private,Rural,95.08,34.3,never smoked,0
62731,Male,33.6,0,0,No,Private,Urban,94.86,30.9,Unknown,0
69664,Female,70.2,1,0,Yes,Private,Rural,161.74,32.4,formerly smoked,0
89484,Female,59.8,0,0,Yes,Govt_job,Urban,110.65,23.1,never smoked,0
46405,Female,82.0,0,0,Yes,Self-employed,Urban,87.16,20.7,Unknown,0
63680,Female,82.0,1,0,No,Private,Rural,112.27,23.7,Unknown,0
39926,Female,23.3,0,0,No,Self-employed,Urban,73.66,30.8,formerly smoked,0
9973,Male,47.5,0,0,Yes,Private,Urban,98.9,26.7,Unknown,0
53042,Female,20.1,0,0,No,Private,Urban,70.74,30.4,smokes,0
19142,Male,28.9,0,0,Yes,Private,Urban,73.63,20.8,smokes,0
38486,Male,32.1,0,0,No,Self-employed,Urban,114.05,28.5,never smoked,0
89542,Male,22.7,0,0,No,Private,Urban,55.0,39.0,Unknown,0
9152,Female,22.9,0,0,No,Private,Urban,71.03,31.0,smokes,0
16792,Male,42.8,0,0,Yes,Private,Urban,80.29,31.5,smokes,0
84006,Male,19.2,0,0,No,Private,Rural,91.16,31.5,Unknown,0
11729,Male,64.5,0,0,Yes,Self-employed,Urban,126.47,24.7,never smoked,0
49184,Male,25.8,0,0,Yes,Self-employed,Urban,90.07,40.7,Unknown,0
10954,Male,82.0,0,0,Yes,Private,Rural,166.83,31.2,Unknown,0
28713,Female,36.1,0,0,Yes,Never_worked,Rural,83.86,29.8,never smoked,0
27970,Male,47.6,0,0,Yes,Private,Rural,55.0,,Unknown,0
59844,Female,17.5,0,0,No,Private,Urban,72.54,35.6,Unknown,0
35761,Male,82.0,0,0,Yes,Private,Rural,113.49,19.2,formerly smoked,0
14805,Female,70.6,0,0,Yes,Private,Urban,73.54,28.9,never smoked,0
66851,Female,52.5,1,0,Yes,Private,Rural,91.09,45.3,never smoked,0
54298,Female,16.4,0,0,No,Self-employed,Rural,153.31,40.9,never smoked,0
13220,Female,50.6,0,0,Yes,Govt_job,Urban,169.29,27.7,never smoked,0
44631,Male,21.3,0,0,No,Self-employed,Rural,62.95,34.0,smokes,0
62783,Female,78.2,0,0,Yes,Private,Urban,96.58,26.1,smokes,1
52589,Male,63.8,0,0,No,Private,Urban,112.58,31.2,formerly smoked,0
93345,Female,48.1,0,0,Yes,Govt_job,Rural,141.55,25.1,formerly smoked,0
2720,Male,0.1,0,0,No,children,Rural,89.73,24.9,smokes,0
71441,Female,24.4,0,0,Yes,Private,Urban,112.27,24.1,Unknown,0
62852,Female,61.1,0,0,No,Govt_job,Rural,150.09,41.1,Unknown,0
79306,Female,72.7,1,0,No,Self-employed,Rural,113.36,24.9,Unknown,1
33709,Female,70.4,0,1,Yes,Private,Rural,55.0,37.1,never smoked,0
98237,Male,11.0,0,0,No,children,Urban,96.26,25.3,Unknown,0
53357,Male,52.6,0,0,Yes,Private,Rural,78.19,24.4,Unknown,0
63904,Female,68.3,0,0,Yes,Private,Rural,80.05,31.4,Unknown,0
13179,Female,9.5,0,0,No,children,Urban,82.25,18.8,smokes,0
59474,Female,45.8,0,0,No,Private,Urban,55.0,33.5,never smoked,0
91235,Female,52.0,0,0,Yes,Private,Rural,165.22,27.5,formerly smoked,0
73914,Male,39.4,0,0,Yes,Private,Urban,144.66,,never smoked,0
94385,Female,5.3,0,0,No,children,Urban,174.0,22.8,never smoked,0
91034,Male,38.8,0,0,Yes,Private,Rural,202.31,43.3,formerly smoked,0
42433,Male,38.8,0,0,Yes,Self-employed,Urban,110.91,28.2,Unknown,0
18401,Female,42.7,0,0,Yes,Private,Urban,86.73,27.9,formerly smoked,0
4401,Female,33.6,0,0,No,Private,Urban,121.43,35.0,formerly smoked,0
35169,Female,36.3,0,0,Yes,Self-employed,Urban,123.23,22.2,smokes,0
13583,Female,45.1,0,0,Yes,Private,Rural,86.62,37.0,never smoked,0
10794,Female,55.7,0,0,Yes,Private,Urban,85.78,28.2,never smoked,0
31450,Male,39.3,0,0,Yes,Govt_job,Urban,101.13,18.1,Unknown,0
77083,Female,37.0,0,0,Yes,Private,Urban,83.62,24.5,never smoked,0
26546,Male,48.0,0,0,Yes,Private,Urban,123.67,20.3,never smoked,0
67187,Male,3.7,0,0,No,children,Rural,67.16,29.1,formerly smoked,0
44698,Male,56.5,0,0,No,Private,Urban,132.93,22.5,never smoked,0
41919,Male,46.0,1,0,Yes,Private,Rural,167.09,21.7,never smoked,0
67237,Female,46.9,0,0,Yes,Self-employed,Rural,214.76,30.7,formerly smoked,0
48882,Female,67.1,0,0,Yes,Private,Rural,170.33,28.8,Unknown,0
20953,Female,3.0,0,0,No,children,Urban,213.57,37.6,never smoked,0
2872,Male,2.6,0,0,No,children,Rural,124.35,37.2,formerly smoked,0
34519,Male,52.0,0,0,Yes,Private,Urban,63.09,29.0,formerly smoked,0
88044,Female,45.8,0,1,Yes,Govt_job,Rural,108.14,32.2,Unknown,0
45465,Female,49.7,0,0,No,Self-employed,Rural,196.28,17.9,formerly smoked,1
19615,Female,35.8,0,0,Yes,Private,Urban,168.45,33.7,Unknown,0
58972,Female,60.6,0,0,Yes,Private,Urban,94.43,31.6,Unknown,0
66324,Male,66.5,1,1,Yes,Govt_job,Rural,58.46,35.7,never smoked,0
98090,Female,56.6,0,0,Yes,Private,Urban,122.15,26.2,Unknown,0
94501,Female,40.3,0,0,Yes,Private,Rural,61.71,26.3,never smoked,0
78017,Female,0.1,0,0,No,children,Urban,120.98,26.3,Unknown,0
17277,Female,62.9,1,0,No,Self-employed,Urban,133.94,39.3,smokes,0
16148,Female,72.9,1,0,Yes,Private,Rural,173.53,30.6,smokes,0
13560,Male,60.2,0,0,Yes,Private,Rural,55.0,17.3,formerly smoked,0
83728,Female,26.6,0,0,Yes,Self-employed,Rural,142.05,33.3,smokes,0
62837,Female,60.8,0,0,Yes,Self-employed,Rural,101.45,25.0,never smoked,0
23492,Female,64.9,0,1,No,Private,Rural,180.78,36.6,formerly smoked,0
53218,Female,80.3,0,1,Yes,Private,Urban,138.77,32.5,smokes,0
13602,Female,26.7,0,0,No,Private,Urban,111.21,37.8,formerly smoked,0
20298,Female,41.0,0,0,Yes,Private,Rural,77.31,36.3,formerly smoked,0
12278,Female,62.4,0,1,Yes,Govt_job,Rural,104.96,35.5,never smoked,0
10500,Female,47.3,0,0,Yes,Self-employed,Urban,153.9,37.0,Unknown,0
78600,Male,21.4,0,0,No,Private,Urban,105.2,34.6,formerly smoked,0
82495,Male,55.1,0,0,Yes,Self-employed,Urban,104.01,23.3,smokes,0
30684,Male,58.7,0,0,No,Govt_job,Rural,105.88,19.9,Unknown,0
62208,Female,47.9,0,0,Yes,Private,Urban,86.78,22.3,never smoked,0
53711,Male,50.8,0,0,Yes,Private,Rural,74.41,34.0,never smoked,0
34501,Male,40.3,0,0,Yes,Private,Rural,78.43,11.8,Unknown,0
57575,Female,78.5,0,0,Yes,Self-employed,Urban,262.5,28.4,Unknown,0
15466,Female,26.2,0,0,Yes,Private,Urban,109.17,26.5,formerly smoked,0
14636,Female,33.1,0,0,Yes,Self-employed,Urban,144.4,37.7,never smoked,0
60325,Male,46.2,0,1,Yes,Private,Urban,114.31,27.6,formerly smoked,0
54907,Female,65.3,0,0,Yes,Private,Rural,154.96,25.7,Unknown,0
68171,Female,13.1,0,0,No,children,Urban,169.51,38.4,formerly smoked,1
78444,Male,17.2,0,0,No,Self-employed,Rural,200.92,27.8,Unknown,0
28669,Female,1.2,0,0,No,children,Urban,194.37,26.6,never smoked,0
7477,Male,46.7,0,1,Yes,Govt_job,Urban,64.57,24.8,formerly smoked,0
1810,Male,21.4,0,0,No,Private,Rural,129.12,30.6,never smoked,0
81248,Male,37.5,0,0,No,Private,Urban,91.78,26.0,formerly smoked,0
15677,Male,60.6,1,0,No,Private,Urban,87.68,26.0,Unknown,0
13526,Female,31.9,0,0,No,Private,Urban,98.78,39.4,never smoked,0
44219,Male,51.1,0,0,Yes,Private,Urban,176.04,,smokes,0
60905,Male,39.4,0,0,Yes,Govt_job,Rural,154.17,25.1,never smoked,0
38729,Male,60.8,0,0,No,Private,Urban,109.57,21.0,never smoked,0
79915,Female,56.5,0,0,Yes,Private,Urban,136.35,,never smoked,0
74439,Female,30.8,0,0,Yes,Private,Urban,123.05,24.3,formerly smoked,0
37001,Female,42.3,0,0,Yes,Private,Urban,98.86,25.7,Unknown,0
24077,Female,69.0,0,0,Yes,Self-employed,Urban,83.46,22.1,never smoked,0
73280,Female,54.7,0,0,Yes,Private,Rural,104.92,30.0,never smoked,0
75724,Male,15.3,0,0,No,Self-employed,Rural,139.47,18.7,never smoked,0
8838,Male,60.4,0,0,Yes,Private,Urban,183.31,31.6,smokes,0
94398,Male,22.1,0,0,No,Self-employed,Urban,129.6,24.4,never smoked,0
95029,Female,77.1,0,0,No,Private,Urban,88.83,33.9,Unknown,0
9274,Female,68.5,0,0,Yes,Private,Urban,75.94,32.1,Unknown,0
42595,Female,52.4,0,0,No,Self-employed,Urban,121.54,29.3,smokes,0
60405,Female,49.5,0,0,Yes,Private,Urban,55.0,34.8,never smoked,0
61211,Female,41.4,0,0,No,Private,Urban,241.49,40.2,formerly smoked,0
62851,Female,60.9,0,1,Yes,Govt_job,Rural,128.72,38.0,Unknown,0
72342,Female,37.8,0,0,No,Private,Rural,165.04,18.7,formerly smoked,0
77374,Female,51.2,0,0,No,Self-employed,Urban,150.77,24.0,Unknown,0
74047,Female,65.2,0,0,Yes,Self-employed,Urban,127.95,24.9,smokes,1
93165,Female,33.6,0,0,Yes,Private,Rural,125.12,33.3,Unknown,0
64239,Female,32.4,0,0,Yes,Never_worked,Rural,142.14,24.6,never smoked,0
66768,Male,19.7,0,0,No,Private,Rural,95.79,24.3,Unknown,0
4023,Female,22.6,0,0,No,Private,Urban,110.23,23.0,never smoked,0
53699,Female,5.8,0,0,No,children,Urban,145.01,30.7,smokes,0
58153,Female,62.1,0,0,Yes,Self-employed,Rural,64.51,33.3,smokes,0
5030,Male,82.0,0,0,Yes,Private,Urban,108.93,19.4,formerly smoked,0
22578,Female,77.4,0,0,No,Private,Urban,104.38,24.6,never smoked,0
74730,Male,10.2,0,0,No,children,Rural,55.0,,formerly smoked,0
13504,Female,61.9,0,0,No,Self-employed,Urban,132.4,11.0,never smoked,0
21223,Male,77.3,1,1,Yes,Private,Urban,125.52,32.1,formerly smoked,0
12053,Male,36.0,0,0,Yes,Private,Rural,108.86,30.9,never smoked,0
28897,Female,48.2,1,0,Yes,Private,Rural,162.7,29.8,formerly smoked,0
23989,Male,1.8,0,0,No,children,Urban,145.82,40.4,formerly smoked,0
53775,Female,51.9,0,0,Yes,Self-employed,Rural,149.78,15.9,never smoked,0
73849,Male,22.6,0,0,No,Private,Urban,104.87,12.9,smokes,0
46278,Female,50.4,0,0,Yes,Private,Urban,94.81,20.1,never smoked,0
37511,Female,11.7,0,0,No,children,Rural,116.58,12.6,smokes,0
10531,Male,57.9,0,0,Yes,Self-employed,Rural,127.54,23.9,Unknown,0
32179,Male,68.5,1,0,Yes,Private,Urban,146.27,32.9,Unknown,0
38635,Female,28.8,0,1,Yes,Private,Urban,79.62,30.7,formerly smoked,0
84512,Male,21.0,0,0,No,Self-employed,Rural,124.61,36.2,formerly smoked,0
80450,Female,0.1,0,0,No,children,Urban,161.02,31.3,formerly smoked,0
98005,Female,40.1,0,0,Yes,Private,Urban,83.24,25.5,formerly smoked,0
80509,Male,33.2,0,0,Yes,Private,Rural,55.0,24.6,never smoked,0
79709,Female,11.9,0,1,No,children,Urban,55.0,31.8,never smoked,0
92643,Female,56.0,0,0,Yes,Govt_job,Rural,94.44,,Unknown,0
98123,Male,36.1,0,0,Yes,Private,Rural,74.44,11.0,never smoked,0
79159,Female,22.3,0,0,No,Private,Urban,130.44,31.4,never smoked,0
34824,Female,33.8,0,0,No,Private,Urban,122.91,30.3,never smoked,0
21529,Female,69.6,0,0,Yes,Private,Rural,55.2,40.3,never smoked,0
20673,Male,59.3,0,0,Yes,Govt_job,Urban,158.38,33.7,never smoked,0
86337,Female,43.1,0,0,No,Private,Urban,85.78,30.8,formerly smoked,0
17208,Female,59.6,0,0,Yes,Private,Urban,77.93,26.2,smokes,0
39384,Male,20.5,0,0,No,Self-employed,Rural,120.72,22.4,Unknown,0
88663,Female,46.7,0,0,Yes,Self-employed,Rural,91.97,26.4,smokes,0
50234,Female,49.2,0,0,Yes,Never_worked,Urban,116.97,35.7,Unknown,0
29766,Male,35.7,0,0,Yes,Self-employed,Rural,103.14,32.0,smokes,0
17621,Male,55.6,0,0,Yes,Private,Urban,164.79,35.5,never smoked,0
66767,Female,28.8,0,0,Yes,Private,Rural,117.89,29.3,Unknown,0
29716,Male,57.2,1,0,Yes,Private,Rural,106.91,21.8,formerly smoked,0
86834,Male,58.1,0,1,Yes,Self-employed,Rural,107.59,37.2,Unknown,0
35341,Female,0.1,0,0,No,children,Rural,152.39,36.5,never smoked,0
54927,Male,72.2,1,1,Yes,Private,Rural,87.94,29.9,formerly smoked,1
23892,Male,0.1,0,0,No,children,Urban,132.9,32.7,never smoked,0
70422,Male,32.4,0,0,Yes,Private,Rural,109.7,32.3,never smoked,0
26171,Female,68.6,0,0,No,Govt_job,Rural,110.91,25.0,smokes,0
46583,Male,39.0,0,0,Yes,Self-employed,Rural,74.6,26.5,Unknown,0
54461,Other,13.7,0,0,No,children,Urban,94.65,21.7,Unknown,0
89519,Female,21.9,0,0,No,Private,Urban,88.09,26.5,Unknown,0
25154,Male,68.6,0,0,Yes,Private,Rural,109.5,36.2,Unknown,0
36306,Male,3.7,0,0,No,children,Urban,65.51,34.8,Unknown,0
34050,Male,70.8,0,0,Yes,Private,Rural,55.0,32.7,Unknown,0
64689,Male,44.8,0,0,Yes,Private,Urban,91.74,35.7,Unknown,0
19486,Female,19.8,0,0,No,Private,Rural,153.47,25.8,never smoked,0
72742,Female,33.2,0,0,Yes,Private,Rural,128.74,19.7,Unknown,0
13049,Male,23.6,0,0,No,Private,Urban,105.61,27.3,formerly smoked,0
96819,Female,65.1,0,0,Yes,Self-employed,Urban,76.43,27.9,never smoked,0
25979,Female,62.1,0,0,Yes,Self-employed,Rural,55.0,33.6,formerly smoked,0
95504,Male,8.2,0,0,No,children,Rural,85.56,32.3,Unknown,0
98358,Male,37.1,0,0,No,Self-employed,Rural,100.58,36.1,Unknown,0
74553,Female,27.0,0,0,Yes,Private,Urban,71.1,13.4,never smoked,0
86393,Male,74.5,0,0,Yes,Private,Urban,125.4,22.5,formerly smoked,0
2407,Female,16.3,0,0,No,Private,Rural,124.31,27.8,Unknown,0
77451,Female,81.3,0,0,Yes,Private,Rural,91.2,32.1,Unknown,0
25219,Female,45.3,0,0,Yes,Private,Urban,102.68,44.2,never smoked,0
33742,Female,20.4,0,0,No,Private,Urban,101.93,21.2,Unknown,0
69849,Female,31.1,0,0,Yes,Private,Rural,121.38,23.2,smokes,0
90579,Male,28.4,0,0,Yes,Private,Urban,79.09,25.3,never smoked,0
41288,Male,18.0,0,0,No,Private,Rural,234.12,22.9,never smoked,0
78511,Female,48.1,0,0,Yes,Govt_job,Rural,65.36,21.8,formerly smoked,0
76225,Female,19.0,0,0,No,Private,Rural,79.49,28.8,smokes,0
86182,Female,0.1,0,0,No,children,Urban,115.25,35.9,Unknown,0
51449,Male,37.6,0,0,No,Private,Urban,184.33,29.4,Unknown,0
64325,Male,6.3,0,0,No,children,Rural,88.72,,smokes,0
54020,Female,29.5,0,0,Yes,Private,Urban,75.48,27.0,formerly smoked,0
92472,Female,26.0,0,0,Yes,Private,Urban,97.41,20.7,never smoked,0
23822,Female,26.8,0,0,No,Private,Urban,134.23,35.9,smokes,0
95766,Male,82.0,0,0,Yes,Self-employed,Urban,136.6,39.5,formerly smoked,0
61441,Female,47.2,0,0,Yes,Private,Rural,128.51,16.5,smokes,0
87618,Female,51.4,0,0,Yes,Private,Rural,191.51,30.2,Unknown,0
81698,Female,6.9,0,0,No,children,Urban,136.84,22.7,never smoked,0
4260,Female,31.6,0,0,Yes,Private,Rural,146.27,29.0,formerly smoked,0
97523,Female,50.7,1,0,Yes,Govt_job,Urban,159.32,27.9,smokes,0
75842,Female,23.5,0,0,No,Self-employed,Rural,72.4,18.4,never smoked,0
8481,Male,66.0,0,0,Yes,Private,Urban,101.38,37.6,never smoked,0
95785,Female,19.5,0,0,No,Private,Urban,79.99,27.4,smokes,0
18979,Female,39.7,0,0,No,Private,Urban,82.53,25.0,never smoked,0
17654,Female,33.1,0,0,Yes,Self-employed,Urban,94.15,29.4,formerly smoked,0
65434,Female,49.6,0,0,Yes,Private,Urban,120.37,22.0,Unknown,0
99984,Male,31.9,0,0,Yes,Private,Rural,181.09,27.1,formerly smoked,0
77505,Male,40.0,0,0,Yes,Private,Rural,132.28,14.7,never smoked,0
81124,Female,40.8,0,0,Yes,Private,Rural,124.1,11.0,Unknown,0
31943,Male,29.8,0,0,Yes,Private,Urban,94.89,21.2,never smoked,0
4554,Male,56.7,0,0,Yes,Private,Rural,187.72,24.5,never smoked,0
42341,Male,51.2,0,0,Yes,Private,Rural,63.69,15.3,Unknown,0
75642,Female,44.1,0,0,Yes,Private,Rural,138.08,24.8,Unknown,0
33467,Female,36.5,0,0,Yes,Govt_job,Rural,55.0,24.5,never smoked,0
11234,Female,63.5,0,0,Yes,Private,Urban,112.34,28.0,smokes,0
457,Male,40.8,0,0,Yes,Govt_job,Urban,151.87,33.1,formerly smoked,0
69981,Male,39.3,0,0,No,Govt_job,Urban,108.0,41.3,Unknown,0
83607,Female,48.3,0,0,Yes,Self-employed,Rural,166.12,31.7,smokes,0
91463,Female,82.0,0,0,Yes,Self-employed,Urban,76.35,21.1,smokes,0
92388,Female,16.5,0,0,No,Private,Urban,55.0,33.5,never smoked,0
14979,Female,62.9,0,0,Yes,Private,Urban,65.45,39.0,never smoked,0
87806,Male,4.4,0,0,No,children,Rural,95.73,20.1,never smoked,0
70502,Female,50.8,0,0,Yes,Private,Urban,120.58,20.5,smokes,1
6017,Male,80.7,0,0,Yes,Private,Urban,85.04,17.8,smokes,0
88301,Male,56.8,0,0,Yes,Self-employed,Rural,112.56,,never smoked,0
35825,Male,49.8,0,0,Yes,Private,Urban,129.0,31.3,never smoked,0
90621,Male,33.7,0,0,Yes,Self-employed,Rural,78.15,39.6,formerly smoked,0
13963,Female,46.7,0,0,Yes,Private,Urban,78.97,35.2,never smoked,0
53145,Male,40.5,0,0,Yes,Private,Urban,60.64,,Unknown,0
17250,Male,28.7,0,0,Yes,Private,Rural,166.14,28.8,Unknown,0
72016,Female,39.6,0,0,No,Govt_job,Rural,167.56,31.4,smokes,0
33496,Female,50.4,0,0,Yes,Self-employed,Urban,112.16,31.9,Unknown,0
33450,Female,29.1,0,0,Yes,Govt_job,Urban,67.53,38.3,smokes,0
37860,Female,28.3,0,0,Yes,Private,Urban,177.9,28.3,formerly smoked,0
55313,Female,16.1,0,0,No,Never_worked,Rural,79.01,30.5,smokes,0
1765,Female,54.6,0,0,Yes,Private,Urban,61.73,25.4,never smoked,0
39980,Male,58.0,1,0,Yes,Private,Rural,86.26,29.4,never smoked,0
51204,Female,51.1,0,0,Yes,Private,Urban,74.83,26.6,smokes,0
48127,Female,67.2,1,0,Yes,Self-employed,Rural,76.7,19.6,never smoked,0
21431,Female,47.9,0,0,No,Private,Urban,84.63,35.0,Unknown,0
75757,Female,54.6,0,0,Yes,Self-employed,Rural,109.09,39.7,never smoked,0
87928,Male,52.7,0,0,No,Private,Rural,137.5,28.2,formerly smoked,0
92678,Female,44.0,0,0,Yes,Private,Rural,98.01,31.0,formerly smoked,0
65202,Female,34.3,0,0,Yes,Govt_job,Rural,98.25,35.0,never smoked,0
12679,Female,82.0,1,0,Yes,Private,Urban,105.17,27.4,never smoked,0
41471,Female,36.1,0,0,Yes,Self-employed,Rural,61.73,29.9,formerly smoked,0
67957,Male,31.4,0,0,Yes,Private,Rural,136.24,26.9,never smoked,0
8944,Male,55.5,0,0,Yes,Private,Urban,152.28,24.4,never smoked,0
64050,Female,51.5,0,0,Yes,Govt_job,Rural,174.83,32.4,never smoked,0
80902,Male,15.1,0,0,No,Private,Rural,92.86,32.3,formerly smoked,0
77019,Female,70.7,0,0,No,Private,Urban,171.05,35.4,Unknown,1
60730,Male,43.9,0,0,Yes,Private,Urban,142.29,28.5,Unknown,0
25852,Female,21.6,0,0,No,Private,Rural,70.12,19.5,never smoked,0
98367,Female,72.2,0,0,Yes,Private,Rural,79.09,36.8,smokes,0
21794,Male,59.8,0,0,Yes,Govt_job,Urban,109.9,23.0,Unknown,0
32698,Male,18.2,0,0,No,Private,Rural,98.24,22.9,formerly smoked,0
59562,Female,82.0,0,0,Yes,Private,Rural,65.68,24.5,Unknown,0
2233,Male,60.5,0,0,Yes,Govt_job,Rural,109.6,15.4,Unknown,0
6688,Male,45.8,0,0,Yes,Govt_job,Urban,110.56,26.9,never smoked,0
43974,Female,81.0,0,0,No,Private,Urban,141.68,,formerly smoked,0
90739,Male,49.5,0,0,Yes,Private,Rural,87.48,25.2,Unknown,1
88135,Male,45.4,0,0,No,Private,Urban,79.92,38.5,never smoked,0
56588,Female,31.5,0,0,Yes,Private,Urban,60.28,38.1,never smoked,0
71623,Female,58.8,0,0,No,Private,Rural,116.63,35.2,never smoked,0
80757,Male,56.5,0,0,No,Private,Urban,111.87,14.0,never smoked,0
18419,Male,46.3,0,0,No,Never_worked,Urban,183.26,39.3,never smoked,0
89354,Female,28.6,0,0,Yes,Self-employed,Urban,138.3,26.7,formerly smoked,0
75971,Female,48.9,0,0,Yes,Private,Urban,87.7,41.1,Unknown,0
54874,Female,44.5,0,0,No,Private,Rural,107.09,24.0,never smoked,0
65495,Male,16.7,0,0,No,Private,Urban,65.16,27.5,Unknown,0
62237,Male,13.6,0,0,No,children,Rural,92.6,29.2,Unknown,0
72433,Female,58.4,0,0,Yes,Govt_job,Rural,113.56,21.5,formerly smoked,0
74771,Male,0.1,0,0,No,children,Urban,186.44,16.3,Unknown,0
93745,Male,50.5,0,0,Yes,Private,Rural,74.61,11.0,smokes,0
26412,Female,35.5,0,0,Yes,Self-employed,Urban,164.22,50.6,never smoked,0
85284,Female,74.8,1,0,Yes,Private,Urban,124.15,16.0,never smoked,1
8902,Female,35.1,0,0,Yes,Private,Rural,137.19,16.1,formerly smoked,0
74493,Female,60.5,0,1,Yes,Private,Urban,105.72,32.8,Unknown,0
87266,Female,37.3,0,0,Yes,Self-employed,Rural,82.44,17.8,never smoked,0
71983,Male,48.5,0,0,No,Private,Urban,161.07,16.4,smokes,0
71510,Male,62.2,0,0,Yes,Private,Urban,90.24,11.0,Unknown,0
18137,Female,35.8,0,0,Yes,Govt_job,Rural,134.47,30.7,Unknown,0
94419,Male,67.9,0,0,Yes,Private,Rural,67.12,20.5,Unknown,0
75264,Male,24.1,0,0,Yes,Private,Urban,73.0,33.3,never smoked,0
93580,Female,52.5,0,0,Yes,Govt_job,Rural,55.0,27.9,never smoked,0
97944,Female,66.3,0,0,Yes,Private,Rural,101.61,29.1,never smoked,0
87816,Male,60.5,0,0,Yes,Private,Urban,116.21,25.1,never smoked,0
8189,Male,82.0,0,0,Yes,Self-employed,Urban,107.02,26.4,Unknown,0
91480,Female,29.2,0,0,Yes,Private,Urban,59.97,21.8,smokes,0
38112,Male,15.7,0,0,No,Govt_job,Rural,73.48,22.5,Unknown,0
96551,Male,24.1,0,0,Yes,Private,Urban,136.41,20.3,formerly smoked,0
15600,Male,60.5,0,0,Yes,Self-employed,Urban,86.94,39.9,formerly smoked,0
60149,Male,57.0,0,0,Yes,Govt_job,Rural,108.84,25.5,never smoked,0
82117,Female,48.2,0,0,Yes,Self-employed,Urban,84.75,11.5,formerly smoked,0
60801,Female,21.3,0,0,No,Private,Rural,130.89,30.4,Unknown,0
65081,Female,62.9,1,0,No,Private,Urban,93.07,22.5,Unknown,0
19706,Male,19.1,0,0,No,Govt_job,Rural,98.66,28.2,Unknown,0
88410,Male,71.5,0,0,Yes,Private,Rural,148.66,26.5,Unknown,0
22988,Male,82.0,0,0,Yes,Private,Rural,107.8,39.7,never smoked,0
87374,Female,54.1,0,0,Yes,Private,Rural,76.47,25.6,never smoked,0
7370,Female,58.8,1,0,Yes,Govt_job,Urban,131.61,34.6,smokes,1
75407,Female,35.2,0,0,Yes,Private,Urban,59.94,33.8,formerly smoked,0
87025,Female,6.2,0,0,No,children,Rural,75.35,18.3,never smoked,0
29829,Female,32.7,0,0,Yes,Govt_job,Rural,61.8,29.9,never smoked,0
16456,Male,22.0,0,0,No,Private,Rural,132.07,22.8,Unknown,0
2342,Female,14.2,0,0,No,Private,Rural,120.52,,Unknown,0
5564,Male,82.0,0,0,Yes,Private,Rural,127.17,19.5,never smoked,0
81380,Male,52.0,0,0,Yes,Govt_job,Rural,114.25,34.7,smokes,0
7846,Male,54.4,0,0,Yes,Self-employed,Rural,159.93,48.3,never smoked,0
96794,Female,39.2,0,1,Yes,Private,Rural,113.31,22.5,never smoked,0
49640,Male,42.2,0,0,Yes,Private,Urban,86.53,30.1,never smoked,0
86885,Male,67.2,0,0,Yes,Govt_job,Urban,77.57,30.8,never smoked,0
23002,Female,45.3,0,0,Yes,Private,Urban,112.74,24.5,Unknown,0
62662,Male,57.7,0,0,No,Private,Urban,155.23,39.1,never smoked,0
25868,Male,41.7,0,0,Yes,Private,Urban,66.37,45.0,smokes,0
98947,Female,38.5,0,0,Yes,Govt_job,Rural,126.04,24.0,Unknown,0
11940,Female,15.0,0,0,No,Govt_job,Rural,98.65,41.5,never smoked,0
59956,Female,2.5,0,0,No,children,Rural,146.96,24.4,smokes,0
64569,Female,40.2,0,0,Yes,Private,Urban,57.14,21.2,formerly smoked,0
3056,Male,47.2,1,0,Yes,Private,Urban,191.52,27.5,never smoked,0
46920,Female,17.7,0,0,No,Private,Rural,98.2,35.0,never smoked,0
9455,Female,45.2,0,0,No,Private,Urban,55.0,27.7,Unknown,0
48640,Female,47.2,0,0,No,Govt_job,Urban,65.88,34.0,formerly smoked,0
44883,Female,0.1,0,0,No,children,Urban,192.83,30.2,never smoked,0
12342,Female,25.9,0,0,Yes,Private,Urban,125.84,38.6,formerly smoked,0
43868,Male,55.0,1,0,No,Private,Rural,102.39,32.5,Unknown,0
80183,Female,54.5,0,0,Yes,Self-employed,Urban,208.67,40.0,smokes,0
19164,Female,20.6,0,0,No,Private,Rural,111.67,22.1,Unknown,0
94200,Male,49.5,0,0,Yes,Private,Rural,143.83,27.0,Unknown,0
58715,Male,68.5,0,0,Yes,Private,Rural,73.11,28.5,never smoked,0
74289,Female,63.1,0,0,Yes,Self-employed,Urban,93.09,22.1,never smoked,0
51678,Female,43.9,0,0,Yes,Govt_job,Urban,111.03,20.9,formerly smoked,0
36991,Female,35.7,0,0,No,Private,Urban,89.16,31.4,formerly smoked,0
80994,Female,32.2,0,0,Yes,Private,Urban,187.01,33.5,smokes,0
8187,Female,56.3,0,0,Yes,Private,Urban,159.25,29.3,smokes,0
7875,Male,50.3,0,0,Yes,Govt_job,Urban,124.55,36.4,never smoked,0
79604,Male,59.8,0,0,No,Self-employed,Rural,65.74,20.2,Unknown,0
39184,Female,48.9,0,0,Yes,Self-employed,Rural,96.47,25.6,formerly smoked,0
13803,Male,64.0,1,0,Yes,Private,Rural,86.26,19.7,Unknown,1
26420,Female,48.1,1,0,Yes,Self-employed,Urban,133.6,29.5,formerly smoked,0
63202,Female,63.3,0,0,Yes,Private,Rural,88.99,32.2,smokes,0
40076,Female,65.2,0,0,No,Private,Rural,55.0,38.6,Unknown,0
49987,Female,28.3,0,0,Yes,Private,Rural,118.37,19.7,never smoked,0
31352,Male,6.2,0,0,No,children,Rural,87.28,31.3,formerly smoked,0
34194,Female,80.0,0,0,No,Private,Rural,167.45,39.3,Unknown,0
78276,Male,51.6,0,0,Yes,Private,Rural,69.32,21.0,Unknown,0
72904,Female,8.3,0,0,No,children,Rural,80.01,19.2,smokes,0
96084,Male,30.3,0,0,No,Govt_job,Rural,94.91,17.4,never smoked,0
41216,Male,63.0,0,0,Yes,Private,Rural,120.67,33.2,smokes,0
32548,Female,39.8,0,0,No,Private,Rural,148.53,23.1,smokes,0
52709,Female,34.7,0,1,Yes,Private,Urban,93.1,32.1,never smoked,0
33772,Male,76.8,0,0,Yes,Govt_job,Urban,112.21,26.9,smokes,0
37276,Female,23.0,0,0,No,Private,Urban,58.62,,formerly smoked,0
13918,Female,28.4,0,0,Yes,Govt_job,Rural,80.37,34.4,never smoked,0
90917,Male,50.7,0,0,Yes,Private,Rural,89.83,22.5,never smoked,0
48818,Female,54.6,0,0,Yes,Self-employed,Urban,94.81,26.2,Unknown,1
68660,Female,56.9,0,0,Yes,Private,Urban,130.54,34.4,never smoked,0
81589,Female,66.0,0,0,Yes,Govt_job,Urban,196.92,20.5,never smoked,0
54165,Female,50.4,0,0,Yes,Private,Urban,81.99,37.4,Unknown,0
87521,Female,56.8,0,0,Yes,Private,Rural,125.4,26.6,never smoked,0
81276,Female,40.3,0,0,Yes,Private,Rural,158.95,34.6,never smoked,0
82535,Female,47.4,0,0,Yes,Private,Rural,156.12,27.0,Unknown,0
96793,Female,48.4,0,0,Yes,Never_worked,Urban,74.57,24.6,smokes,0
55309,Female,50.7,0,0,Yes,Private,Urban,152.9,23.3,never smoked,0
53822,Male,63.0,0,0,Yes,Private,Rural,66.79,41.5,never smoked,0
24738,Female,58.2,1,0,Yes,Private,Rural,74.26,26.3,never smoked,0
15483,Female,47.0,0,0,Yes,Private,Rural,106.76,51.6,Unknown,0
74928,Female,28.2,0,0,No,Private,Rural,89.59,29.6,never smoked,0
12804,Male,47.5,0,0,Yes,Govt_job,Urban,172.26,22.1,never smoked,0
5157,Female,45.4,0,1,No,Private,Urban,55.0,16.6,Unknown,0
95892,Female,50.2,0,0,Yes,Self-employed,Urban,107.27,37.7,Unknown,0
15173,Male,82.0,0,0,Yes,Self-employed,Rural,144.75,27.0,Unknown,0
35437,Female,34.5,0,0,Yes,Private,Urban,55.0,34.7,smokes,0
750,Male,55.3,0,0,Yes,Self-employed,Urban,91.6,45.9,Unknown,0
70116,Male,69.5,0,0,Yes,Private,Rural,143.35,33.5,never smoked,0
61082,Male,48.2,1,0,Yes,Private,Rural,111.63,31.0,never smoked,0
28088,Female,82.0,0,0,Yes,Private,Rural,103.6,37.7,never smoked,0
90032,Female,37.7,0,0,Yes,Self-employed,Urban,148.69,34.5,never smoked,0
50501,Female,53.1,0,0,Yes,Self-employed,Rural,122.14,19.0,Unknown,0
13981,Male,28.4,0,0,Yes,Private,Rural,80.78,38.5,smokes,0
16219,Male,38.3,0,0,Yes,Self-employed,Urban,183.09,28.2,never smoked,0
86640,Male,51.5,0,0,No,Private,Urban,98.16,40.1,never smoked,0
72375,Female,64.6,0,0,Yes,Self-employed,Urban,65.27,32.3,Unknown,0
34734,Male,53.0,0,0,Yes,Private,Urban,105.5,37.4,formerly smoked,0
23463,Female,73.7,1,0,Yes,Private,Rural,109.19,26.8,Unknown,0
12453,Male,43.9,0,0,Yes,Private,Urban,120.62,17.1,Unknown,0
47524,Female,38.7,0,0,Yes,Private,Rural,127.79,32.7,Unknown,0
75623,Female,82.0,0,0,No,Private,Rural,59.84,35.8,never smoked,0
31713,Female,54.7,0,0,Yes,Private,Urban,95.26,24.3,smokes,0
42419,Male,30.2,0,0,Yes,Private,Rural,122.44,27.0,smokes,0
44029,Female,30.7,0,0,Yes,Private,Urban,104.22,11.9,Unknown,0
59845,Female,25.3,0,0,Yes,Private,Urban,86.91,27.3,never smoked,0
53886,Female,66.6,1,0,Yes,Self-employed,Urban,143.24,,Unknown,0
74949,Female,38.0,0,0,No,Private,Urban,134.87,32.4,smokes,0
68948,Male,48.8,0,0,Yes,Govt_job,Urban,55.0,31.0,formerly smoked,0
13399,Female,44.6,0,0,Yes,Private,Rural,55.0,28.6,never smoked,0
33786,Female,62.1,0,0,Yes,Private,Rural,112.49,,never smoked,0
76632,Male,27.4,0,0,Yes,Private,Urban,120.38,30.3,Unknown,0
13550,Female,22.3,0,0,No,Private,Rural,95.47,30.0,never smoked,0
74419,Female,50.9,0,0,Yes,Private,Urban,109.12,30.9,formerly smoked,0
98735,Female,59.2,0,0,Yes,Private,Urban,98.09,24.1,formerly smoked,0
26501,Female,53.3,0,0,Yes,Govt_job,Urban,118.96,35.9,never smoked,0
70565,Female,28.2,0,0,Yes,Private,Rural,87.69,21.6,smokes,0
65994,Female,60.9,1,0,Yes,Self-employed,Urban,96.84,31.7,never smoked,1
53539,Female,29.6,0,0,Yes,Private,Urban,98.23,37.6,formerly smoked,0
59344,Male,34.5,0,0,Yes,Self-employed,Urban,119.98,20.8,never smoked,0
45862,Male,25.2,0,0,No,Private,Urban,125.12,18.4,formerly smoked,0
55878,Male,74.6,1,0,Yes,Private,Rural,171.87,20.7,smokes,1
90241,Female,59.9,0,0,Yes,Private,Urban,68.03,42.1,Unknown,0
7774,Female,59.3,0,0,No,Self-employed,Urban,55.0,23.9,never smoked,0
40489,Other,73.4,0,0,Yes,Private,Urban,134.92,19.5,never smoked,0
72208,Male,82.0,0,0,Yes,Private,Rural,106.3,31.2,never smoked,0
1678,Female,8.4,1,0,No,children,Urban,59.49,11.0,never smoked,0
58685,Female,29.8,0,0,No,Govt_job,Urban,97.65,21.3,formerly smoked,0
28521,Female,32.4,0,0,Yes,Private,Rural,148.22,,Unknown,0
47097,Female,27.3,0,0,Yes,Never_worked,Rural,87.67,21.3,formerly smoked,0
44176,Female,22.3,0,0,No,Private,Rural,112.12,26.5,never smoked,0
428,Female,39.4,0,0,Yes,Private,Rural,81.09,30.7,Unknown,0
12178,Male,19.2,0,0,No,Self-employed,Rural,70.85,30.7,Unknown,0
45326,Female,53.4,0,0,Yes,Govt_job,Rural,140.31,24.5,never smoked,0
16203,Male,47.1,0,0,Yes,Private,Rural,84.24,32.6,Unknown,0
91771,Female,56.6,0,0,Yes,Govt_job,Rural,94.11,39.3,smokes,0
46104,Male,57.2,0,0,Yes,Private,Urban,105.47,20.5,Unknown,0
44768,Male,59.3,0,0,Yes,Private,Urban,80.58,24.9,never smoked,0
37505,Female,37.8,0,0,No,Private,Urban,225.86,27.7,formerly smoked,0
45518,Male,82.0,0,0,Yes,Private,Rural,134.0,33.7,Unknown,0
56628,Male,51.2,0,0,No,Self-employed,Urban,62.91,28.7,Unknown,0
86188,Male,5.0,0,0,No,children,Urban,55.0,27.5,smokes,0
49707,Female,23.9,0,0,No,Private,Urban,144.46,16.9,never smoked,0
81676,Male,7.7,0,0,No,children,Urban,113.27,20.0,Unknown,0
63043,Female,46.4,0,0,Yes,Private,Urban,117.83,29.9,formerly smoked,0
61450,Female,43.3,0,0,Yes,Private,Rural,98.82,24.6,formerly smoked,0
58520,Female,35.7,0,0,No,Govt_job,Rural,93.45,25.9,never smoked,0
32954,Female,82.0,0,0,Yes,Private,Urban,144.52,28.0,Unknown,0
6993,Female,58.1,0,0,Yes,Self-employed,Rural,70.31,46.1,formerly smoked,0
86321,Female,62.0,0,0,Yes,Private,Urban,155.65,24.8,Unknown,0
5892,Male,25.5,0,0,Yes,Private,Rural,108.31,38.9,formerly smoked,0
42565,Female,24.0,0,0,No,Private,Urban,61.17,38.4,never smoked,0
54559,Male,46.8,0,0,Yes,Private,Rural,55.81,34.5,Unknown,0
81418,Female,49.8,0,0,No,Private,Rural,81.51,22.1,never smoked,0
47144,Male,5.2,0,0,No,children,Rural,86.05,29.5,never smoked,0
65176,Male,42.0,0,0,Yes,Private,Rural,56.74,25.6,Unknown,0
91545,Male,46.3,0,0,Yes,Private,Rural,122.37,43.6,Unknown,0
22011,Male,41.3,0,0,No,Self-employed,Rural,128.91,31.6,Unknown,0
29998,Male,28.1,0,0,No,Private,Rural,126.5,26.9,never smoked,0
59323,Female,34.1,0,0,Yes,Private,Urban,139.47,41.9,Unknown,0
82553,Female,42.1,0,0,Yes,Private,Urban,88.52,25.9,smokes,0
68134,Female,48.0,0,0,Yes,Self-employed,Rural,116.18,32.6,formerly smoked,0
96000,Female,59.3,0,0,No,Private,Rural,138.99,33.8,formerly smoked,0
86556,Female,69.8,0,0,No,Private,Rural,122.9,31.1,formerly smoked,0
24276,Female,39.5,0,0,Yes,Private,Rural,112.46,27.7,never smoked,0
68997,Male,36.0,0,0,Yes,Private,Urban,157.72,,formerly smoked,0
69916,Male,55.6,0,0,Yes,Private,Urban,91.57,23.8,never smoked,0
39449,Male,59.4,0,0,Yes,Private,Urban,91.36,36.9,Unknown,0
84522,Male,36.4,0,0,Yes,Private,Rural,108.28,26.4,Unknown,0
13537,Female,63.4,0,0,Yes,Private,Urban,108.12,38.5,formerly smoked,0
40437,Female,67.6,0,0,Yes,Self-employed,Rural,106.66,36.3,Unknown,0
63549,Male,74.4,0,0,Yes,Private,Urban,58.29,32.6,Unknown,0
40832,Male,82.0,1,0,Yes,Private,Rural,153.4,27.8,Unknown,0
36646,Female,26.9,0,0,Yes,Private,Urban,116.07,36.8,Unknown,0
69966,Female,46.3,0,0,Yes,Private,Urban,55.0,32.8,never smoked,0
188,Female,46.2,0,0,Yes,Private,Urban,55.0,11.0,Unknown,0
32383,Female,43.8,0,0,Yes,Private,Urban,157.21,22.4,never smoked,0
52692,Female,31.7,0,0,Yes,Private,Rural,85.49,29.8,Unknown,0
87778,Female,13.3,0,0,No,children,Urban,105.57,30.6,smokes,0
81581,Male,48.0,0,0,Yes,Govt_job,Urban,71.99,33.8,Unknown,0
66878,Male,29.1,0,0,Yes,Self-employed,Urban,231.66,40.1,never smoked,0
96247,Female,47.9,0,0,Yes,Self-employed,Urban,100.14,32.9,never smoked,0
7339,Male,28.5,0,0,Yes,Private,Urban,86.89,12.9,never smoked,0
72134,Male,21.8,0,0,No,Private,Urban,141.65,30.0,never smoked,0
75686,Female,51.2,0,0,Yes,Self-employed,Urban,67.91,37.6,formerly smoked,0
26179,Male,49.3,0,0,Yes,Private,Urban,148.4,29.3,never smoked,0
22210,Female,58.7,0,0,Yes,Self-employed,Urban,96.7,30.0,Unknown,0
74753,Female,82.0,0,0,No,Private,Urban,131.75,24.8,Unknown,0
9571,Female,52.1,0,0,Yes,Self-employed,Urban,113.24,35.6,formerly smoked,0
77593,Male,56.7,0,0,Yes,Private,Rural,94.49,25.9,Unknown,0
90558,Male,22.3,0,0,No,Private,Rural,58.13,32.9,smokes,0
88758,Female,17.7,0,0,No,Private,Urban,107.87,31.7,Unknown,0
95532,Female,80.8,0,0,No,Private,Rural,77.38,28.9,Unknown,0
45009,Female,25.7,0,0,Yes,Private,Urban,106.8,32.1,Unknown,0
69556,Male,23.0,0,0,No,Private,Urban,137.09,30.0,never smoked,0
96166,Male,45.1,0,0,Yes,Private,Rural,122.86,38.1,Unknown,0
63567,Female,44.0,0,1,Yes,Private,Urban,55.0,33.6,Unknown,0
94256,Male,26.1,0,0,Yes,Private,Rural,91.31,36.3,never smoked,0
70124,Female,39.3,0,0,Yes,Govt_job,Rural,82.34,22.8,never smoked,0
35490,Female,73.0,0,0,No,Self-employed,Rural,85.86,22.3,Unknown,0
88384,Female,28.3,0,0,Yes,Private,Urban,110.35,29.0,Unknown,0
28534,Female,15.3,0,0,No,Govt_job,Urban,87.43,34.1,smokes,0
74882,Female,66.7,1,0,No,Govt_job,Rural,84.97,32.5,never smoked,0
6916,Female,56.8,0,0,No,Private,Rural,64.14,22.9,formerly smoked,0
56128,Female,32.3,0,0,Yes,Self-employed,Urban,89.75,34.4,never smoked,0
25477,Male,11.2,0,0,No,children,Rural,133.51,23.8,Unknown,0
16025,Female,29.6,0,0,No,Private,Urban,135.83,33.6,never smoked,0
46518,Male,44.8,0,0,Yes,Govt_job,Rural,113.97,30.6,never smoked,0
24680,Female,71.6,0,0,Yes,Govt_job,Rural,55.0,26.8,smokes,1
84543,Male,23.2,0,0,No,Private,Urban,110.15,24.5,Unknown,0
7114,Female,44.1,0,0,No,Private,Urban,163.76,29.5,Unknown,0
7449,Male,60.9,0,0,Yes,Private,Rural,66.13,29.1,formerly smoked,0
87837,Female,0.1,0,0,No,children,Urban,88.45,20.7,never smoked,0
42671,Female,68.7,0,0,Yes,Private,Rural,133.96,33.0,never smoked,0
84766,Female,20.0,0,0,No,Private,Urban,55.0,37.2,smokes,0
8454,Female,53.3,0,0,Yes,Private,Rural,89.12,35.0,never smoked,0
24875,Male,51.4,0,0,Yes,Self-employed,Rural,176.68,30.9,smokes,0
79264,Other,69.9,0,0,Yes,Private,Rural,169.54,25.1,formerly smoked,0
7791,Male,58.1,0,0,Yes,Private,Rural,169.99,29.5,formerly smoked,1
87309,Female,0.1,0,0,No,children,Urban,89.6,27.5,never smoked,0
29882,Male,28.7,0,0,Yes,Govt_job,Rural,156.66,29.4,Unknown,0
33385,Male,49.0,0,0,Yes,Private,Urban,111.57,35.5,Unknown,0
34872,Female,41.7,0,0,Yes,Private,Rural,75.91,27.7,formerly smoked,0
43254,Female,56.5,0,0,Yes,Private,Rural,83.35,14.7,formerly smoked,0
38866,Male,63.4,0,0,Yes,Private,Urban,119.5,34.5,never smoked,0
88760,Female,59.4,0,0,Yes,Private,Rural,55.0,31.5,formerly smoked,0
1081,Female,41.3,0,0,Yes,Govt_job,Urban,97.85,29.6,Unknown,0
55039,Male,5.4,0,0,No,children,Rural,107.39,19.7,formerly smoked,0
35802,Female,36.0,0,0,Yes,Private,Rural,127.11,22.3,never smoked,0
85835,Female,55.2,0,0,Yes,Private,Rural,55.0,,Unknown,0
1793,Female,22.0,0,0,No,Private,Urban,98.28,24.1,smokes,0
25810,Male,59.9,0,0,Yes,Private,Urban,139.85,24.8,never smoked,0
10864,Male,66.0,0,0,No,Self-employed,Rural,193.25,,never smoked,0
67416,Male,48.8,0,0,Yes,Private,Urban,75.94,44.6,formerly smoked,0
24317,Male,0.1,0,0,No,children,Rural,156.31,39.8,smokes,0
69787,Female,17.9,0,0,No,Private,Rural,137.11,30.6,Unknown,0
68396,Male,82.0,0,0,Yes,Private,Urban,165.3,,never smoked,1
61715,Female,34.0,0,0,No,Private,Urban,55.0,42.2,never smoked,0
31008,Female,2.3,0,0,No,children,Rural,55.0,40.7,never smoked,0
10956,Male,73.2,0,0,Yes,Govt_job,Rural,129.87,23.0,formerly smoked,0
58269,Male,46.3,0,0,Yes,Private,Urban,155.01,30.4,Unknown,0
97679,Female,70.3,0,0,Yes,Govt_job,Urban,102.68,27.1,never smoked,0
85334,Male,52.1,0,0,Yes,Private,Rural,92.52,26.5,Unknown,0
9496,Male,56.1,0,0,Yes,Private,Rural,107.81,27.3,never smoked,0
22918,Female,54.0,0,0,No,Private,Urban,150.61,27.9,Unknown,0
96615,Female,61.3,0,0,Yes,Private,Urban,77.34,30.1,smokes,0
12280,Female,82.0,0,0,Yes,Private,Rural,75.31,30.1,smokes,1
78774,Female,67.4,0,0,Yes,Private,Urban,55.0,39.3,Unknown,0
80325,Female,11.2,0,0,No,children,Rural,99.07,22.4,smokes,0
84216,Female,55.8,0,0,Yes,Private,Rural,61.45,35.8,Unknown,0
70363,Female,71.1,1,0,Yes,Private,Urban,107.76,20.4,smokes,0
89671,Female,72.5,0,0,Yes,Private,Rural,71.99,30.3,Unknown,0
90183,Male,36.6,1,0,Yes,Private,Rural,92.64,36.3,never smoked,0
4405,Male,71.6,0,0,No,Private,Rural,89.44,32.8,smokes,1
51871,Female,66.4,0,0,Yes,Private,Urban,109.46,26.1,Unknown,0
10114,Female,82.0,0,0,Yes,Private,Rural,112.52,30.6,smokes,0
31881,Female,29.5,0,0,No,Private,Urban,94.66,40.9,Unknown,0
51233,Female,34.8,0,0,No,Self-employed,Rural,87.68,24.1,Unknown,0
12124,Female,39.3,0,0,No,Private,Urban,84.24,32.7,never smoked,0
50251,Female,35.2,0,0,Yes,Private,Rural,55.52,35.7,smokes,0
59758,Female,26.4,0,0,Yes,Self-employed,Rural,150.69,25.6,Unknown,0
97792,Male,0.1,0,0,No,children,Urban,75.98,41.5,never smoked,0
53247,Female,36.4,0,0,Yes,Self-employed,Urban,103.91,,never smoked,0
55581,Male,54.1,0,0,Yes,Self-employed,Urban,65.04,36.7,never smoked,0
95163,Female,35.1,0,0,Yes,Private,Rural,128.81,36.7,Unknown,0
34381,Female,82.0,0,1,Yes,Private,Rural,104.94,15.5,Unknown,0
80375,Male,46.3,0,0,No,Private,Rural,115.51,,Unknown,0
74803,Female,74.4,0,0,Yes,Private,Rural,64.16,27.9,formerly smoked,0
11299,Male,51.8,0,0,No,Self-employed,Rural,117.49,23.6,smokes,0
9977,Male,64.2,0,0,No,Private,Urban,55.0,33.2,never smoked,0
52708,Female,52.1,0,0,Yes,Private,Rural,80.97,11.0,Unknown,0
60076,Female,76.1,0,0,No,Private,Urban,225.45,,Unknown,0
6852,Female,47.2,0,0,Yes,Self-employed,Rural,67.16,27.2,smokes,0
97861,Female,56.9,0,0,Yes,Self-employed,Urban,104.38,24.4,never smoked,0
40468,Female,54.1,0,0,No,Govt_job,Urban,154.34,42.8,Unknown,0
61832,Female,39.7,0,0,Yes,Govt_job,Rural,124.16,26.2,Unknown,0
45116,Male,54.9,0,0,Yes,Private,Rural,165.7,16.4,Unknown,0
58627,Male,82.0,0,0,No,Govt_job,Urban,105.94,31.9,formerly smoked,0
24124,Female,40.1,0,0,Yes,Private,Urban,129.74,31.4,never smoked,0
2941,Female,55.2,0,0,Yes,Private,Rural,143.55,27.2,formerly smoked,0
54793,Male,73.7,0,0,Yes,Govt_job,Urban,142.98,46.1,formerly smoked,0
1290,Male,71.1,0,0,Yes,Self-employed,Urban,63.04,30.1,Unknown,0
66437,Female,46.3,0,0,Yes,Private,Urban,75.38,36.1,never smoked,0
67646,Female,0.1,0,0,No,children,Urban,137.73,30.9,smokes,0
2377,Male,57.4,0,0,No,Private,Urban,166.38,38.0,Unknown,0
49517,Male,0.1,0,0,No,children,Rural,73.56,26.0,never smoked,0
85059,Male,78.3,0,0,Yes,Self-employed,Rural,77.24,20.5,formerly smoked,1
81869,Female,49.7,0,0,Yes,Private,Rural,123.67,34.2,Unknown,0
27948,Female,68.0,0,0,Yes,Self-employed,Urban,87.67,30.7,formerly smoked,0
71612,Female,26.2,0,0,Yes,Private,Urban,140.73,34.5,formerly smoked,0
28526,Female,11.8,0,0,No,children,Rural,127.4,23.9,Unknown,0
52183,Male,51.7,0,0,Yes,Private,Urban,147.51,32.1,never smoked,0
14393,Female,45.3,0,0,Yes,Self-employed,Rural,92.19,16.5,Unknown,0
71356,Male,35.2,0,0,Yes,Private,Rural,85.98,24.9,Unknown,0
14997,Male,47.9,0,0,Yes,Self-employed,Urban,77.72,23.2,never smoked,0
68198,Male,82.0,0,0,Yes,Private,Urban,164.92,32.2,never smoked,0
26264,Male,64.4,0,0,Yes,Private,Urban,64.13,24.9,never smoked,0
32175,Male,69.1,0,1,Yes,Self-employed,Urban,61.4,18.2,Unknown,1
25612,Female,64.6,1,0,Yes,Self-employed,Urban,115.03,24.2,formerly smoked,0
26908,Female,78.5,1,0,No,Private,Rural,93.45,33.0,formerly smoked,1
70079,Female,41.8,0,0,Yes,Private,Urban,143.97,29.5,Unknown,0
65683,Male,0.8,0,0,No,children,Urban,59.64,22.9,formerly smoked,0
85851,Male,41.9,0,0,Yes,Self-employed,Rural,95.55,34.8,smokes,0
41137,Female,63.9,0,0,Yes,Private,Urban,55.0,40.2,Unknown,1
94027,Female,24.7,0,0,Yes,Private,Urban,90.25,35.3,formerly smoked,0
10669,Female,42.1,0,0,Yes,Self-employed,Urban,106.17,11.2,Unknown,0
61448,Female,30.8,0,0,Yes,Govt_job,Urban,100.3,30.3,formerly smoked,0
52571,Male,79.0,0,0,Yes,Private,Rural,97.94,27.4,formerly smoked,0
76202,Female,62.5,0,0,Yes,Private,Urban,127.82,13.2,never smoked,0
66284,Male,60.3,0,0,No,Private,Urban,72.11,18.8,Unknown,0
11331,Female,59.7,0,0,Yes,Private,Urban,116.36,34.5,smokes,0
46599,Female,45.2,0,0,Yes,Self-employed,Urban,96.68,29.9,Unknown,0
62392,Female,50.3,0,0,No,Private,Rural,90.76,29.1,smokes,0
84352,Male,19.9,0,0,No,Private,Urban,120.75,23.6,Unknown,0
60965,Male,0.1,0,0,No,children,Rural,109.04,36.6,never smoked,0
33286,Female,49.3,0,0,Yes,Private,Urban,118.87,19.3,Unknown,0
58173,Female,53.1,0,0,No,Private,Rural,189.32,21.8,formerly smoked,0
89356,Male,72.6,0,0,Yes,Private,Rural,96.33,26.1,never smoked,0
63553,Male,80.6,0,0,Yes,Self-employed,Urban,62.19,17.1,formerly smoked,0
47366,Male,80.5,0,0,Yes,Private,Urban,72.84,21.9,never smoked,0
61797,Male,24.0,0,0,No,Private,Rural,164.41,36.5,never smoked,0
55908,Male,38.3,0,0,Yes,Private,Rural,89.55,22.2,never smoked,0
15024,Female,56.6,0,0,Yes,Private,Rural,127.54,,Unknown,0
43902,Male,82.0,0,0,Yes,Private,Rural,100.19,33.3,Unknown,1
66870,Female,78.6,0,0,Yes,Private,Urban,68.4,27.2,Unknown,0
22145,Male,70.6,0,0,Yes,Self-employed,Urban,108.6,17.9,never smoked,0
30561,Male,37.5,0,0,Yes,Private,Rural,79.28,29.0,never smoked,0
5230,Male,26.6,0,0,Yes,Private,Rural,82.78,12.7,never smoked,0
12290,Female,63.4,0,0,Yes,Self-employed,Rural,100.4,24.5,Unknown,0
34144,Female,21.8,0,0,No,Private,Urban,55.0,30.3,Unknown,0
97422,Male,40.8,0,0,Yes,Private,Rural,126.51,35.0,formerly smoked,0
58673,Male,43.5,0,0,Yes,Self-employed,Rural,86.1,27.4,smokes,0
80676,Male,81.0,0,0,Yes,Private,Urban,132.5,23.9,never smoked,1
21178,Female,38.2,0,0,Yes,Private,Rural,130.76,23.3,smokes,0
69094,Female,0.1,0,0,No,children,Rural,95.06,25.0,Unknown,0
32502,Male,57.1,0,0,Yes,Private,Rural,106.2,33.2,smokes,0
57889,Male,30.6,0,0,Yes,Private,Rural,116.78,31.1,smokes,0
65108,Male,46.9,0,0,Yes,Private,Urban,89.37,28.3,formerly smoked,0
68273,Male,44.1,1,0,Yes,Private,Rural,58.51,33.2,formerly smoked,0
24829,Female,40.0,0,0,Yes,Self-employed,Rural,108.3,28.5,never smoked,0
89643,Female,63.4,1,0,Yes,Self-employed,Urban,151.29,18.5,Unknown,0
37685,Male,12.3,0,0,No,children,Rural,78.29,20.2,smokes,0
99257,Female,34.6,0,0,Yes,Private,Urban,55.0,33.0,never smoked,0
68188,Male,61.0,0,0,Yes,Private,Rural,135.04,18.2,formerly smoked,0
31875,Male,32.5,0,0,Yes,Self-employed,Rural,65.33,25.6,never smoked,0
10433,Male,10.6,0,0,No,children,Rural,92.81,27.6,never smoked,0
50518,Female,60.7,0,0,No,Private,Rural,97.67,20.7,never smoked,0
42317,Male,70.7,1,0,No,Private,Urban,109.15,16.0,Unknown,0
85239,Female,45.0,0,0,No,Private,Rural,74.2,19.7,never smoked,0
87449,Female,2.9,0,0,No,children,Urban,65.65,14.9,Unknown,0
72038,Female,61.5,0,0,Yes,Private,Urban,94.05,33.1,never smoked,0
13769,Female,9.5,0,0,No,children,Rural,121.94,31.5,formerly smoked,0
34609,Male,52.8,0,0,Yes,Private,Urban,77.88,22.8,Unknown,0
99032,Male,26.5,0,0,Yes,Private,Rural,96.77,18.2,never smoked,0
77218,Female,20.5,0,0,No,Self-employed,Rural,189.37,37.2,Unknown,0
25203,Male,36.3,0,0,No,Private,Rural,111.28,31.8,smokes,0
33585,Female,42.0,0,0,Yes,Private,Rural,93.91,23.8,never smoked,0
69516,Male,31.8,0,0,Yes,Self-employed,Rural,99.83,37.4,Unknown,0
4177,Male,59.0,0,0,Yes,Private,Rural,176.05,29.5,never smoked,0
58656,Female,36.2,0,0,Yes,Private,Urban,123.35,30.9,never smoked,0
27562,Female,67.6,0,0,Yes,Private,Rural,79.36,20.7,Unknown,0
74019,Female,52.2,1,0,Yes,Private,Rural,135.1,17.1,never smoked,0
88923,Female,30.7,0,0,Yes,Self-employed,Urban,70.2,16.7,Unknown,0
228,Male,26.9,0,0,Yes,Private,Rural,105.01,44.1,never smoked,0
91002,Female,9.8,0,0,No,children,Urban,151.76,22.3,Unknown,0
83254,Female,52.4,0,0,Yes,Private,Urban,105.38,29.0,formerly smoked,0
9305,Female,38.2,0,0,Yes,Private,Urban,68.38,31.9,never smoked,0
91567,Male,0.1,0,0,No,children,Rural,102.01,28.3,Unknown,0
94984,Female,34.2,0,0,Yes,Govt_job,Urban,151.36,27.3,Unknown,0
41677,Male,26.2,0,0,Yes,Private,Rural,77.41,27.2,Unknown,0
42608,Male,80.7,0,0,No,Private,Rural,126.45,32.1,formerly smoked,1
67418,Female,8.5,0,0,No,children,Urban,154.24,20.7,smokes,0
7598,Female,14.3,0,0,No,Private,Urban,115.93,25.2,never smoked,0
19355,Female,70.4,0,0,Yes,Private,Rural,103.4,11.2,formerly smoked,0
11420,Female,75.8,0,0,Yes,Private,Rural,79.64,14.5,formerly smoked,0
69719,Male,29.6,0,0,Yes,Private,Urban,83.03,18.8,formerly smoked,0
94573,Male,32.1,0,0,No,Govt_job,Urban,93.61,34.9,never smoked,0
50147,Female,59.6,0,0,Yes,Self-employed,Rural,127.51,26.5,Unknown,0
12863,Female,0.1,0,0,No,children,Rural,205.65,33.7,never smoked,0
71811,Female,5.1,0,0,No,children,Urban,77.7,31.4,formerly smoked,0
90754,Female,39.8,0,0,No,Private,Rural,121.84,30.5,smokes,0
64934,Male,80.1,1,0,No,Private,Rural,149.61,21.4,never smoked,0
90806,Male,36.4,0,0,Yes,Private,Urban,102.84,29.1,never smoked,0
53530,Male,48.2,0,0,Yes,Private,Rural,101.39,30.4,never smoked,0
55805,Female,70.9,0,0,Yes,Govt_job,Rural,59.47,45.0,never smoked,0
58151,Female,82.0,1,0,Yes,Private,Urban,116.3,25.9,Unknown,0
15485,Female,33.3,0,0,Yes,Private,Rural,99.82,34.0,smokes,0
28243,Male,45.6,0,0,Yes,Self-employed,Rural,90.36,27.6,formerly smoked,0
30260,Male,82.0,0,0,Yes,Private,Rural,114.22,23.2,never smoked,0
69654,Male,12.5,0,1,No,children,Rural,72.2,35.0,formerly smoked,0
49256,Female,68.6,0,0,Yes,Private,Urban,76.96,42.7,never smoked,0
81365,Female,23.6,0,0,No,Private,Rural,109.08,30.5,never smoked,0
6877,Male,48.3,0,0,Yes,Private,Rural,164.31,23.4,formerly smoked,0
5160,Female,40.7,1,0,No,Private,Rural,104.1,32.0,smokes,0
68525,Male,24.9,0,0,Yes,Private,Urban,102.95,30.6,never smoked,0
92766,Female,24.4,0,0,Yes,Private,Urban,101.8,45.1,never smoked,0
24333,Male,52.1,0,0,No,Private,Urban,71.16,34.1,Unknown,0
7469,Female,67.9,0,0,Yes,Private,Rural,92.09,21.5,never smoked,0
1823,Male,43.1,0,0,Yes,Private,Urban,107.35,38.1,never smoked,0
61952,Female,47.5,0,0,Yes,Private,Rural,106.57,34.3,Unknown,0
25418,Female,58.6,0,0,Yes,Private,Rural,117.25,35.5,never smoked,0
59003,Female,24.6,0,0,No,Private,Urban,70.11,31.8,smokes,0
57978,Female,62.3,0,0,No,Private,Rural,81.88,36.1,Unknown,1
39757,Male,64.0,0,0,Yes,Self-employed,Urban,55.0,31.8,never smoked,0
20237,Male,82.0,0,0,Yes,Private,Urban,155.82,,formerly smoked,1
30130,Male,37.7,0,0,No,Self-employed,Urban,87.85,29.5,smokes,0
84592,Male,35.9,0,0,Yes,Govt_job,Rural,110.93,27.6,never smoked,0
27088,Male,62.9,0,0,Yes,Private,Urban,100.97,31.1,never smoked,0
79320,Female,64.0,0,0,No,Private,Rural,55.0,29.1,Unknown,0
80100,Male,34.2,1,0,Yes,Self-employed,Rural,73.65,26.1,never smoked,0
98972,Female,37.1,0,0,Yes,Private,Urban,99.51,27.1,Unknown,0
9899,Male,57.9,0,1,Yes,Govt_job,Urban,121.29,28.5,formerly smoked,0
83977,Female,27.8,0,0,Yes,Govt_job,Rural,118.08,15.1,smokes,0
27598,Male,37.0,0,0,Yes,Private,Rural,62.53,36.2,formerly smoked,0
3222,Female,48.0,0,0,Yes,Private,Rural,71.03,31.1,smokes,0
82748,Female,67.9,0,0,Yes,Self-employed,Urban,114.61,23.9,smokes,0
72848,Female,32.7,0,0,Yes,Private,Urban,117.74,32.9,formerly smoked,0
25253,Female,5.5,0,0,No,children,Rural,61.27,24.7,Unknown,0
44984,Female,3.8,0,0,No,children,Urban,114.4,24.7,Unknown,0
85018,Female,18.3,0,0,No,Private,Urban,99.27,31.3,never smoked,0
87865,Female,17.1,0,0,No,Private,Urban,93.11,39.2,never smoked,0
20653,Female,42.6,0,0,Yes,Govt_job,Urban,166.05,30.6,Unknown,0
39020,Female,19.8,0,0,No,Private,Urban,96.15,22.7,never smoked,0
84402,Male,30.5,0,0,Yes,Private,Urban,84.19,25.9,Unknown,0
67446,Female,29.0,0,0,Yes,Private,Rural,130.23,34.9,never smoked,0
5361,Female,36.3,0,0,Yes,Govt_job,Rural,128.4,31.5,never smoked,0
34652,Female,75.1,0,0,No,Private,Urban,152.9,35.7,never smoked,0
26250,Female,60.6,0,0,No,Private,Urban,125.55,31.5,never smoked,1
26407,Female,46.4,1,0,Yes,Self-employed,Urban,131.89,34.3,Unknown,0
42338,Male,35.9,0,0,Yes,Private,Urban,101.96,43.6,formerly smoked,0
22271,Female,36.5,0,0,Yes,Private,Rural,198.99,18.4,Unknown,0
36286,Female,53.2,0,0,Yes,Govt_job,Rural,72.32,46.6,never smoked,0
12493,Female,58.9,0,0,No,Private,Rural,118.86,35.5,Unknown,0
5808,Female,26.0,0,0,Yes,Private,Urban,69.67,48.2,smokes,0
78590,Female,46.8,0,0,Yes,Private,Rural,101.89,21.1,never smoked,0
26180,Male,1.3,0,0,No,children,Rural,100.91,31.4,Unknown,0
91860,Female,50.7,0,0,Yes,Private,Rural,101.81,29.7,formerly smoked,0
95855,Male,62.8,0,0,Yes,Private,Urban,55.0,35.1,smokes,0
9235,Female,39.8,0,0,Yes,Private,Rural,87.73,32.0,formerly smoked,0
96099,Female,82.0,0,0,No,Private,Rural,212.08,,formerly smoked,0
14799,Female,26.6,0,0,Yes,Private,Rural,105.62,34.3,never smoked,0
8191,Female,50.8,0,0,No,Govt_job,Rural,139.34,27.7,never smoked,0
78938,Female,45.2,0,0,Yes,Private,Urban,114.33,24.6,Unknown,0
89489,Male,43.8,0,0,Yes,Private,Urban,190.8,31.9,Unknown,0
77935,Male,43.5,0,0,No,Private,Urban,114.75,24.6,Unknown,0
63890,Female,48.4,0,0,Yes,Private,Rural,105.82,27.6,Unknown,0
6464,Female,64.7,0,0,Yes,Private,Urban,64.32,17.7,smokes,0
84173,Male,76.3,0,0,No,Private,Urban,65.29,28.9,Unknown,0
43450,Female,46.0,1,1,Yes,Private,Urban,90.88,21.5,formerly smoked,0
2284,Female,63.9,0,0,No,Private,Rural,95.17,28.3,Unknown,0
97864,Male,30.6,0,0,Yes,Private,Urban,67.51,20.4,formerly smoked,0
16956,Female,62.9,0,0,Yes,Private,Urban,105.46,28.4,smokes,0
27419,Female,29.2,0,0,Yes,Private,Urban,104.16,,formerly smoked,0
82500,Female,70.0,0,0,Yes,Private,Urban,173.34,24.0,never smoked,0
66721,Male,82.0,0,0,Yes,Private,Urban,182.11,21.5,never smoked,0
85995,Female,43.3,0,0,No,Private,Urban,130.31,34.4,Unknown,0
66730,Male,0.1,0,0,No,children,Rural,131.55,35.3,smokes,0
53846,Female,33.9,0,0,Yes,Private,Urban,147.14,,never smoked,0
57416,Female,73.1,0,0,No,Self-employed,Urban,115.03,25.0,Unknown,0
77187,Female,58.2,0,0,Yes,Private,Rural,149.88,23.8,Unknown,0
64323,Male,51.5,0,0,Yes,Private,Urban,62.31,26.0,Unknown,1
47505,Female,68.2,0,0,Yes,Private,Rural,136.37,28.1,never smoked,0
97265,Male,56.7,0,0,Yes,Self-employed,Rural,68.77,15.6,never smoked,0
23938,Female,72.8,0,0,Yes,Self-employed,Rural,71.99,21.1,Unknown,0
40282,Female,66.2,1,0,Yes,Private,Urban,154.52,37.9,never smoked,1
73628,Female,79.5,0,0,Yes,Private,Rural,80.02,30.1,never smoked,0
61195,Female,53.9,0,0,Yes,Self-employed,Urban,72.83,37.7,never smoked,0
2895,Female,65.9,0,0,No,Private,Rural,117.71,36.1,Unknown,1
44312,Male,39.2,0,0,Yes,Private,Urban,77.25,26.2,formerly smoked,0
44911,Male,32.8,0,0,Yes,Private,Urban,72.86,26.3,Unknown,0
79879,Male,82.0,0,0,Yes,Private,Rural,59.83,35.7,Unknown,1
7074,Female,50.8,0,0,No,Private,Rural,86.64,34.2,Unknown,0
70806,Female,63.7,1,0,No,Private,Rural,137.86,35.9,never smoked,0
3143,Male,48.7,0,0,No,Private,Urban,136.38,28.4,formerly smoked,0
40664,Female,33.1,0,0,Yes,Govt_job,Urban,93.56,29.6,smokes,0
38314,Male,46.2,0,0,Yes,Govt_job,Rural,172.06,26.6,Unknown,0
22033,Male,77.6,0,0,Yes,Govt_job,Rural,119.95,28.1,never smoked,0
77171,Female,58.2,0,0,Yes,Self-employed,Urban,147.5,23.4,never smoked,0
91629,Male,8.3,0,0,No,children,Rural,83.28,27.9,smokes,0
39187,Male,41.3,0,0,Yes,Private,Rural,90.98,27.3,smokes,0
58753,Female,82.0,0,0,Yes,Private,Rural,95.46,25.1,never smoked,1
16724,Male,41.3,0,0,Yes,Private,Urban,90.57,34.4,formerly smoked,0
42435,Female,6.4,0,0,No,children,Rural,55.0,17.9,formerly smoked,0
3485,Female,82.0,0,0,Yes,Never_worked,Urban,103.63,31.0,formerly smoked,0
28635,Female,61.0,0,0,Yes,Private,Rural,114.41,21.6,never smoked,0
13029,Female,44.5,0,0,Yes,Private,Urban,111.93,22.1,smokes,0
63150,Female,37.8,0,0,Yes,Private,Urban,178.83,22.8,never smoked,0
75770,Male,69.8,1,0,Yes,Private,Rural,191.85,32.0,never smoked,0
79128,Female,34.1,1,0,Yes,Self-employed,Urban,61.59,,formerly smoked,0
82404,Female,71.3,0,0,Yes,Private,Urban,160.35,29.8,never smoked,0
51408,Male,57.9,0,0,Yes,Private,Urban,175.17,28.8,smokes,0
92037,Female,51.4,0,0,No,Private,Rural,55.0,21.2,smokes,0
39986,Male,49.2,0,1,No,Private,Urban,128.1,29.9,smokes,0
21486,Female,42.2,0,0,Yes,Private,Urban,58.68,19.4,never smoked,0
67975,Male,69.0,0,0,Yes,Private,Rural,104.58,28.2,never smoked,0
96978,Male,27.0,0,0,Yes,Govt_job,Rural,171.95,19.1,smokes,0
44286,Female,10.3,0,1,No,children,Urban,167.94,43.9,never smoked,0
11102,Female,59.5,0,0,Yes,Private,Urban,242.03,35.0,never smoked,0
74185,Female,59.9,0,0,Yes,Private,Rural,129.73,30.3,Unknown,0
32318,Male,56.6,0,0,Yes,Private,Rural,121.69,21.3,never smoked,0
33642,Male,55.0,0,0,Yes,Self-employed,Rural,77.12,26.4,formerly smoked,0
91184,Female,38.9,0,0,Yes,Private,Rural,85.9,26.7,never smoked,0
74903,Female,63.3,0,0,Yes,Private,Urban,123.7,30.3,never smoked,0
42163,Male,45.0,0,0,Yes,Private,Urban,84.5,31.5,Unknown,0
54976,Female,35.3,0,0,Yes,Private,Urban,104.34,30.2,Unknown,0
56201,Male,39.1,0,0,Yes,Govt_job,Urban,56.27,31.1,never smoked,0
62880,Male,82.0,0,0,Yes,Self-employed,Urban,106.87,27.2,never smoked,0
52432,Female,7.8,0,0,No,children,Urban,55.0,31.1,formerly smoked,0
81873,Female,57.0,0,0,Yes,Self-employed,Urban,145.72,23.7,smokes,0
38592,Female,9.1,0,0,No,children,Urban,108.82,20.5,smokes,0
41111,Female,43.6,0,0,Yes,Private,Urban,82.17,42.4,never smoked,0
37323,Male,36.5,0,0,No,Private,Rural,97.32,31.6,Unknown,0
52486,Male,0.1,0,0,No,children,Urban,84.85,42.0,Unknown,0
98944,Male,54.6,0,0,Yes,Private,Urban,75.49,26.4,smokes,0
16291,Female,37.6,0,0,Yes,Private,Rural,88.81,46.6,Unknown,0
14949,Female,0.1,0,0,No,children,Urban,89.04,29.1,never smoked,0
46668,Male,64.5,0,0,No,Private,Urban,93.94,37.1,never smoked,0
18091,Female,77.6,0,0,Yes,Private,Rural,55.0,28.7,never smoked,0
99147,Female,78.8,0,0,Yes,Private,Rural,149.66,29.7,never smoked,0
43159,Female,53.9,0,0,Yes,Govt_job,Urban,150.72,27.6,never smoked,0
83312,Male,47.0,0,0,Yes,Govt_job,Urban,101.35,24.8,Unknown,0
82978,Male,75.2,0,0,Yes,Private,Urban,187.05,35.9,Unknown,0
98867,Female,82.0,0,0,Yes,Govt_job,Urban,91.07,28.4,smokes,0
36066,Male,70.9,0,0,Yes,Private,Rural,105.94,34.7,smokes,0
7979,Female,25.3,0,0,Yes,Private,Urban,121.1,35.3,never smoked,0
57055,Female,50.4,1,0,Yes,Self-employed,Urban,112.92,39.1,never smoked,0
69224,Female,55.7,0,0,No,Private,Rural,82.32,31.7,formerly smoked,0
87345,Male,6.2,0,0,No,children,Rural,103.29,17.2,smokes,0
52345,Female,56.3,0,0,Yes,Private,Rural,62.16,26.1,smokes,0
25586,Female,82.0,0,0,Yes,Self-employed,Urban,75.61,28.3,smokes,0
91787,Female,60.1,0,0,Yes,Private,Urban,139.35,28.6,Unknown,0
35234,Male,78.4,0,0,Yes,Self-employed,Rural,225.39,38.4,never smoked,0
60744,Male,50.0,0,0,Yes,Govt_job,Rural,81.31,37.0,never smoked,0
54606,Female,44.4,0,0,Yes,Private,Urban,95.84,27.4,never smoked,0
74030,Male,54.4,0,0,Yes,Private,Urban,93.88,46.7,Unknown,0
41836,Female,28.1,0,0,Yes,Private,Urban,111.17,25.9,formerly smoked,0
67987,Female,24.8,0,0,Yes,Private,Rural,145.32,26.5,formerly smoked,0
76275,Male,73.9,0,0,Yes,Govt_job,Urban,107.48,20.3,Unknown,0
31444,Male,76.2,0,0,Yes,Private,Rural,63.26,16.8,formerly smoked,0
95982,Female,24.2,0,0,Yes,Private,Urban,83.61,19.6,never smoked,0
35625,Female,67.3,0,0,No,Private,Urban,116.38,36.1,never smoked,0
14673,Female,44.1,0,1,Yes,Private,Urban,90.21,34.1,formerly smoked,0
49779,Female,53.5,0,0,Yes,Govt_job,Urban,91.43,21.9,smokes,0
63900,Male,56.1,1,0,Yes,Private,Urban,100.3,29.2,Unknown,0
31133,Male,67.9,1,0,Yes,Private,Urban,55.0,34.5,never smoked,0
99636,Female,47.8,0,0,Yes,Private,Rural,100.54,13.2,Unknown,0
447,Male,77.0,0,0,Yes,Private,Rural,73.64,41.8,never smoked,0
25520,Female,52.8,0,0,No,Private,Urban,138.46,36.4,Unknown,0
69330,Female,59.7,0,0,Yes,Private,Urban,63.09,34.6,never smoked,0
91636,Female,27.7,0,0,No,Govt_job,Urban,115.51,37.5,never smoked,0
80377,Male,82.0,0,0,Yes,Private,Rural,85.35,13.2,formerly smoked,0
56409,Female,56.3,0,0,No,Private,Urban,104.71,26.9,Unknown,0
73425,Male,61.7,0,0,Yes,Private,Rural,158.38,37.9,never smoked,0
32761,Female,10.6,0,0,No,children,Urban,157.13,28.4,never smoked,0
2044,Male,27.9,0,0,Yes,Private,Urban,144.05,34.1,never smoked,0
84576,Female,73.2,0,0,Yes,Private,Rural,168.13,39.4,Unknown,0
2143,Male,52.3,0,0,Yes,Self-employed,Rural,211.89,33.8,formerly smoked,0
51899,Male,3.9,0,0,No,children,Rural,138.62,,Unknown,0
69608,Female,68.8,0,0,Yes,Private,Urban,121.08,32.8,never smoked,0
41028,Male,34.0,0,0,Yes,Self-employed,Urban,73.98,16.0,formerly smoked,0
82888,Male,77.0,0,0,Yes,Self-employed,Rural,128.11,32.2,formerly smoked,0
24708,Female,44.1,0,0,Yes,Private,Rural,106.65,34.1,never smoked,0
33726,Female,50.5,0,0,Yes,Self-employed,Rural,180.12,29.6,formerly smoked,0
66200,Male,71.9,0,0,Yes,Private,Urban,134.43,37.2,never smoked,0
99563,Male,26.3,0,0,Yes,Private,Urban,68.3,30.6,never smoked,0
71446,Female,24.2,0,0,Yes,Never_worked,Rural,114.13,29.6,never smoked,0
95165,Male,41.7,0,0,Yes,Private,Urban,140.32,42.2,smokes,0
24362,Female,64.2,0,1,Yes,Private,Rural,105.95,21.3,formerly smoked,0
98040,Female,16.7,0,0,No,Private,Rural,209.69,38.9,formerly smoked,0
41270,Male,9.3,0,0,No,children,Rural,132.6,38.3,Unknown,0
6937,Female,64.1,0,0,Yes,Private,Rural,74.81,34.8,smokes,1
32931,Female,32.7,0,0,No,Private,Urban,72.9,25.5,smokes,0
2242,Female,37.4,0,0,Yes,Self-employed,Urban,78.66,31.1,never smoked,0
39632,Female,5.2,0,0,No,children,Urban,86.97,22.5,Unknown,0
46733,Female,31.1,0,0,No,Self-employed,Rural,104.22,24.3,never smoked,0
90371,Male,45.8,0,0,No,Private,Rural,116.92,29.5,never smoked,0
85897,Female,66.5,0,0,Yes,Private,Rural,158.45,21.9,formerly smoked,0
41478,Male,29.0,0,0,Yes,Private,Urban,138.88,26.8,Unknown,0
40984,Female,82.0,0,0,Yes,Self-employed,Rural,92.34,20.2,never smoked,0
23133,Female,30.9,0,0,No,Private,Rural,92.62,33.4,formerly smoked,0
74072,Female,31.0,0,0,Yes,Private,Urban,136.3,40.8,never smoked,0
69312,Male,79.8,0,0,Yes,Govt_job,Rural,86.69,45.0,never smoked,0
63211,Female,50.7,0,0,Yes,Private,Urban,124.15,20.7,formerly smoked,0
19297,Female,33.9,0,0,Yes,Self-employed,Urban,60.25,22.1,never smoked,0
48278,Male,42.6,1,0,Yes,Private,Urban,126.68,28.1,Unknown,0
37935,Male,75.8,0,0,No,Private,Rural,113.2,34.7,never smoked,0
45628,Male,78.3,1,0,Yes,Self-employed,Urban,95.11,27.8,smokes,0
29702,Female,28.0,0,0,Yes,Private,Rural,65.75,36.6,never smoked,0
59394,Female,45.1,0,0,Yes,Private,Urban,62.25,33.3,never smoked,0
52412,Female,48.0,0,0,Yes,Private,Urban,110.42,16.1,formerly smoked,0
72314,Male,24.3,0,0,Yes,Self-employed,Urban,116.55,29.8,never smoked,0
47334,Female,44.8,0,0,Yes,Self-employed,Urban,55.0,20.1,never smoked,0
22220,Female,46.1,0,0,Yes,Private,Rural,55.0,25.1,never smoked,0
58137,Female,71.1,0,0,Yes,Self-employed,Rural,70.29,26.3,never smoked,0
66027,Male,72.6,0,0,No,Private,Urban,73.58,34.9,Unknown,0
89038,Male,38.8,0,0,Yes,Govt_job,Urban,80.09,29.1,Unknown,0
61964,Female,41.3,0,0,Yes,Private,Urban,110.64,25.9,never smoked,0
37560,Female,60.6,1,0,Yes,Self-employed,Rural,152.33,45.1,never smoked,1
38911,Female,33.1,0,0,Yes,Private,Rural,145.13,22.6,never smoked,0
3756,Female,59.0,0,0,Yes,Govt_job,Urban,128.65,31.5,smokes,0
84081,Female,44.1,0,0,No,Private,Rural,142.88,34.3,never smoked,0
70920,Female,24.7,0,0,Yes,Private,Urban,74.67,30.6,never smoked,0
39462,Male,24.9,0,0,Yes,Private,Rural,127.49,22.6,smokes,0
96244,Male,77.8,1,0,No,Private,Urban,141.24,22.2,smokes,0
2394,Male,42.6,0,0,No,Private,Rural,57.77,34.0,formerly smoked,0
20210,Male,82.0,0,0,No,Private,Urban,159.12,37.2,smokes,0
36984,Female,34.7,0,0,Yes,Self-employed,Urban,135.37,28.9,never smoked,0
38684,Female,52.4,0,0,Yes,Private,Rural,83.55,19.5,never smoked,0
40231,Female,82.0,0,0,Yes,Private,Rural,55.0,29.4,smokes,0
17358,Male,22.7,0,0,No,Govt_job,Urban,109.68,40.7,smokes,0
53366,Female,4.2,0,0,No,children,Rural,92.23,21.8,never smoked,0
26260,Female,74.3,0,0,No,Private,Rural,64.93,26.9,never smoked,0
66752,Female,27.8,0,0,Yes,Private,Urban,103.52,29.8,never smoked,0
60881,Female,45.5,0,0,No,Private,Rural,87.27,37.5,Unknown,0
26598,Male,33.1,0,0,No,Private,Urban,135.73,25.4,never smoked,0
36626,Male,51.9,0,0,Yes,Private,Rural,55.0,33.0,Unknown,0
32550,Female,25.1,0,0,Yes,Private,Rural,140.51,39.8,Unknown,0
73209,Male,42.0,0,0,No,Private,Urban,100.91,18.2,formerly smoked,0
84169,Female,55.9,0,0,Yes,Private,Urban,127.96,19.5,Unknown,0
12119,Female,23.8,0,0,No,Private,Urban,163.85,28.6,never smoked,0
64859,Female,30.6,0,0,Yes,Govt_job,Urban,117.6,36.7,never smoked,0
60153,Male,38.4,0,0,Yes,Private,Rural,139.72,31.8,formerly smoked,0
16352,Female,14.6,0,0,No,Private,Urban,59.95,37.4,Unknown,0
61008,Female,36.7,0,0,Yes,Self-employed,Urban,62.42,16.6,Unknown,0
43773,Male,48.6,0,0,No,Private,Rural,91.72,31.9,formerly smoked,0
2399,Female,37.2,0,0,Yes,Private,Rural,81.9,,never smoked,0
408,Female,40.0,0,0,Yes,Self-employed,Rural,120.89,39.3,never smoked,0
74985,Male,45.6,0,0,Yes,Govt_job,Rural,120.84,38.2,formerly smoked,0
29352,Male,31.6,0,0,No,Private,Rural,151.06,26.9,smokes,0
95850,Male,61.2,0,0,Yes,Govt_job,Rural,100.65,12.0,smokes,0
47077,Male,77.6,0,0,Yes,Private,Rural,59.98,27.8,Unknown,1
70826,Female,35.8,0,0,Yes,Private,Urban,151.63,37.7,never smoked,0
10138,Male,56.7,0,0,No,Private,Rural,149.09,32.4,formerly smoked,0
63207,Male,40.7,0,0,Yes,Private,Rural,92.14,43.2,never smoked,0
17237,Female,54.0,0,0,No,Private,Urban,150.61,27.1,smokes,0
33966,Female,80.4,0,0,Yes,Private,Urban,57.63,44.6,Unknown,0
82517,Male,57.2,0,0,No,Private,Urban,94.48,14.2,formerly smoked,1
74076,Female,7.0,0,0,No,children,Rural,69.46,23.6,formerly smoked,0
42653,Female,56.0,0,0,Yes,Private,Rural,138.51,19.6,never smoked,0
39729,Male,73.1,1,0,Yes,Govt_job,Rural,90.43,34.8,Unknown,0
91589,Male,41.1,0,0,Yes,Private,Rural,144.48,20.2,smokes,0
46281,Male,67.9,1,0,No,Private,Urban,75.42,36.9,Unknown,0
40525,Male,30.8,0,0,Yes,Private,Rural,196.45,34.5,never smoked,0
76991,Female,13.3,0,0,No,children,Rural,91.48,30.7,never smoked,0
31056,Male,49.1,0,0,Yes,Self-employed,Rural,88.18,28.5,formerly smoked,0
456,Female,7.4,0,0,No,children,Urban,134.98,21.4,formerly smoked,0
53230,Male,40.7,1,0,Yes,Private,Rural,125.51,33.8,formerly smoked,0
39094,Female,74.3,0,0,No,Private,Urban,91.81,25.5,never smoked,0
68704,Male,4.0,0,0,No,children,Urban,87.17,35.0,formerly smoked,0
59483,Female,17.9,0,0,No,Private,Rural,174.54,40.5,never smoked,0
40062,Male,23.3,1,0,No,Private,Rural,106.66,26.9,never smoked,0
46594,Female,44.6,0,0,Yes,Self-employed,Rural,100.01,39.2,Unknown,0
75762,Female,38.0,0,0,Yes,Self-employed,Urban,67.5,30.7,Unknown,0
83687,Female,76.8,0,0,No,Private,Urban,161.02,33.7,never smoked,0
58426,Female,67.0,1,0,No,Self-employed,Urban,82.47,19.3,Unknown,0
3822,Male,56.9,0,0,Yes,Private,Rural,71.8,24.1,Unknown,0
81472,Female,49.2,0,0,No,Self-employed,Urban,140.89,24.0,smokes,0
54714,Female,54.7,0,0,Yes,Govt_job,Urban,55.0,39.4,Unknown,0
42120,Female,27.0,0,0,Yes,Private,Urban,108.91,26.6,smokes,0
14724,Female,64.9,0,0,Yes,Self-employed,Rural,88.03,34.0,never smoked,0
47939,Male,21.5,0,0,No,Private,Urban,95.51,28.7,never smoked,0
28571,Female,64.4,0,0,Yes,Private,Rural,75.31,26.6,never smoked,0
76129,Female,72.1,0,0,Yes,Self-employed,Urban,81.95,18.2,never smoked,0
40012,Female,50.6,0,0,Yes,Private,Rural,55.0,14.9,Unknown,0
87173,Female,42.1,0,0,Yes,Private,Rural,135.02,26.7,Unknown,0
85053,Male,54.8,1,0,No,Private,Urban,100.01,27.2,formerly smoked,0
85472,Female,0.1,0,0,No,children,Rural,144.57,22.7,smokes,0
73706,Female,52.6,0,0,No,Govt_job,Urban,205.85,30.4,Unknown,0
62492,Male,43.5,0,0,No,Self-employed,Rural,68.24,44.0,Unknown,0
60353,Female,44.9,0,0,Yes,Self-employed,Urban,125.58,40.5,never smoked,0
92872,Male,61.5,0,0,Yes,Private,Rural,71.17,29.1,Unknown,0
29618,Female,44.4,0,1,Yes,Self-employed,Urban,78.43,29.4,smokes,0
96687,Male,20.9,0,0,No,Private,Urban,98.39,33.8,never smoked,0
45740,Female,42.9,0,0,Yes,Private,Rural,193.58,30.8,never smoked,0
70960,Female,47.5,0,0,No,Self-employed,Urban,89.54,33.8,Unknown,0
36644,Male,48.5,0,0,Yes,Private,Urban,97.4,31.0,never smoked,0
42162,Male,49.6,0,0,Yes,Private,Rural,109.01,29.7,Unknown,0
38521,Male,68.9,0,0,Yes,Private,Rural,96.72,24.1,Unknown,0
80293,Male,22.1,0,0,No,Self-employed,Urban,68.15,31.6,never smoked,0
14125,Female,49.9,0,0,Yes,Private,Urban,148.79,11.9,never smoked,0
17584,Male,74.4,0,0,Yes,Govt_job,Rural,86.28,30.8,formerly smoked,0
12812,Male,7.8,1,0,No,children,Urban,67.54,13.3,never smoked,0
51402,Female,50.0,0,0,Yes,Private,Rural,112.37,30.8,smokes,0
68547,Female,33.1,0,0,Yes,Private,Urban,152.09,21.5,Unknown,0
4965,Female,37.8,0,0,Yes,Self-employed,Urban,75.01,38.4,smokes,0
65026,Male,26.1,0,0,Yes,Private,Rural,92.44,29.5,formerly smoked,0
61751,Female,42.3,0,0,Yes,Self-employed,Rural,99.73,28.9,Unknown,0
46959,Female,82.0,1,0,Yes,Private,Urban,91.9,31.9,Unknown,1
54880,Male,18.2,0,0,No,Govt_job,Urban,100.98,22.4,Unknown,0
78084,Male,20.3,0,0,No,Private,Rural,172.37,37.3,never smoked,0
42977,Female,17.4,0,0,No,Govt_job,Rural,101.71,34.1,never smoked,0
97546,Male,82.0,0,0,Yes,Private,Urban,120.55,24.7,smokes,1
74467,Female,35.8,0,0,Yes,Govt_job,Rural,88.25,,never smoked,0
97195,Male,45.4,0,0,Yes,Private,Urban,111.37,25.7,formerly smoked,0
67577,Female,37.1,0,0,Yes,Private,Rural,116.22,27.7,Unknown,0
19227,Female,25.2,0,0,No,Govt_job,Rural,132.13,20.4,Unknown,0
54865,Male,40.8,0,0,Yes,Self-employed,Rural,85.22,25.1,never smoked,0
20152,Female,82.0,0,0,No,Private,Rural,93.82,24.1,Unknown,0
51510,Female,76.6,0,0,Yes,Private,Rural,136.84,,formerly smoked,0
41485,Female,27.2,0,0,Yes,Private,Rural,87.93,27.0,smokes,0
48606,Male,60.2,0,0,Yes,Private,Urban,68.06,32.2,never smoked,0
96814,Male,27.7,0,0,Yes,Private,Urban,84.03,28.7,never smoked,0
71489,Male,6.9,0,0,No,children,Rural,135.28,31.5,Unknown,0
31813,Male,68.4,0,0,Yes,Private,Rural,142.35,30.4,smokes,0
74816,Male,71.5,0,0,No,Self-employed,Rural,126.83,27.0,Unknown,0
51752,Female,69.0,0,0,Yes,Private,Urban,150.47,33.6,never smoked,0
81513,Female,35.7,0,0,Yes,Private,Urban,167.52,11.0,never smoked,0
19587,Male,42.3,0,0,Yes,Private,Urban,200.93,25.8,never smoked,0
89677,Male,62.5,0,0,Yes,Private,Urban,129.17,24.2,smokes,0
72546,Male,54.6,0,0,Yes,Private,Urban,96.65,29.4,smokes,0
96817,Male,37.3,0,0,No,Private,Rural,60.94,23.7,formerly smoked,0
49926,Female,10.4,0,0,No,children,Rural,66.38,32.6,never smoked,0
38353,Male,48.5,1,0,Yes,Self-employed,Urban,84.72,33.9,never smoked,0
75256,Male,69.7,0,0,Yes,Private,Urban,144.25,18.1,never smoked,0
32236,Male,19.7,0,0,No,Govt_job,Rural,78.62,,never smoked,0
74856,Male,60.1,0,1,Yes,Private,Urban,78.37,18.9,Unknown,0
40447,Female,53.3,1,0,Yes,Private,Urban,89.22,32.1,never smoked,0
21564,Male,62.5,0,0,Yes,Private,Urban,100.83,,never smoked,0
90452,Female,65.2,0,0,Yes,Self-employed,Urban,112.39,22.5,Unknown,0
38572,Male,30.7,0,0,Yes,Private,Rural,112.27,15.7,Unknown,0
28708,Female,10.4,0,0,No,children,Rural,82.1,27.8,smokes,0
62501,Female,34.3,0,0,Yes,Private,Rural,141.0,19.8,never smoked,0
48607,Female,65.6,0,0,No,Private,Rural,98.26,17.4,formerly smoked,0
83058,Female,34.1,0,0,Yes,Private,Urban,134.18,29.9,never smoked,0
38164,Female,30.7,0,0,Yes,Private,Urban,103.01,35.8,never smoked,0
79059,Male,5.9,0,0,No,children,Rural,81.09,31.5,Unknown,0
90731,Female,82.0,0,0,Yes,Self-employed,Urban,89.13,17.8,Unknown,1
20181,Male,64.2,1,0,No,Private,Rural,83.27,27.5,never smoked,0
42633,Female,62.9,1,0,Yes,Govt_job,Urban,66.68,33.6,Unknown,0
51755,Female,67.3,1,0,Yes,Private,Urban,115.16,,smokes,0
29843,Male,58.7,0,0,Yes,Private,Rural,71.34,30.9,formerly smoked,0
84887,Male,40.6,0,0,Yes,Govt_job,Urban,63.66,25.2,never smoked,0
36662,Female,42.4,0,0,No,Private,Urban,131.89,25.6,Unknown,0
16482,Male,36.6,0,0,Yes,Private,Urban,153.84,23.6,never smoked,0
73510,Male,82.0,0,1,Yes,Private,Rural,78.49,33.1,never smoked,1
36194,Male,58.2,0,0,No,Self-employed,Urban,268.94,33.6,never smoked,0
166,Male,35.8,0,0,Yes,Private,Urban,130.54,24.3,smokes,0
30900,Male,56.2,0,0,Yes,Private,Rural,106.81,34.2,Unknown,0
7404,Male,23.8,0,0,No,Private,Urban,55.0,17.8,never smoked,0
85505,Female,79.1,0,0,Yes,Private,Rural,119.87,27.2,never smoked,0
63981,Female,31.5,0,0,Yes,Private,Urban,68.28,18.3,Unknown,0
92113,Female,57.0,0,0,No,Private,Rural,72.0,20.0,smokes,0
98899,Male,69.5,0,0,Yes,Govt_job,Urban,124.13,18.3,Unknown,0
35690,Male,54.5,0,0,No,Private,Rural,187.34,23.6,Unknown,0
91844,Female,48.1,0,0,Yes,Private,Rural,108.45,33.1,Unknown,0
92182,Male,46.2,0,0,Yes,Private,Urban,140.46,27.9,formerly smoked,0
52785,Female,44.8,0,0,Yes,Private,Rural,186.07,24.1,never smoked,0
87162,Female,33.3,0,0,Yes,Private,Rural,58.4,27.2,smokes,0
70718,Male,36.1,0,0,Yes,Private,Urban,124.8,13.1,never smoked,0
74431,Female,78.6,0,0,Yes,Self-employed,Rural,155.67,32.8,formerly smoked,0
1159,Female,43.6,0,0,No,Private,Urban,147.09,11.6,formerly smoked,0
61139,Female,28.7,0,0,Yes,Private,Rural,151.64,23.2,never smoked,0
86823,Female,34.6,0,0,Yes,Private,Rural,85.3,27.9,smokes,0
20880,Male,70.2,0,0,Yes,Govt_job,Urban,113.75,31.8,never smoked,0
20462,Male,60.9,0,0,Yes,Private,Urban,156.29,30.3,Unknown,0
51128,Male,58.3,0,0,Yes,Private,Rural,123.24,28.1,never smoked,0
18684,Male,40.3,0,0,Yes,Private,Urban,65.3,39.4,smokes,0
25664,Female,58.6,1,0,No,Self-employed,Rural,77.74,43.6,never smoked,1
1552,Female,31.8,0,0,Yes,Never_worked,Rural,148.65,28.6,never smoked,0
7536,Female,40.3,0,0,No,Private,Urban,55.0,27.7,formerly smoked,0
58994,Female,67.3,0,0,Yes,Private,Urban,125.91,27.3,formerly smoked,0
7234,Male,65.2,1,0,No,Private,Rural,142.22,23.9,Unknown,0
53704,Female,24.4,0,0,No,Private,Urban,118.08,31.3,never smoked,0
37605,Female,27.2,0,0,Yes,Private,Urban,134.48,38.0,Unknown,0
95534,Female,48.4,0,0,No,Govt_job,Rural,134.05,11.0,never smoked,0
46459,Male,82.0,0,0,Yes,Self-employed,Rural,55.0,27.2,formerly smoked,1
35554,Female,3.9,0,0,No,children,Rural,55.0,39.7,smokes,0
39103,Female,52.1,0,0,Yes,Govt_job,Urban,78.85,31.4,never smoked,0
82923,Male,15.7,0,0,No,Self-employed,Rural,117.92,31.6,never smoked,0
48292,Female,32.0,0,0,Yes,Private,Urban,113.61,16.5,never smoked,0
46260,Male,38.0,0,0,Yes,Private,Urban,70.36,33.8,formerly smoked,0
22912,Female,36.7,0,0,Yes,Private,Rural,55.0,36.1,never smoked,0
69871,Male,34.3,0,0,No,Private,Urban,159.22,30.0,Unknown,0
19181,Male,46.2,0,0,Yes,Govt_job,Rural,204.29,23.6,never smoked,0
91254,Female,34.2,0,0,Yes,Self-employed,Rural,134.04,31.8,Unknown,0
47624,Male,13.8,0,0,No,children,Urban,112.86,20.7,Unknown,0
73621,Female,63.2,1,0,Yes,Private,Rural,126.58,19.7,never smoked,0
15094,Male,62.6,0,0,No,Private,Rural,81.49,34.5,Unknown,0
18236,Male,64.5,0,0,Yes,Private,Rural,64.13,36.7,Unknown,0
74062,Male,12.1,0,0,No,children,Urban,141.77,22.9,never smoked,0
28229,Male,52.6,0,0,No,Private,Urban,133.59,19.8,formerly smoked,0
68991,Male,60.9,0,0,Yes,Private,Rural,142.32,21.9,Unknown,0
39122,Female,23.3,0,0,No,Self-employed,Rural,116.46,30.0,Unknown,0
21147,Female,46.2,0,0,Yes,Govt_job,Urban,62.48,19.8,Unknown,0
80319,Male,43.4,0,0,Yes,Private,Urban,60.96,38.1,never smoked,0
36051,Male,82.0,0,0,No,Self-employed,Rural,71.12,25.0,never smoked,1
80167,Male,82.0,0,0,Yes,Private,Rural,167.1,31.2,smokes,1
99081,Female,9.4,0,0,No,children,Rural,59.1,22.9,never smoked,0
74212,Female,82.0,0,0,Yes,Self-employed,Rural,97.47,32.9,smokes,1
90569,Male,25.9,0,0,Yes,Govt_job,Rural,84.56,33.5,formerly smoked,0
97777,Male,67.6,0,0,Yes,Private,Urban,61.72,15.9,formerly smoked,0
5622,Female,67.4,1,0,Yes,Private,Rural,129.38,23.4,Unknown,0
36693,Female,24.1,0,0,Yes,Private,Urban,169.04,27.3,smokes,0
39630,Female,56.9,0,0,Yes,Private,Urban,100.49,24.6,smokes,0
50846,Female,43.6,0,0,Yes,Private,Rural,55.41,35.0,Unknown,0
31540,Male,58.2,0,0,Yes,Private,Urban,91.61,24.0,never smoked,0
85926,Female,51.1,0,0,Yes,Self-employed,Rural,82.78,33.9,smokes,0
68514,Female,72.3,0,0,No,Private,Urban,91.83,32.1,never smoked,0
19619,Female,47.7,0,0,Yes,Private,Urban,95.38,27.7,smokes,0
20276,Female,42.3,0,0,No,Private,Rural,179.05,34.2,Unknown,0
43434,Male,70.1,0,0,Yes,Private,Urban,118.89,17.0,Unknown,0
17831,Female,58.8,0,0,Yes,Self-employed,Rural,118.39,28.0,formerly smoked,0
5286,Female,62.1,0,0,Yes,Private,Rural,82.19,22.7,Unknown,0
87891,Female,31.4,0,0,Yes,Govt_job,Urban,140.09,27.7,never smoked,0
81025,Male,23.0,0,0,No,Private,Urban,146.28,25.0,smokes,0
5854,Male,33.5,0,0,No,Private,Urban,126.96,28.9,Unknown,0
19647,Female,32.3,0,0,No,Never_worked,Urban,122.88,28.6,smokes,0
16867,Male,63.3,0,0,Yes,Private,Rural,60.8,29.5,Unknown,0
28264,Female,67.5,0,0,Yes,Private,Urban,117.03,29.8,Unknown,0
29022,Female,42.6,0,0,Yes,Private,Urban,163.45,32.8,never smoked,0
91744,Female,77.5,0,0,Yes,Private,Urban,119.02,19.1,Unknown,0
11260,Male,76.1,0,0,Yes,Govt_job,Rural,133.4,32.3,smokes,0
55731,Male,51.4,0,0,Yes,Private,Urban,91.96,17.2,smokes,0
57014,Female,27.9,0,0,Yes,Private,Urban,79.9,11.0,Unknown,0
67276,Female,80.7,1,0,Yes,Private,Rural,76.25,43.3,formerly smoked,0
70951,Female,44.7,0,0,Yes,Private,Urban,153.9,21.5,never smoked,0
18998,Female,48.8,0,0,Yes,Private,Rural,98.66,25.1,Unknown,0
73974,Female,38.5,1,0,Yes,Private,Urban,154.8,14.5,never smoked,1
93215,Female,26.4,0,0,Yes,Private,Rural,87.98,25.1,Unknown,0
4322,Male,13.7,0,0,No,children,Urban,150.27,30.1,Unknown,0
78476,Female,59.9,0,1,No,Govt_job,Urban,105.74,30.3,Unknown,0
72821,Male,28.8,0,0,Yes,Private,Rural,91.66,19.4,smokes,0
99515,Female,82.0,0,1,Yes,Private,Rural,91.93,25.2,Unknown,0
41427,Female,22.1,0,0,No,Never_worked,Rural,138.24,31.3,formerly smoked,0
93085,Female,18.3,0,0,No,Private,Urban,118.91,30.3,never smoked,0
83110,Male,57.2,0,1,Yes,Private,Urban,138.55,29.5,Unknown,0
46315,Female,79.6,0,0,Yes,Private,Rural,162.63,34.2,Unknown,0
87397,Female,47.4,0,0,Yes,Private,Urban,96.13,27.7,Unknown,0
65615,Male,58.6,0,0,No,Private,Urban,127.76,38.9,formerly smoked,0
46056,Male,5.4,0,0,No,children,Rural,100.7,26.3,never smoked,0
87959,Male,31.1,0,0,Yes,Private,Rural,89.39,33.7,never smoked,0
14587,Female,22.4,0,0,No,Self-employed,Rural,119.5,34.0,never smoked,0
61116,Female,4.3,0,0,No,children,Urban,55.0,16.2,Unknown,0
94267,Male,48.6,0,0,Yes,Private,Urban,60.61,31.8,formerly smoked,0
61990,Male,0.1,0,0,No,children,Rural,143.65,23.7,never smoked,0
60091,Male,16.9,0,0,No,Private,Rural,114.77,20.9,never smoked,0
83562,Female,34.2,0,0,Yes,Private,Rural,81.18,25.3,never smoked,0
5125,Female,27.7,0,0,Yes,Private,Rural,115.7,29.7,formerly smoked,0
55812,Male,54.7,0,0,No,Govt_job,Urban,55.0,16.8,Unknown,0
15697,Male,52.7,0,0,Yes,Self-employed,Urban,67.47,28.7,Unknown,0
53185,Female,65.7,0,0,Yes,Private,Rural,67.61,26.9,smokes,0
7724,Male,62.6,0,0,Yes,Private,Urban,65.05,36.3,formerly smoked,0
9486,Female,71.1,0,0,Yes,Self-employed,Urban,97.06,23.7,never smoked,0
60524,Female,46.0,0,0,Yes,Private,Rural,115.51,37.4,formerly smoked,0
43298,Female,52.7,0,0,Yes,Private,Urban,231.88,31.4,smokes,0
12738,Male,57.3,0,0,Yes,Govt_job,Urban,151.34,28.2,never smoked,0
57847,Female,49.1,0,0,Yes,Private,Rural,55.0,38.1,never smoked,0
69129,Female,37.3,0,0,Yes,Self-employed,Urban,180.76,42.9,Unknown,0
33636,Male,38.7,0,0,Yes,Self-employed,Rural,81.55,26.9,smokes,0
53013,Female,28.0,0,0,Yes,Private,Urban,124.42,22.9,formerly smoked,0
45297,Male,55.3,0,0,Yes,Private,Urban,98.04,31.7,smokes,0
55028,Female,43.9,0,0,Yes,Private,Rural,184.99,17.8,formerly smoked,0
33058,Female,31.4,0,0,Yes,Private,Urban,146.78,18.7,never smoked,0
81382,Male,31.4,0,0,Yes,Private,Rural,175.18,,Unknown,0
46819,Male,19.4,0,0,No,Private,Urban,126.82,32.8,never smoked,0
53211,Female,67.5,1,0,No,Govt_job,Rural,95.83,22.1,never smoked,0
58876,Male,47.7,0,0,Yes,Self-employed,Urban,133.32,52.0,smokes,0
16699,Male,27.0,0,0,No,Private,Rural,162.66,18.1,formerly smoked,0
84235,Male,63.8,0,0,Yes,Private,Urban,76.9,33.1,smokes,0
34914,Male,33.7,0,0,Yes,Private,Urban,121.23,22.5,Unknown,0
80896,Female,15.1,0,0,No,Private,Urban,140.94,41.9,never smoked,0
74020,Female,68.5,0,1,No,Self-employed,Rural,84.99,24.5,never smoked,1
95175,Female,34.2,0,0,Yes,Private,Rural,92.14,26.4,never smoked,0
79610,Female,37.0,0,0,No,Self-employed,Urban,101.01,14.9,never smoked,0
18699,Male,46.9,0,0,Yes,Private,Rural,121.66,44.1,Unknown,0
39323,Female,71.1,0,0,Yes,Private,Rural,105.79,23.9,formerly smoked,0
27109,Female,46.4,0,0,Yes,Private,Rural,109.58,32.1,never smoked,0
7930,Female,19.6,0,0,No,Private,Rural,192.24,28.5,smokes,0
10997,Female,58.0,0,1,No,Private,Rural,104.36,24.4,Unknown,0
35462,Female,35.3,0,0,No,Private,Urban,170.48,11.8,Unknown,0
51885,Male,82.0,0,0,Yes,Govt_job,Urban,222.92,26.8,formerly smoked,0
56171,Female,46.0,1,0,Yes,Private,Urban,87.37,,smokes,0
1773,Female,0.1,0,0,No,children,Urban,148.2,30.9,never smoked,0
93803,Female,53.9,0,0,Yes,Private,Urban,89.86,44.6,Unknown,0
18758,Male,82.0,1,1,Yes,Self-employed,Urban,153.83,33.3,Unknown,0
77330,Female,80.7,0,0,No,Private,Rural,88.77,34.9,smokes,0
34610,Female,82.0,0,0,Yes,Private,Urban,55.0,26.2,smokes,0
34690,Female,23.6,0,0,No,Self-employed,Urban,138.03,18.7,smokes,0
98425,Female,66.1,0,0,No,Self-employed,Rural,110.76,26.4,smokes,1
18262,Male,30.1,0,0,Yes,Govt_job,Urban,164.96,23.0,formerly smoked,0
70969,Male,50.9,0,1,Yes,Private,Urban,88.31,28.1,Unknown,0
50587,Male,18.0,0,0,No,Self-employed,Rural,103.99,24.8,Unknown,0
65654,Male,31.8,0,0,Yes,Private,Rural,86.71,15.9,Unknown,0
11553,Female,31.1,0,0,Yes,Private,Rural,66.7,38.0,never smoked,0
85013,Female,65.8,0,0,Yes,Private,Rural,120.02,27.4,formerly smoked,0
85784,Female,63.6,0,0,Yes,Private,Rural,104.17,26.0,smokes,0
79639,Female,52.1,0,0,No,Private,Urban,55.0,20.2,never smoked,0
22826,Female,16.3,0,0,No,Govt_job,Rural,167.0,24.9,formerly smoked,0
35103,Female,39.1,0,0,Yes,Self-employed,Urban,108.8,22.0,never smoked,0
8365,Female,29.6,0,0,No,Private,Urban,85.82,19.5,formerly smoked,0
93537,Female,65.1,0,0,Yes,Private,Rural,138.71,29.7,never smoked,0
80536,Male,71.9,0,0,Yes,Self-employed,Rural,152.86,25.0,never smoked,0
70808,Male,69.2,0,0,Yes,Private,Rural,69.22,34.1,Unknown,0
46048,Male,29.4,0,0,Yes,Self-employed,Rural,65.32,25.8,never smoked,0
97172,Female,0.1,0,0,No,children,Urban,92.18,29.4,never smoked,0
27625,Female,7.1,0,0,No,children,Rural,122.81,29.1,formerly smoked,0
14910,Male,77.3,0,0,Yes,Private,Rural,177.5,31.4,smokes,0
93517,Male,37.2,1,0,Yes,Self-employed,Urban,55.0,22.2,Unknown,0
66868,Male,29.5,0,0,Yes,Private,Urban,196.99,35.2,smokes,0
4417,Female,82.0,0,0,Yes,Private,Urban,112.71,19.6,Unknown,0
72694,Female,73.8,0,0,No,Private,Rural,162.49,28.8,never smoked,1
57238,Male,46.5,0,0,Yes,Private,Rural,158.38,19.5,never smoked,0
82688,Male,39.5,0,0,Yes,Private,Rural,104.22,27.6,Unknown,0
95436,Female,43.1,0,0,Yes,Private,Rural,91.45,35.2,never smoked,0
82361,Female,51.0,0,0,Yes,Private,Urban,125.88,32.7,formerly smoked,0
52381,Female,81.2,0,0,No,Private,Urban,113.73,36.4,formerly smoked,0
6824,Female,55.3,0,0,No,Private,Urban,84.08,26.2,Unknown,0
50423,Male,62.0,0,0,Yes,Private,Rural,104.29,35.3,formerly smoked,1
8888,Female,71.7,0,0,Yes,Private,Rural,94.68,23.3,Unknown,1
52575,Female,20.3,0,0,No,Private,Rural,107.72,25.1,smokes,0
36818,Female,62.6,1,0,Yes,Private,Rural,160.75,29.5,never smoked,0
74410,Male,39.5,0,0,Yes,Private,Urban,94.42,34.9,never smoked,0
13888,Female,0.1,0,0,No,children,Rural,117.78,24.4,formerly smoked,0
22930,Female,0.1,0,0,No,children,Rural,103.58,33.7,never smoked,0
53058,Male,23.6,0,0,No,Private,Rural,103.15,30.2,never smoked,0
81138,Male,57.7,0,0,Yes,Self-employed,Rural,97.82,31.0,formerly smoked,0
82337,Male,48.5,0,0,Yes,Private,Rural,127.15,22.1,smokes,0
15089,Male,50.1,0,0,Yes,Self-employed,Urban,55.0,25.6,formerly smoked,0
83732,Female,82.0,0,0,Yes,Private,Rural,127.89,27.8,Unknown,0
52724,Male,18.1,0,0,No,Self-employed,Rural,115.09,31.0,never smoked,0
36375,Male,45.4,0,1,No,Govt_job,Rural,112.43,22.4,Unknown,0
83730,Female,52.7,0,0,Yes,Private,Urban,134.34,18.8,Unknown,0
44338,Male,29.8,0,0,No,Private,Urban,55.73,12.5,Unknown,0
30726,Female,46.6,0,0,Yes,Private,Urban,150.95,34.1,smokes,0
66714,Female,10.8,0,0,No,children,Urban,96.76,35.6,never smoked,0
87190,Female,77.0,0,0,Yes,Private,Urban,94.8,13.4,Unknown,0
40588,Female,31.0,0,0,Yes,Self-employed,Rural,77.53,29.1,Unknown,0
98114,Male,82.0,0,1,No,Private,Rural,81.09,25.7,Unknown,0
22770,Female,45.3,1,0,Yes,Govt_job,Urban,62.96,37.6,Unknown,0
73586,Male,68.6,0,0,Yes,Private,Urban,109.2,26.9,never smoked,0
48868,Female,44.8,0,0,No,Private,Urban,88.07,32.6,Unknown,0
28627,Female,45.3,0,0,Yes,Private,Urban,142.24,25.3,Unknown,0
93928,Female,33.2,0,0,Yes,Private,Urban,119.94,23.3,Unknown,0
38219,Female,48.6,0,0,Yes,Private,Rural,113.82,34.3,smokes,0
9923,Male,53.0,0,0,No,Private,Rural,91.33,36.6,Unknown,0
1135,Male,28.7,0,0,Yes,Private,Rural,99.51,19.0,smokes,0
31673,Female,43.2,0,0,No,Private,Rural,175.34,37.1,formerly smoked,0
87145,Male,32.6,1,0,Yes,Self-employed,Urban,98.89,21.2,Unknown,0
19376,Male,82.0,0,0,Yes,Private,Rural,55.0,11.0,never smoked,0
59423,Male,44.0,0,0,No,Private,Rural,97.98,28.6,Unknown,0
11545,Female,80.0,0,0,No,Govt_job,Rural,73.96,32.3,formerly smoked,0
70664,Female,41.7,0,0,Yes,Private,Urban,95.2,17.1,never smoked,0
11589,Male,51.7,0,0,Yes,Private,Rural,107.21,13.6,formerly smoked,0
61812,Female,16.9,0,0,No,Private,Urban,74.41,,smokes,0
44280,Female,36.2,0,0,Yes,Private,Rural,55.0,23.8,never smoked,0
33174,Male,50.6,0,0,Yes,Govt_job,Urban,98.65,38.8,Unknown,0
35136,Female,80.9,0,0,Yes,Private,Urban,166.67,28.6,formerly smoked,0
27434,Male,50.9,0,0,No,Govt_job,Urban,105.28,34.0,Unknown,0
37327,Female,76.4,0,0,Yes,Self-employed,Rural,116.28,30.1,never smoked,0
12385,Male,60.1,0,0,Yes,Private,Rural,93.49,40.3,never smoked,0
59725,Female,81.8,0,0,Yes,Self-employed,Rural,123.38,21.8,never smoked,0
47455,Female,44.7,0,0,No,Self-employed,Urban,134.98,27.8,never smoked,0
21120,Male,82.0,1,0,Yes,Private,Rural,163.5,16.7,Unknown,0
94523,Female,35.3,0,0,Yes,Private,Rural,171.68,34.6,formerly smoked,0
8169,Male,29.1,0,0,Yes,Private,Urban,118.87,36.9,Unknown,0
84227,Male,19.4,0,0,No,Private,Rural,157.08,35.0,Unknown,0
86299,Female,82.0,1,0,Yes,Private,Rural,150.52,27.6,never smoked,0
20542,Female,64.0,1,0,No,Private,Urban,132.44,17.3,Unknown,0
2532,Male,38.6,0,0,Yes,Private,Urban,104.49,27.9,Unknown,0
14372,Male,73.5,1,0,Yes,Govt_job,Urban,56.17,23.4,never smoked,0
84181,Male,61.1,0,0,No,Private,Urban,206.62,35.4,smokes,0
82390,Female,82.0,0,0,Yes,Private,Urban,109.76,25.3,formerly smoked,0
93491,Male,11.9,0,0,No,children,Urban,90.16,25.1,formerly smoked,0
83101,Female,40.2,0,0,Yes,Private,Urban,90.27,44.8,never smoked,0
59779,Male,35.8,0,0,Yes,Self-employed,Urban,134.32,34.5,formerly smoked,0
4548,Female,2.6,0,0,No,children,Urban,68.06,36.6,never smoked,0
66794,Female,69.3,0,0,No,Govt_job,Urban,166.5,24.7,formerly smoked,1
78662,Male,40.1,0,0,No,Private,Urban,118.31,20.2,smokes,0
13187,Male,62.3,0,0,Yes,Private,Rural,83.54,36.5,Unknown,0
68117,Female,82.0,0,0,Yes,Private,Rural,127.97,39.7,never smoked,0
71699,Male,38.2,0,0,Yes,Self-employed,Urban,138.36,18.9,never smoked,0
13522,Female,36.7,0,0,No,Private,Rural,82.31,24.6,formerly smoked,0
49774,Female,48.6,0,0,Yes,Private,Rural,126.42,,formerly smoked,0
84542,Female,67.7,1,0,Yes,Private,Rural,101.84,,smokes,0
83115,Female,33.5,0,0,Yes,Private,Urban,163.84,36.6,smokes,0
10835,Female,32.1,0,0,Yes,Self-employed,Rural,94.46,25.7,never smoked,0
77310,Female,69.3,0,0,Yes,Self-employed,Urban,97.96,25.7,smokes,0
76548,Female,54.3,1,0,Yes,Private,Rural,55.0,13.8,formerly smoked,0
72418,Male,1.0,0,0,No,children,Urban,151.15,21.3,formerly smoked,0
46625,Male,19.0,0,0,No,Private,Rural,95.2,39.8,smokes,0
70533,Male,79.0,0,0,Yes,Private,Urban,94.01,32.2,smokes,1
6928,Female,54.8,0,0,Yes,Self-employed,Rural,158.46,35.4,smokes,0
50651,Male,29.2,0,0,Yes,Private,Urban,121.95,25.8,Unknown,0
5166,Female,42.3,0,0,Yes,Govt_job,Rural,79.09,26.5,formerly smoked,0
8015,Male,46.3,0,0,Yes,Private,Urban,116.2,28.6,Unknown,0
84139,Female,62.2,0,0,Yes,Private,Urban,123.38,30.9,Unknown,0
5715,Female,16.1,0,0,No,Private,Rural,99.71,38.8,never smoked,0
78892,Female,27.5,0,0,Yes,Govt_job,Rural,186.28,23.5,Unknown,0
29891,Male,52.0,1,0,Yes,Private,Urban,106.26,27.5,formerly smoked,0
50679,Male,43.8,0,0,Yes,Self-employed,Urban,105.72,22.6,Unknown,0
86032,Male,58.6,0,0,No,Private,Rural,107.18,13.7,Unknown,0
66679,Male,19.0,0,0,No,Govt_job,Urban,135.22,35.4,formerly smoked,0
11534,Male,53.9,0,0,Yes,Govt_job,Urban,76.37,41.6,never smoked,0
77458,Female,70.0,0,0,Yes,Private,Urban,141.31,34.2,smokes,0
90912,Male,56.7,0,0,No,Private,Urban,214.09,30.2,never smoked,0
48542,Female,49.1,0,0,Yes,Self-employed,Urban,62.51,42.4,smokes,0
93067,Female,43.9,0,0,No,Private,Urban,78.2,31.9,formerly smoked,0
40134,Female,27.6,0,0,Yes,Private,Rural,59.24,34.5,formerly smoked,0
21494,Male,44.4,0,1,Yes,Self-employed,Urban,55.0,29.6,formerly smoked,0
33614,Male,73.7,1,0,Yes,Private,Urban,85.43,30.7,Unknown,0
92589,Female,43.4,0,0,Yes,Govt_job,Rural,79.27,27.5,smokes,0
65341,Female,26.4,0,0,Yes,Private,Urban,138.63,34.7,smokes,0
51742,Female,35.2,0,0,Yes,Private,Urban,156.98,20.3,Unknown,0
69720,Male,50.4,0,0,Yes,Self-employed,Rural,115.9,31.6,Unknown,0
69314,Male,37.8,0,0,Yes,Self-employed,Rural,150.22,22.1,formerly smoked,0
3875,Female,56.7,0,0,Yes,Private,Urban,134.43,32.3,never smoked,0
66636,Female,57.5,0,0,No,Private,Rural,85.14,46.5,never smoked,0
56273,Male,65.6,0,0,Yes,Private,Urban,120.84,33.7,smokes,0
6989,Female,77.3,0,0,No,Private,Urban,73.99,37.3,never smoked,0
81528,Female,67.9,1,0,No,Private,Rural,113.72,35.3,Unknown,1
44748,Female,25.4,0,0,No,Private,Rural,113.61,11.1,never smoked,0
69990,Female,26.1,0,0,Yes,Private,Rural,129.02,27.5,never smoked,0
93306,Female,44.3,0,0,Yes,Private,Rural,178.99,31.9,smokes,1
24909,Male,36.1,0,0,No,Private,Urban,66.62,12.8,Unknown,0
28192,Female,21.0,0,0,No,Govt_job,Rural,104.75,26.4,formerly smoked,0
44200,Female,36.3,0,0,Yes,Private,Urban,167.33,27.9,Unknown,0
39624,Male,35.6,0,0,Yes,Private,Rural,82.85,19.3,Unknown,0
40111,Male,31.2,0,0,Yes,Private,Urban,75.16,21.2,never smoked,0
8914,Female,39.1,0,0,Yes,Private,Urban,133.45,38.5,Unknown,0
78158,Female,71.9,0,0,Yes,Private,Rural,126.33,11.0,formerly smoked,0
38204,Male,50.4,1,0,Yes,Govt_job,Rural,67.43,30.5,formerly smoked,0
67376,Female,82.0,0,0,No,Private,Urban,87.27,37.2,Unknown,1
12128,Male,49.8,0,0,Yes,Private,Urban,70.93,,Unknown,0
48862,Female,39.6,0,0,Yes,Private,Rural,71.04,39.1,smokes,0
6975,Female,46.1,0,0,Yes,Govt_job,Rural,123.15,25.3,formerly smoked,0
80273,Female,51.6,0,0,Yes,Private,Rural,123.06,21.7,never smoked,0
2074,Male,55.6,0,0,Yes,Private,Urban,104.95,28.4,never smoked,0
8893,Female,82.0,0,0,Yes,Private,Rural,66.28,25.6,smokes,0
19935,Female,27.4,0,0,No,Private,Urban,71.83,24.2,smokes,0
42572,Female,64.9,0,0,Yes,Private,Urban,119.55,27.1,Unknown,0
65522,Male,50.6,0,0,Yes,Self-employed,Rural,61.88,22.6,formerly smoked,0
22542,Female,11.4,0,0,No,children,Urban,55.0,22.2,smokes,0
61550,Male,63.0,0,0,Yes,Private,Urban,89.6,20.1,smokes,0
33085,Male,73.9,0,0,Yes,Private,Urban,105.12,31.6,Unknown,1
73450,Female,27.1,0,0,Yes,Govt_job,Urban,55.68,,Unknown,0
80283,Male,45.8,0,0,No,Private,Urban,121.34,19.2,Unknown,0
3282,Male,8.0,0,0,No,children,Urban,101.08,20.4,never smoked,0
31962,Female,18.3,0,0,No,Self-employed,Rural,69.5,30.0,Unknown,0
50612,Female,69.1,0,0,No,Private,Rural,108.42,33.5,Unknown,0
95253,Female,35.7,0,0,Yes,Private,Rural,55.0,34.1,never smoked,0
65356,Female,21.6,0,0,No,Govt_job,Urban,92.1,30.1,smokes,0
43519,Female,51.0,0,0,Yes,Self-employed,Rural,93.5,32.5,smokes,0
77356,Male,34.5,0,0,Yes,Govt_job,Urban,105.56,28.1,formerly smoked,0
33048,Male,35.6,0,0,No,Private,Urban,109.95,31.9,Unknown,0
5797,Female,62.3,0,0,Yes,Self-employed,Rural,135.73,31.8,Unknown,0
15079,Female,20.4,0,0,No,Self-employed,Urban,103.47,23.0,never smoked,0
73714,Female,26.1,0,0,Yes,Self-employed,Urban,61.05,20.4,never smoked,0
60416,Female,49.4,0,0,Yes,Self-employed,Rural,75.26,38.6,never smoked,0
3575,Female,67.3,0,0,No,Self-employed,Urban,236.32,29.4,Unknown,0
1443,Male,73.2,0,0,Yes,Govt_job,Urban,55.57,36.4,never smoked,0
11868,Male,31.4,0,0,Yes,Private,Rural,197.16,20.3,smokes,0
72221,Female,66.6,0,0,Yes,Private,Rural,186.5,25.5,smokes,0
56704,Male,28.7,0,0,Yes,Private,Urban,60.62,18.2,never smoked,0
61983,Female,82.0,0,0,Yes,Private,Rural,144.21,33.3,never smoked,0
68311,Male,21.1,0,0,No,Self-employed,Urban,120.7,23.9,Unknown,0
43146,Female,75.2,1,0,Yes,Private,Rural,161.34,24.3,formerly smoked,1
59297,Female,31.6,0,0,No,Private,Rural,76.38,43.2,formerly smoked,0
62226,Male,82.0,1,0,Yes,Private,Urban,128.89,33.5,formerly smoked,1
72251,Female,59.0,0,0,Yes,Private,Rural,82.35,,never smoked,0
99897,Female,23.6,0,0,No,Private,Rural,69.93,19.5,formerly smoked,0
48272,Female,34.5,0,0,Yes,Private,Urban,108.0,14.6,never smoked,0
61857,Male,63.2,0,0,Yes,Private,Rural,134.11,35.8,never smoked,0
8725,Male,69.2,0,0,Yes,Private,Rural,129.79,11.7,never smoked,0
77061,Female,44.4,0,0,Yes,Private,Urban,147.87,24.7,smokes,0
5368,Female,47.0,0,0,Yes,Private,Rural,78.47,22.4,never smoked,0
28578,Male,62.7,1,0,Yes,Govt_job,Urban,194.01,21.6,never smoked,0
86043,Female,48.9,0,0,Yes,Private,Rural,106.93,25.2,Unknown,0
79693,Female,17.5,0,0,No,Private,Urban,68.6,20.6,smokes,0
30789,Male,28.1,0,0,Yes,Self-employed,Rural,143.96,19.4,Unknown,0
97362,Female,51.2,0,1,No,Private,Rural,101.86,30.4,Unknown,0
45073,Male,72.7,0,0,Yes,Private,Rural,77.53,36.5,formerly smoked,0
79859,Female,81.6,0,0,Yes,Private,Rural,85.98,15.5,smokes,0
77750,Male,63.1,0,0,Yes,Private,Urban,102.09,30.0,Unknown,0
52567,Female,52.3,0,0,Yes,Private,Rural,55.0,32.6,never smoked,0
20950,Female,62.5,0,0,Yes,Private,Rural,172.3,31.8,never smoked,0
42383,Female,31.3,0,0,Yes,Private,Urban,125.76,26.8,never smoked,0
35600,Male,42.6,1,0,No,Govt_job,Urban,114.99,24.0,Unknown,0
21254,Male,27.9,0,0,Yes,Govt_job,Urban,94.02,34.2,never smoked,0
87247,Male,18.5,0,0,No,Private,Urban,150.45,31.0,Unknown,0
22683,Female,53.3,0,0,Yes,Govt_job,Urban,175.91,14.3,smokes,0
11357,Female,50.1,0,0,Yes,Private,Rural,65.8,26.8,smokes,0
96311,Male,61.1,1,0,Yes,Private,Rural,114.94,28.9,formerly smoked,0
54206,Male,58.0,0,0,No,Private,Urban,118.14,20.3,formerly smoked,0
67037,Female,51.3,0,0,Yes,Private,Urban,149.96,26.7,never smoked,0
50492,Male,58.2,0,0,No,Private,Urban,132.25,32.2,Unknown,0
2914,Female,45.1,0,0,Yes,Private,Urban,120.83,22.3,Unknown,0
14098,Female,55.1,0,0,Yes,Private,Urban,103.46,30.2,formerly smoked,0
32302,Male,30.0,0,0,Yes,Private,Urban,62.91,21.1,formerly smoked,0
24670,Female,54.1,1,0,Yes,Private,Rural,117.55,19.2,smokes,0
96722,Female,60.7,0,0,Yes,Private,Rural,95.46,33.1,formerly smoked,0
87895,Female,31.3,0,0,Yes,Private,Rural,65.64,37.3,Unknown,0
30744,Male,47.1,0,0,Yes,Private,Rural,176.06,19.6,never smoked,0
84189,Female,32.3,0,0,Yes,Private,Urban,106.36,35.6,Unknown,0
12440,Male,34.4,0,0,Yes,Govt_job,Rural,130.98,28.4,formerly smoked,0
73290,Female,21.3,0,0,No,Private,Rural,96.98,11.9,formerly smoked,0
86973,Female,73.8,0,1,Yes,Private,Urban,72.57,17.7,formerly smoked,0
12467,Female,69.4,0,0,Yes,Private,Urban,134.33,,formerly smoked,0
53608,Female,57.8,0,0,Yes,Private,Rural,180.37,16.3,never smoked,0
14567,Female,82.0,0,0,Yes,Private,Rural,149.19,23.9,formerly smoked,0
3010,Female,41.8,0,0,Yes,Private,Rural,122.63,27.9,formerly smoked,0
23253,Male,82.0,0,1,Yes,Self-employed,Rural,95.9,31.9,never smoked,0
67731,Female,41.0,0,0,Yes,Private,Rural,114.52,29.9,never smoked,0
19710,Male,51.6,0,0,Yes,Private,Urban,132.83,40.3,Unknown,0
49102,Male,37.2,0,0,Yes,Self-employed,Urban,93.01,22.4,Unknown,0
6778,Female,54.2,0,0,No,Govt_job,Rural,132.2,29.2,formerly smoked,0
17506,Female,64.4,0,0,Yes,Private,Urban,98.47,31.9,never smoked,0
28217,Female,43.5,0,0,Yes,Private,Urban,55.0,33.8,formerly smoked,0
17333,Female,82.0,0,0,Yes,Private,Urban,74.01,36.4,Unknown,0
64311,Female,51.3,0,0,Yes,Private,Urban,100.26,25.2,Unknown,0
66233,Female,52.0,0,0,No,Private,Rural,109.49,33.4,Unknown,0
37761,Female,26.0,0,0,Yes,Private,Urban,55.0,21.6,Unknown,0
77204,Female,55.2,0,0,Yes,Self-employed,Urban,143.96,27.9,Unknown,0
25646,Male,43.1,0,0,Yes,Self-employed,Urban,116.96,32.3,never smoked,0
98523,Female,32.6,0,0,No,Private,Urban,56.99,35.8,never smoked,0
97612,Female,28.9,0,0,Yes,Private,Rural,132.8,32.8,Unknown,0
73006,Female,82.0,0,0,Yes,Private,Urban,94.27,29.2,never smoked,0
46533,Male,40.2,0,0,Yes,Private,Rural,62.72,27.9,never smoked,0
91041,Female,13.9,0,0,No,children,Urban,132.39,32.6,Unknown,0
45139,Female,30.6,0,0,Yes,Private,Rural,139.6,44.9,Unknown,0
82365,Male,44.9,0,0,Yes,Private,Urban,111.58,34.9,never smoked,0
51675,Female,58.0,0,0,No,Private,Rural,118.95,31.4,formerly smoked,0
87791,Female,58.2,0,0,Yes,Private,Rural,110.32,18.2,never smoked,0
7189,Female,60.9,0,1,Yes,Self-employed,Urban,130.89,,never smoked,0
5309,Male,31.8,0,0,Yes,Private,Urban,99.39,26.1,never smoked,0
92269,Male,53.5,0,0,Yes,Private,Urban,55.0,35.3,Unknown,0
29259,Male,26.7,0,0,Yes,Govt_job,Rural,74.43,21.5,never smoked,0
58209,Female,32.4,0,0,Yes,Private,Rural,79.45,,Unknown,0
29294,Female,25.8,0,0,Yes,Private,Urban,94.47,29.4,never smoked,0
35861,Male,19.9,0,0,No,Private,Urban,98.02,31.2,never smoked,0
7335,Male,69.4,0,0,Yes,Private,Urban,169.74,26.9,never smoked,0
86225,Male,61.1,0,0,Yes,Private,Rural,105.77,24.0,Unknown,0
30170,Male,67.5,0,0,Yes,Private,Rural,118.93,21.2,Unknown,0
49397,Female,46.9,0,0,No,Private,Urban,100.7,33.1,never smoked,0
10266,Male,63.1,1,0,Yes,Private,Rural,118.37,27.9,smokes,0
14658,Male,7.3,0,0,No,children,Urban,118.47,20.4,never smoked,0
84148,Male,65.0,0,0,Yes,Private,Urban,149.41,30.2,never smoked,0
67081,Male,49.9,0,0,No,Private,Urban,148.19,54.2,never smoked,0
87775,Female,59.8,0,0,No,Private,Rural,61.95,27.0,never smoked,0
75699,Male,54.4,0,0,Yes,Private,Urban,80.5,40.9,Unknown,0
40333,Female,24.3,0,0,Yes,Govt_job,Rural,94.23,,smokes,0
7693,Female,13.0,0,0,No,children,Urban,144.1,26.5,Unknown,0
1567,Male,30.3,0,0,Yes,Private,Urban,114.69,35.7,Unknown,0
83445,Male,58.4,0,0,Yes,Private,Urban,97.87,28.6,Unknown,0
38381,Male,61.2,0,0,Yes,Private,Urban,67.65,23.7,never smoked,0
28752,Female,15.9,0,0,No,Self-employed,Urban,134.71,28.3,never smoked,0
56730,Female,24.4,0,0,Yes,Self-employed,Rural,151.77,35.9,never smoked,0
99283,Female,30.1,0,0,No,Private,Rural,75.67,44.6,never smoked,0
34811,Male,38.1,0,0,Yes,Private,Rural,56.28,36.5,never smoked,0
80794,Male,16.0,0,0,No,Private,Urban,102.82,24.7,never smoked,0
83281,Male,14.7,0,0,No,Private,Urban,103.72,26.8,smokes,0
90834,Female,27.9,0,0,Yes,Private,Urban,166.58,26.8,formerly smoked,0
81228,Female,47.9,0,0,No,Self-employed,Urban,85.31,22.0,formerly smoked,0
80292,Male,20.0,0,0,No,Private,Urban,80.26,,formerly smoked,0
19733,Female,43.5,0,0,Yes,Private,Rural,79.18,26.4,never smoked,0
93470,Male,69.3,0,0,Yes,Private,Urban,69.38,19.5,never smoked,0
30215,Male,17.4,0,0,No,Private,Rural,98.69,34.8,smokes,0
29358,Female,41.5,0,0,Yes,Govt_job,Urban,137.51,31.7,Unknown,0
91112,Female,68.5,0,0,Yes,Private,Urban,139.57,,Unknown,0
35096,Male,36.8,0,0,Yes,Private,Urban,70.52,29.6,Unknown,0
91107,Male,33.4,0,0,Yes,Private,Urban,146.22,21.3,never smoked,0
74838,Male,71.6,1,0,Yes,Private,Urban,114.32,24.4,Unknown,0
87382,Male,39.3,0,0,No,Private,Urban,55.0,33.7,Unknown,0
37611,Female,70.3,0,0,Yes,Self-employed,Rural,132.07,32.0,Unknown,0
30153,Male,55.4,0,0,Yes,Private,Urban,148.95,24.7,never smoked,0
68345,Male,38.5,0,0,Yes,Govt_job,Urban,87.2,30.8,Unknown,0
35845,Female,56.6,0,0,No,Self-employed,Urban,105.52,27.9,formerly smoked,0
31641,Male,53.0,0,0,Yes,Private,Urban,97.53,21.0,formerly smoked,0
29472,Female,68.5,0,0,Yes,Self-employed,Rural,108.81,27.2,formerly smoked,0
28367,Female,33.9,0,0,Yes,Private,Rural,96.5,31.7,formerly smoked,0
78077,Female,46.9,0,0,Yes,Govt_job,Rural,112.49,30.8,Unknown,0
62500,Male,44.6,0,0,Yes,Private,Urban,55.0,15.8,Unknown,0
6898,Female,61.5,0,0,Yes,Self-employed,Rural,85.95,29.7,smokes,0
27034,Female,23.4,0,0,No,Private,Urban,100.35,28.7,never smoked,0
549,Male,68.4,0,0,Yes,Private,Urban,126.74,14.3,formerly smoked,0
39011,Female,56.3,0,0,Yes,Self-employed,Urban,55.0,22.4,never smoked,0
87150,Male,17.0,0,0,No,Private,Urban,149.21,32.2,smokes,0
50898,Male,72.6,1,0,Yes,Self-employed,Rural,113.77,38.9,never smoked,0
6961,Female,82.0,1,0,Yes,Private,Urban,152.93,16.2,smokes,1
46024,Female,68.0,0,0,Yes,Private,Rural,117.8,35.8,formerly smoked,0
21456,Male,77.4,0,0,No,Private,Urban,162.13,14.4,never smoked,0
19298,Female,47.9,0,0,Yes,Self-employed,Urban,120.36,39.0,never smoked,0
9739,Female,9.4,0,0,No,children,Rural,57.58,26.7,never smoked,0
71353,Male,5.4,0,0,No,children,Rural,128.8,23.1,Unknown,0
31388,Male,51.6,0,0,No,Private,Rural,109.29,31.2,smokes,0
66660,Male,33.0,0,0,Yes,Private,Rural,84.01,21.3,smokes,0
64248,Female,25.9,0,0,Yes,Self-employed,Urban,110.93,32.4,never smoked,0
86367,Male,44.6,0,0,No,Private,Rural,121.33,27.6,Unknown,0
49600,Male,59.5,1,0,Yes,Self-employed,Rural,120.99,11.0,never smoked,0
44033,Male,14.0,0,0,No,Private,Urban,62.39,22.4,formerly smoked,0
4293,Male,36.1,0,0,Yes,Private,Urban,167.64,29.9,smokes,0
57595,Male,79.2,0,0,Yes,Self-employed,Rural,135.23,36.5,never smoked,0
84245,Female,22.3,0,0,No,Govt_job,Rural,103.47,31.0,Unknown,0
50023,Female,65.1,0,0,Yes,Private,Urban,94.17,36.4,Unknown,0
35653,Female,35.3,0,0,Yes,Self-employed,Rural,163.8,21.8,formerly smoked,0
38400,Female,58.0,0,0,Yes,Private,Urban,112.62,34.0,never smoked,0
96337,Female,70.1,0,1,Yes,Private,Rural,63.76,34.1,never smoked,0
65377,Female,62.3,0,0,Yes,Private,Rural,164.06,16.3,Unknown,0
56816,Male,66.0,0,0,Yes,Private,Urban,89.21,36.7,never smoked,0
51112,Female,20.7,0,0,No,Private,Rural,63.52,31.0,Unknown,0
8441,Female,70.5,0,0,Yes,Private,Urban,113.41,26.4,Unknown,0
88547,Female,27.2,0,0,Yes,Private,Urban,82.28,26.3,never smoked,0
31820,Female,51.7,0,0,Yes,Private,Rural,99.83,20.7,never smoked,0
1914,Male,51.7,0,0,Yes,Private,Urban,119.47,33.2,never smoked,0
10396,Female,56.7,0,0,Yes,Private,Urban,55.0,30.8,never smoked,0
37802,Female,53.4,0,0,Yes,Govt_job,Rural,108.56,32.9,Unknown,0
37069,Male,27.4,0,0,No,Private,Urban,151.49,29.1,smokes,0
24579,Female,16.3,0,0,No,Private,Rural,65.65,30.0,smokes,0
57041,Female,65.2,0,0,Yes,Private,Urban,55.0,26.3,never smoked,0
68422,Male,50.1,0,0,Yes,Private,Rural,136.84,36.6,never smoked,0
45398,Female,71.3,1,0,Yes,Private,Urban,114.82,33.0,formerly smoked,0
96693,Male,45.0,0,0,Yes,Private,Urban,124.34,29.8,Unknown,0
90428,Male,15.1,0,0,No,Private,Urban,89.61,27.5,smokes,0
26855,Male,67.3,0,0,Yes,Private,Urban,112.29,15.2,never smoked,0
99629,Female,37.9,0,0,Yes,Self-employed,Urban,164.72,13.6,Unknown,0
8060,Male,53.5,0,0,Yes,Private,Rural,124.97,25.7,never smoked,0
2389,Male,31.8,0,0,Yes,Private,Rural,68.34,38.0,smokes,0
46384,Female,82.0,0,0,Yes,Private,Urban,147.07,23.2,Unknown,0
98715,Male,26.7,0,0,Yes,Private,Urban,101.42,23.5,smokes,0
60318,Female,38.6,0,0,Yes,Self-employed,Rural,55.0,21.2,Unknown,0
99111,Male,48.4,0,0,Yes,Self-employed,Urban,77.24,18.8,Unknown,0
80384,Male,22.0,0,0,No,Private,Rural,71.32,21.6,never smoked,0
71210,Female,53.3,0,0,Yes,Private,Rural,99.74,30.6,smokes,0
74654,Female,81.5,1,0,Yes,Private,Rural,156.53,24.8,Unknown,0
91439,Male,35.2,0,0,Yes,Self-employed,Rural,134.66,24.5,formerly smoked,0
70885,Female,54.7,0,0,Yes,Private,Rural,83.35,,Unknown,0
3948,Female,0.1,0,0,No,children,Rural,120.84,30.3,Unknown,0
59424,Female,45.1,0,0,Yes,Private,Urban,87.28,31.4,never smoked,0
14739,Male,39.1,0,0,Yes,Private,Rural,93.83,14.5,never smoked,0
76482,Female,28.0,0,0,Yes,Private,Rural,115.46,22.8,never smoked,0
43263,Male,69.8,0,0,Yes,Private,Urban,65.56,27.8,never smoked,0
66241,Male,38.8,0,0,Yes,Self-employed,Rural,96.65,31.8,smokes,0
47013,Female,42.1,0,0,Yes,Private,Urban,97.12,29.5,smokes,0
75128,Female,37.7,0,0,Yes,Private,Rural,79.86,34.7,never smoked,0
83554,Female,3.8,0,0,No,children,Urban,120.21,17.9,smokes,0
36021,Male,21.1,0,0,No,Govt_job,Urban,120.57,31.6,never smoked,0
84449,Male,67.1,0,0,Yes,Govt_job,Urban,73.52,43.9,Unknown,0
8214,Female,0.1,0,0,No,children,Urban,64.73,28.9,Unknown,0
71272,Female,29.1,0,0,Yes,Private,Urban,101.8,29.2,never smoked,0
78773,Female,37.2,0,0,Yes,Private,Rural,76.28,32.4,never smoked,0
32052,Male,82.0,0,0,No,Private,Urban,90.08,24.4,Unknown,0
48016,Female,62.9,1,0,Yes,Private,Rural,55.0,21.4,never smoked,0
49451,Female,33.7,0,1,Yes,Private,Urban,96.8,28.9,Unknown,0
20415,Male,74.7,0,0,Yes,Private,Urban,91.54,16.1,never smoked,0
88110,Female,29.7,0,0,Yes,Private,Urban,66.45,31.5,formerly smoked,0
82825,Female,68.2,0,0,Yes,Private,Urban,132.0,32.7,smokes,0
99654,Female,16.1,0,0,No,Private,Urban,90.77,16.5,formerly smoked,0
9729,Male,69.6,0,0,Yes,Private,Urban,105.99,29.7,Unknown,0
75470,Female,37.1,0,0,Yes,Private,Urban,129.62,26.9,Unknown,0
24427,Male,23.4,0,0,No,Self-employed,Urban,122.8,39.6,formerly smoked,0
35066,Female,41.2,0,0,Yes,Govt_job,Urban,60.17,38.3,formerly smoked,0
15958,Female,52.1,0,0,Yes,Self-employed,Urban,107.68,34.8,Unknown,0
84283,Male,35.1,0,0,Yes,Private,Urban,79.41,37.6,Unknown,0
18017,Male,58.2,1,0,Yes,Private,Rural,152.42,25.8,never smoked,1
43616,Male,33.2,0,0,Yes,Self-employed,Rural,177.06,30.4,formerly smoked,0
63827,Male,59.6,0,0,Yes,Private,Rural,150.95,26.6,formerly smoked,0
62482,Female,55.7,0,0,No,Private,Rural,131.03,21.0,never smoked,0
27294,Male,44.7,0,0,Yes,Govt_job,Urban,100.1,29.1,Unknown,1
84677,Female,36.3,0,0,Yes,Private,Urban,134.82,27.9,Unknown,0
95231,Female,49.3,0,0,No,Self-employed,Rural,55.0,27.0,Unknown,0
52580,Male,58.1,0,1,Yes,Private,Rural,82.49,28.1,smokes,0
65988,Male,82.0,0,0,No,Private,Urban,121.01,29.0,Unknown,0
97084,Female,66.7,0,0,Yes,Self-employed,Urban,96.02,35.2,never smoked,0
41356,Female,67.5,0,0,Yes,Private,Rural,69.86,24.1,never smoked,0
15620,Male,82.0,0,0,Yes,Private,Urban,119.97,18.9,formerly smoked,0
56927,Female,57.4,0,0,Yes,Private,Rural,160.92,33.6,formerly smoked,0
27688,Female,56.7,0,0,Yes,Private,Urban,155.98,34.9,Unknown,0
97008,Female,61.5,0,0,Yes,Private,Urban,82.93,31.2,Unknown,1
53469,Female,23.8,0,0,No,Govt_job,Urban,170.66,20.0,formerly smoked,0
3793,Female,36.2,0,0,No,Private,Rural,88.01,27.5,never smoked,0
91756,Male,34.9,0,0,Yes,Private,Urban,108.54,30.6,never smoked,0
29219,Female,60.2,0,0,Yes,Self-employed,Urban,141.94,20.5,never smoked,1
31778,Female,42.2,0,0,No,Private,Urban,55.0,22.8,smokes,0
4716,Male,49.0,0,0,No,Self-employed,Rural,106.38,27.4,Unknown,0
22068,Female,69.9,0,0,No,Private,Urban,75.55,37.4,never smoked,0
67696,Male,65.0,0,0,Yes,Private,Rural,91.71,,Unknown,0
89882,Male,42.4,0,0,No,Govt_job,Rural,141.92,24.2,Unknown,0
90119,Male,31.3,0,0,Yes,Private,Rural,87.8,27.0,never smoked,0
76094,Male,71.0,0,0,Yes,Private,Rural,100.25,23.5,never smoked,0
88694,Male,63.0,0,0,Yes,Private,Urban,102.08,25.4,never smoked,0
46691,Male,10.7,0,0,No,children,Rural,128.45,33.9,smokes,0
86619,Male,39.1,0,0,No,Private,Urban,138.88,14.1,Unknown,0
63070,Female,49.6,0,0,Yes,Private,Urban,113.45,38.4,smokes,0
96053,Male,63.1,0,0,Yes,Private,Urban,90.67,,Unknown,0
82226,Male,66.0,0,0,Yes,Govt_job,Urban,110.51,29.7,formerly smoked,0
66238,Female,52.2,0,1,Yes,Private,Urban,89.32,22.3,never smoked,0
12246,Male,58.9,0,0,Yes,Govt_job,Rural,175.71,37.2,never smoked,0
70681,Female,47.4,0,0,Yes,Self-employed,Urban,100.33,30.6,Unknown,0
23180,Female,31.2,0,0,Yes,Govt_job,Rural,149.6,24.6,formerly smoked,0
7399,Male,40.3,0,0,Yes,Private,Urban,149.93,21.2,Unknown,0
47714,Female,46.4,0,0,Yes,Private,Rural,113.63,25.5,formerly smoked,0
1954,Female,45.2,0,0,Yes,Private,Rural,118.41,29.9,never smoked,0
38292,Female,4.5,0,0,No,children,Rural,118.57,35.2,smokes,0
33047,Male,37.3,0,0,No,Private,Urban,126.31,30.6,smokes,0
33811,Female,47.2,0,1,No,Private,Rural,68.56,31.9,Unknown,0
44638,Male,39.8,0,0,Yes,Self-employed,Urban,203.01,26.0,never smoked,0
2524,Male,40.6,0,0,Yes,Private,Urban,109.99,34.9,never smoked,0
95351,Male,56.7,0,0,Yes,Govt_job,Rural,160.62,26.9,smokes,0
92770,Male,22.3,0,0,No,Private,Rural,110.71,42.3,smokes,0
99050,Male,10.2,0,0,No,children,Urban,112.88,23.6,never smoked,0
8882,Female,38.3,0,0,No,Govt_job,Urban,84.25,31.5,formerly smoked,0
98563,Male,62.8,0,0,No,Self-employed,Rural,88.45,44.9,smokes,0
80092,Female,82.0,0,0,Yes,Private,Urban,55.0,36.3,smokes,0
16810,Female,63.2,0,0,Yes,Self-employed,Rural,189.05,34.1,never smoked,0
90733,Female,13.7,0,0,No,children,Rural,151.27,30.7,Unknown,0
27743,Male,40.9,0,0,Yes,Private,Rural,84.14,28.9,never smoked,0
76264,Female,51.6,0,0,No,Private,Urban,107.06,27.2,never smoked,0
68702,Female,49.9,1,0,No,Self-employed,Urban,134.92,24.3,never smoked,1
82355,Female,57.9,0,0,No,Govt_job,Urban,70.51,17.0,never smoked,0
24590,Female,25.8,0,0,Yes,Self-employed,Rural,81.36,33.3,smokes,0
24243,Female,47.4,0,0,Yes,Self-employed,Rural,102.09,17.0,never smoked,0
72614,Male,55.2,0,0,Yes,Private,Rural,164.52,33.4,never smoked,0
90880,Female,64.2,0,0,No,Private,Rural,83.29,26.2,never smoked,0
93573,Female,28.3,0,0,Yes,Private,Rural,128.12,21.3,never smoked,0
81853,Female,38.4,0,1,Yes,Private,Urban,185.55,,formerly smoked,0
83885,Female,0.1,0,0,No,children,Rural,151.91,17.6,never smoked,0
46991,Male,32.3,0,0,Yes,Private,Rural,67.61,23.5,never smoked,0
58675,Female,34.5,0,0,Yes,Private,Rural,89.47,24.2,Unknown,0
13108,Female,23.6,0,0,No,Private,Rural,102.32,29.6,formerly smoked,0
83925,Male,49.6,0,0,Yes,Govt_job,Urban,79.29,23.9,never smoked,0
75015,Female,44.8,0,0,Yes,Private,Urban,55.0,39.5,smokes,0
27028,Female,0.1,0,0,No,children,Urban,143.36,18.2,never smoked,0
1879,Male,50.7,0,0,Yes,Private,Rural,65.23,59.1,never smoked,0
51520,Male,25.6,0,0,Yes,Private,Rural,83.91,20.6,never smoked,0
32873,Male,56.7,0,0,No,Private,Urban,118.0,50.7,never smoked,0
10078,Female,17.8,0,0,No,Private,Rural,105.01,,never smoked,0
77047,Female,46.7,0,0,Yes,Private,Rural,78.91,27.7,never smoked,0
87739,Female,39.8,0,0,No,Private,Rural,170.84,30.2,formerly smoked,0
41533,Female,52.7,0,0,Yes,Self-employed,Rural,72.02,25.7,never smoked,0
77819,Female,48.7,0,0,Yes,Self-employed,Urban,136.23,31.1,never smoked,0
68032,Male,40.4,0,0,Yes,Private,Urban,124.88,23.0,Unknown,0
29397,Male,12.2,0,0,No,children,Urban,127.4,33.8,smokes,0
3060,Female,13.5,0,0,No,children,Rural,58.41,29.9,Unknown,0
36709,Female,33.2,0,0,Yes,Private,Rural,102.73,21.1,formerly smoked,0
71544,Male,45.8,0,0,Yes,Self-employed,Urban,114.26,31.7,smokes,0
70349,Female,32.6,0,0,Yes,Govt_job,Rural,119.97,31.2,Unknown,0
29770,Female,59.8,1,0,Yes,Self-employed,Rural,106.58,23.1,never smoked,0
99577,Female,39.9,0,0,Yes,Private,Urban,128.38,25.3,Unknown,0
42456,Male,24.8,0,0,No,Private,Rural,100.47,32.3,Unknown,0
85076,Male,39.9,0,0,Yes,Private,Rural,77.58,36.7,never smoked,0
20882,Female,51.0,0,0,Yes,Private,Urban,79.27,27.4,never smoked,0
97140,Female,53.1,0,0,Yes,Govt_job,Rural,121.9,35.5,never smoked,0
28772,Male,82.0,0,0,Yes,Private,Urban,80.54,37.3,formerly smoked,0
58629,Female,31.3,0,0,Yes,Private,Rural,131.76,38.3,Unknown,0
94392,Male,44.4,0,0,Yes,Private,Rural,80.35,31.6,smokes,0
96128,Female,55.4,1,0,Yes,Private,Rural,77.32,21.7,never smoked,0
26121,Male,45.5,0,0,Yes,Private,Rural,190.05,35.2,formerly smoked,0
99403,Male,35.0,0,0,Yes,Private,Urban,159.49,27.1,Unknown,0
98702,Male,11.9,0,0,No,children,Rural,108.96,32.3,formerly smoked,0
36929,Female,34.8,0,0,Yes,Private,Urban,88.34,23.8,smokes,0
68937,Male,22.4,0,0,No,Private,Urban,132.58,24.0,smokes,0
13812,Female,8.0,0,0,No,children,Urban,204.92,23.2,Unknown,0
3748,Female,28.5,0,0,Yes,Private,Rural,91.88,18.6,smokes,0
52076,Female,23.0,0,0,No,Private,Urban,187.21,24.1,smokes,0
76921,Male,58.8,0,0,Yes,Govt_job,Urban,88.2,20.8,smokes,0
79810,Female,59.2,0,0,Yes,Private,Urban,61.95,32.7,Unknown,0
16210,Male,26.1,0,0,Yes,Private,Urban,107.0,20.5,Unknown,0
27849,Female,40.3,0,0,Yes,Private,Rural,57.92,23.5,smokes,0
45814,Female,5.1,0,0,No,children,Urban,130.25,28.5,Unknown,0
12448,Female,35.1,0,0,Yes,Private,Rural,67.64,42.1,Unknown,0
12743,Male,54.8,0,0,No,Private,Rural,123.8,23.3,never smoked,0
27416,Female,64.1,0,0,Yes,Govt_job,Urban,140.04,18.1,Unknown,1
77003,Female,30.3,0,0,Yes,Self-employed,Rural,180.88,18.7,Unknown,0
81911,Female,69.1,0,0,Yes,Private,Urban,62.22,22.0,never smoked,0
6788,Female,12.7,0,0,No,children,Urban,83.88,23.6,formerly smoked,0
17458,Female,18.6,0,0,No,Private,Rural,93.64,45.8,formerly smoked,0
99373,Female,61.6,0,0,Yes,Govt_job,Rural,126.23,35.8,smokes,0
82695,Female,82.0,0,0,No,Self-employed,Rural,100.41,26.1,Unknown,0
61442,Male,56.9,0,0,Yes,Private,Rural,73.43,42.4,never smoked,0
44365,Female,45.1,0,0,Yes,Private,Rural,87.9,23.9,Unknown,0
41084,Female,0.1,0,0,No,children,Urban,113.31,25.4,Unknown,0
37380,Female,1.5,0,0,No,children,Urban,91.49,25.0,Unknown,0
67230,Female,48.8,0,0,Yes,Govt_job,Urban,171.67,36.2,smokes,0
43086,Male,38.1,0,0,No,Self-employed,Urban,119.63,28.0,smokes,0
66015,Female,21.7,0,0,No,Private,Rural,73.45,39.8,never smoked,0
1190,Female,47.4,0,0,Yes,Private,Rural,103.71,31.8,never smoked,0
64744,Male,48.5,0,0,No,Private,Urban,128.81,35.3,never smoked,0
84090,Female,66.8,0,0,Yes,Private,Urban,116.02,14.9,never smoked,0
61873,Male,49.0,0,1,Yes,Private,Rural,89.64,15.8,smokes,0
22032,Male,73.0,0,0,Yes,Private,Rural,98.27,16.0,Unknown,0
36465,Female,46.2,0,0,No,Private,Urban,102.74,25.3,never smoked,0
45615,Female,43.5,0,0,Yes,Govt_job,Urban,145.45,17.0,smokes,0
67440,Female,69.4,0,0,Yes,Private,Urban,130.03,37.8,never smoked,0
77605,Female,24.5,0,0,No,Private,Urban,61.64,27.0,formerly smoked,0
24637,Female,82.0,0,1,Yes,Private,Urban,168.68,33.1,never smoked,1
44149,Female,54.3,0,0,Yes,Private,Rural,186.81,24.8,never smoked,0
56922,Female,54.4,0,0,Yes,Private,Urban,92.54,34.7,Unknown,0
2512,Female,57.6,0,0,Yes,Self-employed,Rural,123.89,13.8,formerly smoked,0
67567,Female,82.0,0,0,Yes,Private,Rural,232.19,28.1,never smoked,0
93182,Male,63.4,0,0,No,Self-employed,Urban,105.65,32.3,never smoked,0
27113,Male,10.7,0,0,No,children,Urban,113.16,32.9,Unknown,0
40003,Female,76.9,0,0,No,Private,Rural,133.22,26.1,formerly smoked,0
72422,Male,38.5,0,0,Yes,Self-employed,Urban,160.94,15.7,Unknown,0
61322,Female,48.4,0,0,Yes,Private,Rural,55.0,36.1,smokes,0
52819,Male,17.9,0,0,No,Private,Urban,104.6,25.6,formerly smoked,0
84334,Male,57.6,0,0,Yes,Private,Rural,160.75,26.2,formerly smoked,0
77287,Male,31.7,0,0,Yes,Private,Rural,134.73,45.1,Unknown,0
24384,Female,48.2,0,0,Yes,Private,Rural,119.83,29.2,Unknown,0
48244,Female,39.7,0,0,Yes,Private,Urban,113.39,24.6,never smoked,0
21407,Male,82.0,0,0,Yes,Private,Rural,157.93,24.2,formerly smoked,0
73297,Female,82.0,1,0,Yes,Private,Rural,137.22,33.3,never smoked,0
47014,Female,47.0,0,0,Yes,Private,Rural,181.75,22.3,Unknown,0
55520,Male,47.4,0,0,Yes,Private,Rural,100.03,32.3,Unknown,0
46480,Male,37.8,0,0,Yes,Self-employed,Rural,55.0,36.8,never smoked,0
93201,Male,70.3,0,0,No,Private,Urban,151.14,27.8,formerly smoked,0
24609,Male,38.8,0,0,Yes,Private,Rural,96.43,35.9,formerly smoked,0
85130,Male,36.7,0,0,No,Private,Rural,108.13,28.0,Unknown,0
1778,Female,67.5,0,0,No,Private,Rural,115.83,23.3,formerly smoked,0
72168,Male,34.2,0,0,Yes,Private,Rural,88.91,,never smoked,0
11574,Male,45.2,0,0,No,Private,Rural,66.79,30.6,Unknown,0
81501,Male,11.2,0,0,No,children,Rural,147.76,30.7,never smoked,0
242,Female,61.5,0,0,Yes,Private,Urban,55.0,35.9,smokes,0
8861,Female,82.0,0,0,No,Private,Rural,207.6,35.1,formerly smoked,0
17418,Male,61.9,1,1,No,Private,Urban,117.08,44.0,Unknown,0
36907,Female,78.2,0,0,Yes,Private,Rural,55.0,24.1,smokes,0
35438,Female,27.4,0,0,Yes,Private,Rural,155.44,31.2,never smoked,0
16260,Male,51.2,0,0,Yes,Private,Urban,55.0,23.3,Unknown,0
84610,Female,25.3,0,0,No,Private,Rural,87.73,35.5,Unknown,0
26655,Female,41.0,0,0,Yes,Private,Urban,188.87,21.5,formerly smoked,0
83236,Female,63.0,0,0,Yes,Private,Urban,125.71,35.4,smokes,0
6422,Female,48.2,0,0,Yes,Self-employed,Urban,119.34,23.0,smokes,0
70874,Male,14.9,0,0,No,Self-employed,Rural,124.86,34.2,formerly smoked,0
47250,Female,17.1,0,0,No,Private,Rural,77.57,,never smoked,0
45982,Female,15.6,0,0,No,Private,Urban,55.0,16.8,formerly smoked,0
35642,Female,56.8,0,0,Yes,Private,Rural,127.21,18.4,never smoked,0
47417,Female,82.0,0,1,Yes,Private,Urban,121.57,30.3,Unknown,0
71260,Female,76.0,0,0,Yes,Private,Urban,102.21,29.5,Unknown,1
4693,Female,4.3,0,0,No,children,Rural,169.44,26.3,never smoked,0
60550,Female,77.3,0,0,Yes,Govt_job,Urban,140.35,24.9,Unknown,0
55373,Female,66.6,0,0,Yes,Self-employed,Rural,70.57,22.1,never smoked,1
19113,Female,12.0,0,0,No,children,Urban,93.72,31.0,never smoked,0
23722,Female,39.3,0,0,Yes,Self-employed,Rural,87.26,21.3,never smoked,0
74695,Female,70.1,0,0,Yes,Self-employed,Rural,78.38,,formerly smoked,0
68062,Female,58.1,0,0,Yes,Private,Rural,162.09,24.2,Unknown,0
43931,Female,17.2,0,0,No,Private,Rural,93.54,25.3,never smoked,0
84566,Female,59.4,0,0,No,Private,Rural,141.25,37.6,Unknown,0
72430,Female,0.1,0,0,No,children,Rural,128.25,35.7,formerly smoked,0
47712,Male,41.1,0,0,Yes,Private,Rural,69.93,21.0,never smoked,0
9449,Female,71.0,0,0,Yes,Self-employed,Rural,162.07,22.0,formerly smoked,0
30525,Male,46.4,0,0,Yes,Private,Rural,105.69,34.3,smokes,0
43126,Male,35.0,0,0,Yes,Private,Rural,93.62,17.7,formerly smoked,0
75895,Female,65.6,1,0,No,Private,Urban,71.22,39.4,formerly smoked,1
52403,Female,67.4,0,0,Yes,Private,Rural,79.97,29.5,never smoked,0
74357,Female,74.8,0,0,No,Private,Urban,73.82,24.2,Unknown,0
91462,Female,65.2,0,0,Yes,Private,Urban,57.57,28.6,never smoked,0
95287,Female,69.8,0,0,Yes,Private,Urban,125.04,38.7,Unknown,0
55300,Female,62.1,1,0,Yes,Private,Rural,82.94,12.5,formerly smoked,0
16114,Male,51.8,0,0,Yes,Private,Urban,111.31,36.2,never smoked,0
54856,Female,48.0,1,0,No,Govt_job,Urban,164.17,37.5,Unknown,0
59256,Male,40.8,0,0,Yes,Self-employed,Urban,135.58,26.1,never smoked,0
16484,Male,19.3,0,0,No,Private,Urban,117.15,,never smoked,0
63994,Female,25.0,0,0,No,Private,Urban,55.0,29.5,Unknown,0
12143,Male,39.8,0,0,Yes,Private,Urban,57.67,34.0,never smoked,0
58749,Male,51.3,0,0,Yes,Private,Urban,85.76,23.0,formerly smoked,0
30643,Female,77.7,0,0,Yes,Private,Rural,120.36,28.4,formerly smoked,0
99910,Female,45.1,0,0,Yes,Self-employed,Rural,74.47,27.8,Unknown,0
26720,Female,68.1,0,0,No,Private,Urban,73.77,33.6,smokes,0
9316,Female,69.7,1,0,Yes,Private,Urban,161.45,48.6,Unknown,0
31586,Female,40.9,0,0,Yes,Private,Rural,97.87,23.0,Unknown,0
68394,Female,59.1,0,0,Yes,Private,Urban,58.69,29.1,Unknown,0
31432,Female,40.6,0,0,Yes,Private,Rural,121.38,22.8,never smoked,0
57729,Male,75.1,0,0,Yes,Private,Urban,66.28,24.8,Unknown,0
1121,Female,60.0,0,0,Yes,Private,Rural,120.29,20.4,Unknown,0
15556,Female,19.8,0,0,No,Private,Urban,92.47,17.0,formerly smoked,0
78597,Female,49.6,0,1,Yes,Private,Rural,107.87,37.4,smokes,0
18555,Male,82.0,0,0,Yes,Govt_job,Rural,73.01,31.2,formerly smoked,1
23056,Male,42.0,0,0,Yes,Private,Rural,90.57,29.2,never smoked,0
97663,Female,55.8,0,0,Yes,Private,Rural,86.02,21.9,Unknown,0
18399,Male,58.0,0,0,Yes,Govt_job,Urban,76.24,27.9,formerly smoked,0
33435,Female,23.2,0,0,No,Private,Rural,91.63,19.8,never smoked,0
46424,Male,57.2,0,0,Yes,Self-employed,Rural,55.0,28.3,formerly smoked,0
25008,Female,15.3,0,0,No,Self-employed,Rural,132.66,31.0,smokes,0
46340,Female,32.2,0,0,Yes,Private,Rural,129.99,24.4,Unknown,0
40754,Male,69.7,0,0,Yes,Private,Rural,93.52,22.8,Unknown,0
79707,Male,53.8,0,0,Yes,Private,Urban,94.5,24.8,smokes,0
68197,Male,39.3,0,0,Yes,Private,Rural,90.44,34.6,Unknown,0
2535,Female,55.8,0,0,Yes,Self-employed,Urban,132.53,30.0,never smoked,0
75934,Male,44.7,0,0,Yes,Private,Urban,84.46,16.4,never smoked,0
99962,Female,46.3,0,0,No,Private,Rural,143.16,33.9,Unknown,0
96886,Male,60.5,0,0,Yes,Self-employed,Urban,63.87,32.6,smokes,0
40435,Male,30.0,0,0,Yes,Govt_job,Urban,143.44,29.9,Unknown,0
41952,Female,46.9,0,0,Yes,Private,Rural,55.0,40.8,smokes,0
3225,Female,39.1,0,0,Yes,Private,Rural,89.25,28.7,never smoked,0
81752,Female,11.1,0,0,No,children,Rural,133.43,31.7,smokes,0
89715,Female,25.7,0,0,Yes,Private,Urban,140.67,32.0,never smoked,0
19380,Female,80.5,1,0,Yes,Self-employed,Rural,72.85,35.1,formerly smoked,1
1606,Female,54.5,0,0,Yes,Govt_job,Urban,122.47,26.8,Unknown,0
97426,Male,16.9,0,0,No,Private,Urban,117.97,23.7,smokes,0
91008,Female,12.1,0,0,No,children,Urban,124.86,35.8,formerly smoked,0
36411,Female,43.5,0,0,Yes,Self-employed,Rural,222.37,35.4,Unknown,0
99679,Male,80.3,0,1,Yes,Private,Rural,231.39,38.1,Unknown,1
34432,Female,41.9,0,0,Yes,Govt_job,Rural,155.68,31.6,never smoked,0
46342,Female,74.8,0,0,No,Private,Rural,75.06,16.1,never smoked,0
65580,Male,53.7,0,0,No,Private,Rural,87.45,29.7,never smoked,0
35440,Male,56.4,0,0,Yes,Private,Urban,109.31,28.8,formerly smoked,0
64005,Female,16.6,0,0,No,Self-employed,Rural,89.46,37.7,never smoked,0
12729,Female,66.6,0,0,No,Self-employed,Rural,75.23,36.4,formerly smoked,0
34559,Female,38.6,0,0,Yes,Private,Urban,141.52,33.1,never smoked,0
94062,Male,65.0,0,0,Yes,Self-employed,Urban,64.33,13.0,never smoked,0
56014,Male,28.1,0,0,Yes,Private,Urban,55.0,22.3,never smoked,0
5292,Male,49.9,0,0,Yes,Private,Rural,130.27,25.8,Unknown,0
79733,Male,53.7,0,0,Yes,Private,Urban,128.68,25.9,never smoked,0
8389,Female,42.6,0,0,Yes,Govt_job,Rural,58.55,29.8,never smoked,0
59030,Female,54.9,0,0,Yes,Private,Urban,58.02,39.6,never smoked,1
18223,Male,40.1,0,0,Yes,Private,Rural,100.64,,Unknown,0
74127,Male,31.7,0,0,Yes,Govt_job,Rural,112.24,21.6,formerly smoked,0
54747,Female,81.3,0,0,Yes,Private,Urban,90.45,22.3,Unknown,1
42999,Male,69.1,0,1,Yes,Private,Urban,83.9,21.6,never smoked,0
3598,Female,29.3,0,0,Yes,Never_worked,Rural,98.57,27.6,never smoked,0
57065,Male,58.5,0,0,No,Private,Urban,126.74,34.5,formerly smoked,0
62356,Female,29.7,0,0,Yes,Govt_job,Rural,59.51,35.7,Unknown,0
78652,Male,19.9,0,0,No,Private,Urban,106.1,25.7,Unknown,0
8744,Female,68.7,0,0,Yes,Private,Urban,75.23,28.3,never smoked,0
14310,Male,8.5,0,0,No,children,Rural,211.63,41.1,Unknown,0
92940,Male,66.4,0,0,Yes,Private,Urban,108.35,17.4,formerly smoked,0
64819,Female,40.4,0,0,Yes,Govt_job,Urban,166.07,33.3,formerly smoked,0
37098,Male,41.3,0,0,No,Self-employed,Urban,124.32,32.5,Unknown,0
98491,Male,55.0,0,0,Yes,Self-employed,Urban,187.58,26.3,formerly smoked,0
55472,Male,58.8,0,0,Yes,Self-employed,Urban,99.2,28.4,Unknown,0
71578,Female,27.8,0,0,Yes,Self-employed,Rural,103.86,31.7,smokes,0
59772,Male,61.8,0,0,No,Private,Urban,94.24,26.3,never smoked,0
43424,Female,48.5,1,0,No,Private,Urban,86.66,23.7,never smoked,0
60856,Male,18.4,0,0,No,Private,Rural,60.89,23.2,Unknown,0
10871,Female,42.3,0,0,Yes,Private,Rural,112.51,42.5,Unknown,0
42017,Male,76.4,0,0,Yes,Govt_job,Urban,139.75,25.2,Unknown,0
18953,Female,82.0,0,0,Yes,Private,Urban,58.79,30.0,smokes,0
25986,Female,61.8,0,0,Yes,Private,Rural,97.18,34.4,smokes,0
505,Female,19.8,0,0,No,Private,Rural,85.54,26.9,never smoked,0
76449,Female,56.8,1,0,Yes,Private,Rural,172.01,28.8,smokes,1
15514,Female,64.7,0,0,No,Private,Rural,69.03,32.3,formerly smoked,0
91901,Female,62.0,1,0,Yes,Private,Rural,110.24,22.1,formerly smoked,0
28815,Male,63.3,0,0,No,Govt_job,Urban,130.78,17.0,smokes,0
28686,Female,54.0,0,0,Yes,Private,Urban,74.6,23.0,never smoked,0
80514,Female,44.4,0,0,Yes,Govt_job,Rural,102.73,41.5,formerly smoked,0
79463,Male,32.6,0,0,Yes,Private,Rural,141.52,,Unknown,0
69889,Male,4.2,0,0,No,children,Urban,74.23,29.5,Unknown,0
34742,Male,53.5,0,0,No,Private,Urban,125.44,18.6,formerly smoked,0
6076,Male,50.1,0,0,Yes,Private,Urban,55.0,38.6,never smoked,0
13846,Male,58.3,0,0,No,Private,Urban,96.55,26.2,smokes,0
58207,Male,16.6,0,0,No,Self-employed,Rural,149.76,25.1,never smoked,0
42663,Male,60.2,0,0,Yes,Govt_job,Rural,127.27,27.5,never smoked,0
16779,Male,82.0,0,0,Yes,Private,Rural,153.07,47.3,Unknown,0
10287,Female,47.7,0,0,Yes,Self-employed,Rural,55.0,31.8,never smoked,0
81183,Male,44.6,0,0,Yes,Private,Urban,55.0,27.3,formerly smoked,0
75172,Male,52.8,0,0,Yes,Govt_job,Urban,97.83,,formerly smoked,0
86296,Male,82.0,0,0,Yes,Private,Rural,76.65,38.6,Unknown,0
70695,Male,23.5,0,0,No,Private,Urban,99.58,23.3,Unknown,0
18089,Female,50.5,0,0,Yes,Private,Urban,143.91,22.1,Unknown,0
20980,Female,28.4,0,0,Yes,Govt_job,Rural,171.62,22.8,smokes,0
83641,Male,34.0,0,0,No,Private,Urban,199.64,39.5,never smoked,0
96427,Male,44.9,0,0,No,Self-employed,Rural,86.43,28.2,never smoked,0
37636,Male,75.6,0,0,Yes,Private,Urban,55.0,17.1,never smoked,1
58864,Male,82.0,0,0,Yes,Govt_job,Urban,55.0,27.0,smokes,0
99128,Male,55.9,0,0,Yes,Private,Rural,63.76,22.3,never smoked,0
3067,Male,37.7,0,0,Yes,Never_worked,Urban,138.8,31.2,Unknown,0
35879,Female,82.0,0,0,Yes,Govt_job,Rural,119.32,25.6,never smoked,0
37063,Male,36.6,0,0,Yes,Private,Rural,171.85,16.7,never smoked,0
35301,Female,33.4,0,0,Yes,Govt_job,Rural,122.02,27.9,formerly smoked,0
5521,Female,7.0,0,0,No,children,Urban,98.9,28.1,never smoked,0
43720,Female,76.7,0,0,Yes,Private,Rural,86.32,19.1,never smoked,0
97909,Female,67.3,0,0,Yes,Private,Urban,163.15,13.8,Unknown,0
96106,Female,82.0,1,1,Yes,Private,Rural,55.0,30.6,never smoked,0
51501,Female,15.4,0,0,No,Private,Urban,65.62,26.4,Unknown,0
4448,Male,78.1,0,0,No,Private,Urban,129.13,,Unknown,0
95628,Male,47.5,1,0,Yes,Private,Rural,97.5,34.1,never smoked,0
59315,Female,63.7,0,0,Yes,Private,Urban,136.9,14.0,never smoked,0
65817,Male,9.7,0,0,No,children,Rural,131.92,29.0,formerly smoked,0
68105,Female,78.3,0,0,Yes,Private,Rural,126.75,33.5,Unknown,0
98812,Female,63.3,0,0,Yes,Private,Urban,124.37,27.1,Unknown,0
86252,Female,45.1,0,0,Yes,Private,Urban,141.66,17.9,never smoked,0
35494,Male,60.2,0,0,Yes,Self-employed,Urban,141.69,23.5,never smoked,0
26878,Male,29.2,0,0,Yes,Self-employed,Urban,103.12,25.1,smokes,0
32358,Male,33.3,0,0,Yes,Self-employed,Rural,93.79,,formerly smoked,0
57855,Male,35.8,0,0,Yes,Govt_job,Urban,116.09,31.3,never smoked,0
32746,Male,5.2,0,0,No,children,Rural,155.2,28.5,smokes,0
60707,Male,65.0,0,0,No,Private,Urban,76.98,23.7,Unknown,0
15131,Male,72.2,0,0,Yes,Private,Urban,96.44,35.9,Unknown,0
65336,Female,30.6,0,0,No,Private,Rural,55.0,24.6,smokes,0
30136,Female,53.7,0,0,Yes,Private,Rural,84.9,39.6,Unknown,0
70138,Female,40.2,0,0,Yes,Private,Rural,71.92,26.5,formerly smoked,0
23933,Male,53.2,0,0,No,Private,Urban,87.67,21.3,never smoked,0
68045,Female,32.2,0,0,Yes,Private,Rural,62.5,,formerly smoked,0
95322,Female,26.6,0,0,Yes,Private,Rural,59.4,29.2,smokes,0
90957,Male,69.1,0,0,No,Self-employed,Rural,178.54,20.5,Unknown,0
4963,Male,44.6,0,0,Yes,Private,Urban,69.17,29.6,Unknown,0
69551,Female,82.0,0,1,No,Private,Rural,126.36,25.5,formerly smoked,1
41809,Female,47.0,0,0,Yes,Govt_job,Urban,199.46,25.3,formerly smoked,0
2408,Female,25.6,0,0,Yes,Private,Urban,150.54,28.2,never smoked,0
69941,Female,73.0,0,0,Yes,Private,Rural,124.63,36.0,smokes,0
280,Male,59.9,1,0,Yes,Self-employed,Rural,140.22,24.4,Unknown,0
76630,Male,62.0,0,0,No,Private,Urban,85.44,29.9,smokes,0
21308,Female,72.2,0,0,Yes,Private,Urban,151.82,31.8,never smoked,0
76381,Female,31.6,0,0,Yes,Private,Rural,184.59,19.4,formerly smoked,0
38922,Female,43.2,0,0,No,Self-employed,Rural,91.12,32.4,never smoked,0
74542,Female,42.2,0,0,No,Private,Urban,58.51,34.6,formerly smoked,0
12759,Female,17.6,0,0,No,Private,Rural,139.66,35.7,never smoked,0
72899,Male,40.2,0,0,Yes,Private,Urban,220.82,20.2,Unknown,0
24168,Female,75.4,0,0,No,Govt_job,Urban,71.71,20.7,Unknown,0
1539,Male,51.2,0,0,Yes,Private,Rural,55.0,28.1,Unknown,0
10639,Female,16.4,0,0,No,Private,Rural,96.91,27.7,never smoked,0
98221,Male,11.8,0,0,No,children,Urban,83.24,28.6,formerly smoked,0
22022,Female,82.0,0,0,Yes,Private,Urban,110.61,25.8,never smoked,0
45769,Female,44.0,0,0,No,Private,Urban,78.61,29.9,never smoked,0
49042,Male,31.8,0,0,Yes,Self-employed,Rural,95.71,11.0,formerly smoked,0
48387,Male,40.0,0,0,Yes,Private,Rural,69.87,33.4,never smoked,0
18766,Female,13.5,0,0,No,children,Urban,55.0,39.5,Unknown,0
13506,Female,77.3,0,0,Yes,Private,Rural,99.46,24.4,Unknown,0
96517,Male,37.4,0,0,Yes,Govt_job,Urban,129.55,30.0,Unknown,0
53588,Male,76.1,1,0,No,Private,Rural,71.39,41.1,never smoked,0
11110,Male,47.1,0,0,Yes,Private,Rural,207.21,28.8,formerly smoked,0
88780,Female,77.4,0,0,Yes,Private,Urban,121.56,30.8,never smoked,0
28548,Female,51.6,0,0,Yes,Private,Urban,85.48,42.3,smokes,0
14763,Female,64.8,0,0,Yes,Private,Rural,160.43,43.8,formerly smoked,1
49096,Female,61.8,0,0,Yes,Govt_job,Urban,141.65,20.5,formerly smoked,0
10024,Male,59.7,0,0,Yes,Govt_job,Urban,127.35,25.4,never smoked,0
55922,Male,53.7,0,0,Yes,Private,Rural,109.03,35.2,never smoked,0
69914,Female,40.9,0,0,Yes,Private,Urban,86.34,32.2,never smoked,0
96758,Male,82.0,0,0,Yes,Private,Rural,117.34,33.8,never smoked,1
34770,Male,26.0,0,0,Yes,Self-employed,Urban,108.88,11.0,never smoked,0
96699,Male,46.1,0,0,No,Private,Urban,157.36,13.8,Unknown,0
81779,Female,46.3,0,0,No,Govt_job,Urban,123.95,41.9,never smoked,0
177,Female,54.9,1,0,Yes,Private,Urban,100.22,34.3,never smoked,0
88373,Female,36.6,0,0,Yes,Govt_job,Urban,91.69,31.2,Unknown,0
79887,Female,52.9,0,0,Yes,Private,Urban,77.77,19.2,Unknown,0
29385,Female,42.3,0,0,Yes,Private,Urban,110.99,25.4,never smoked,0
64748,Female,11.2,0,0,No,children,Urban,87.87,32.8,Unknown,0
13748,Female,46.2,0,0,Yes,Private,Rural,65.71,18.1,never smoked,0
65853,Female,21.8,0,0,No,Private,Urban,137.16,23.2,smokes,0
73487,Male,7.8,0,0,No,children,Urban,84.93,31.3,Unknown,0
10125,Male,49.0,0,0,Yes,Private,Urban,94.06,32.9,formerly smoked,0
94699,Female,56.7,0,1,Yes,Private,Urban,169.11,24.6,never smoked,0
90269,Male,57.6,0,0,Yes,Self-employed,Rural,144.5,35.9,smokes,1
25745,Female,58.5,0,0,Yes,Self-employed,Urban,123.3,35.6,Unknown,1
79439,Female,3.5,0,0,No,children,Rural,110.57,,Unknown,0
33028,Male,16.1,0,0,No,Private,Urban,182.53,40.8,formerly smoked,0
65288,Female,82.0,0,0,Yes,Private,Urban,95.13,37.2,never smoked,0
36232,Female,23.0,0,0,No,Private,Rural,78.52,30.0,smokes,0
15917,Female,59.4,0,0,No,Private,Urban,157.1,27.5,never smoked,0
71652,Female,30.9,0,0,Yes,Private,Rural,123.39,34.4,never smoked,0
91292,Male,47.8,0,0,Yes,Self-employed,Urban,72.68,32.5,never smoked,0
25600,Female,32.1,0,0,Yes,Private,Urban,123.48,26.5,never smoked,0
89524,Female,58.4,0,0,Yes,Private,Urban,58.86,40.5,formerly smoked,0
42439,Female,49.0,0,0,Yes,Private,Urban,145.87,12.7,Unknown,0
78819,Female,36.1,0,0,Yes,Private,Rural,112.18,23.5,never smoked,0
86176,Female,22.9,0,0,No,Private,Urban,117.99,31.9,formerly smoked,0
37779,Male,51.9,0,0,Yes,Self-employed,Urban,120.57,28.1,smokes,0
62473,Male,19.3,0,0,No,Private,Urban,122.85,33.7,smokes,0
41668,Female,55.4,0,0,Yes,Self-employed,Rural,101.19,18.0,Unknown,0
1261,Male,82.0,0,0,Yes,Govt_job,Rural,104.93,26.6,Unknown,1
34744,Female,75.7,0,0,Yes,Private,Rural,87.48,37.1,never smoked,0
90517,Female,61.8,0,0,Yes,Private,Rural,110.73,17.3,Unknown,0
48268,Female,44.1,0,0,Yes,Self-employed,Rural,101.34,26.7,Unknown,0
42628,Female,3.3,0,0,No,children,Urban,107.08,24.5,never smoked,0
33091,Male,16.9,0,0,No,Self-employed,Rural,63.66,31.2,Unknown,0
6482,Male,74.2,0,0,No,Private,Urban,82.32,31.4,formerly smoked,0
57758,Female,28.6,0,0,Yes,Private,Rural,55.0,29.2,Unknown,0
67979,Female,30.6,0,0,Yes,Private,Rural,97.68,26.3,Unknown,0
96449,Male,42.4,0,0,Yes,Self-employed,Rural,69.42,29.0,Unknown,0
54614,Female,22.6,0,0,No,Private,Rural,55.0,27.3,never smoked,0
18193,Female,19.0,0,0,No,Private,Urban,110.74,28.3,Unknown,0
20413,Male,44.9,0,0,Yes,Self-employed,Urban,71.72,,never smoked,0
14845,Male,26.4,0,0,No,Private,Rural,82.36,19.5,Unknown,0
91620,Male,29.7,0,0,Yes,Private,Rural,116.97,31.1,never smoked,0
65687,Female,28.8,0,0,Yes,Private,Urban,135.25,21.4,formerly smoked,0
43277,Female,57.5,0,0,Yes,Private,Urban,88.48,43.2,Unknown,0
78798,Female,40.9,0,0,Yes,Private,Urban,145.84,29.2,formerly smoked,0
12054,Male,42.1,1,0,Yes,Private,Rural,166.7,19.0,smokes,0
56017,Female,59.1,0,0,No,Self-employed,Rural,99.55,26.8,never smoked,0
77050,Female,42.9,0,0,Yes,Private,Urban,99.48,17.6,smokes,0
11052,Female,39.9,0,0,Yes,Self-employed,Rural,80.74,23.8,Unknown,0
91573,Male,56.3,0,0,Yes,Private,Rural,107.96,33.1,Unknown,0
49382,Male,60.7,0,0,Yes,Private,Urban,135.5,38.7,formerly smoked,0
29115,Male,42.8,1,0,Yes,Private,Rural,162.67,36.6,Unknown,0
33148,Female,47.8,0,0,No,Private,Rural,72.83,27.7,formerly smoked,0
24088,Male,28.8,0,0,Yes,Private,Urban,101.87,32.8,Unknown,0
24097,Female,27.1,0,0,No,Private,Urban,127.07,34.6,Unknown,0
12502,Female,62.9,1,0,Yes,Private,Rural,62.03,45.4,formerly smoked,0
40970,Female,55.8,0,0,Yes,Self-employed,Rural,55.0,24.0,formerly smoked,0
96630,Female,56.0,0,0,Yes,Never_worked,Rural,100.41,39.8,never smoked,0
69846,Female,52.2,0,0,Yes,Private,Rural,73.65,20.3,Unknown,0
94982,Male,47.0,0,0,Yes,Self-employed,Rural,69.89,37.3,never smoked,0
55855,Female,61.3,0,0,Yes,Private,Urban,75.04,23.8,never smoked,0
84985,Female,66.6,0,0,Yes,Govt_job,Urban,75.34,23.4,formerly smoked,0
67793,Male,66.0,0,0,Yes,Private,Urban,116.2,26.4,Unknown,0
47555,Male,43.8,0,0,Yes,Private,Rural,55.0,22.7,smokes,0
39022,Female,76.5,0,0,No,Private,Rural,113.28,31.7,never smoked,0
68253,Male,51.0,0,0,Yes,Private,Rural,90.47,37.7,never smoked,0
9850,Female,59.9,0,0,Yes,Private,Urban,60.9,12.7,never smoked,0
99055,Female,52.2,0,0,Yes,Private,Rural,123.4,27.2,smokes,0
42786,Male,51.4,0,0,Yes,Self-employed,Rural,115.44,20.4,Unknown,0
21738,Female,29.8,0,0,Yes,Private,Rural,77.53,35.3,Unknown,0
18644,Female,61.4,0,0,Yes,Never_worked,Urban,55.0,39.2,formerly smoked,0
36040,Female,82.0,0,0,Yes,Govt_job,Urban,120.72,27.2,formerly smoked,0
58922,Female,37.8,0,0,Yes,Govt_job,Urban,150.61,23.2,formerly smoked,0
98480,Female,47.6,0,0,No,Private,Urban,55.0,16.4,Unknown,0
61304,Male,36.2,0,0,Yes,Private,Rural,70.36,43.1,smokes,0
71268,Female,35.3,0,0,Yes,Self-employed,Rural,55.0,38.4,never smoked,0
70375,Male,80.0,0,0,Yes,Private,Urban,130.85,13.7,never smoked,0
68962,Female,31.2,0,0,Yes,Govt_job,Urban,95.39,33.4,formerly smoked,0
65234,Male,35.6,0,0,Yes,Self-employed,Urban,87.41,20.2,formerly smoked,0
31975,Female,11.1,0,0,No,children,Rural,127.75,24.7,Unknown,0
4691,Female,29.3,0,0,Yes,Self-employed,Rural,82.63,19.1,never smoked,0
66451,Female,8.4,0,0,No,children,Urban,128.56,13.5,Unknown,0
97037,Female,59.9,1,0,Yes,Govt_job,Urban,73.46,28.2,Unknown,0
48792,Male,82.0,1,0,No,Govt_job,Urban,108.47,42.7,formerly smoked,1
85273,Male,37.9,0,0,No,Private,Urban,136.51,21.6,never smoked,0
78790,Male,9.3,0,0,No,children,Urban,56.53,35.2,never smoked,0
4004,Female,65.8,0,0,Yes,Private,Rural,75.49,36.4,smokes,0
1886,Female,30.0,0,0,No,Private,Urban,87.31,33.9,never smoked,0
14681,Male,74.6,0,0,Yes,Private,Rural,176.35,43.5,Unknown,0
53020,Male,39.8,0,0,Yes,Govt_job,Rural,111.28,35.7,Unknown,0
4452,Male,32.1,0,0,Yes,Private,Rural,61.59,42.0,Unknown,0
86229,Male,42.1,0,0,No,Private,Urban,186.56,19.9,Unknown,0
89869,Female,62.7,0,1,Yes,Govt_job,Rural,170.58,34.1,never smoked,0
46791,Male,41.0,0,0,Yes,Private,Rural,108.33,,Unknown,0
89471,Female,35.1,0,0,Yes,Private,Rural,205.71,22.7,smokes,0
67913,Female,41.6,0,0,Yes,Private,Rural,80.61,11.0,never smoked,0
61026,Male,18.0,0,0,No,Private,Urban,91.43,19.0,never smoked,0
50162,Female,54.7,0,0,Yes,Private,Urban,70.72,23.1,formerly smoked,0
9123,Female,6.7,0,0,No,children,Rural,128.06,,smokes,0
37336,Female,36.2,0,0,Yes,Private,Rural,193.48,24.3,never smoked,0
81961,Female,62.7,0,0,Yes,Private,Urban,143.03,28.5,formerly smoked,0
82222,Male,52.7,0,0,Yes,Never_worked,Rural,72.89,24.0,Unknown,0
25330,Male,59.0,0,0,Yes,Private,Rural,82.51,27.5,never smoked,0
41739,Female,44.6,0,0,No,Self-employed,Rural,55.0,28.0,never smoked,0
85182,Male,71.7,0,0,Yes,Never_worked,Rural,136.88,23.8,formerly smoked,1
92048,Male,66.3,0,0,Yes,Private,Rural,72.0,34.7,formerly smoked,0
27218,Male,55.8,0,0,Yes,Private,Rural,100.0,38.9,Unknown,0
12263,Female,66.4,0,1,No,Private,Rural,55.0,19.9,formerly smoked,0
71607,Female,62.5,0,0,No,Self-employed,Urban,90.97,30.1,never smoked,0
90962,Female,36.3,0,0,Yes,Private,Rural,108.21,17.8,never smoked,0
51647,Female,16.4,0,0,No,Private,Urban,110.0,15.4,never smoked,0
36767,Male,55.2,1,0,Yes,Private,Rural,130.84,36.3,Unknown,0
36108,Female,58.0,0,0,Yes,Private,Urban,166.31,43.6,never smoked,0
52734,Female,70.0,1,0,Yes,Govt_job,Rural,154.2,26.0,Unknown,0
58247,Male,25.4,0,0,No,Private,Rural,141.92,42.2,smokes,0
45051,Female,26.1,0,0,Yes,Govt_job,Urban,134.54,23.6,Unknown,0
10487,Female,56.1,0,0,No,Private,Urban,110.46,26.7,never smoked,0
7505,Male,44.4,0,0,Yes,Govt_job,Urban,100.56,41.0,never smoked,0
10967,Male,4.5,0,0,No,children,Urban,148.99,21.7,formerly smoked,0
18501,Female,54.3,0,0,No,Private,Rural,55.0,35.4,never smoked,0
50221,Male,5.2,0,0,No,children,Rural,136.23,25.9,formerly smoked,0
85732,Male,25.2,0,0,Yes,Private,Rural,78.57,23.1,Unknown,0
46558,Male,75.7,0,0,Yes,Private,Urban,126.37,24.7,Unknown,1
63224,Female,82.0,0,0,No,Private,Rural,111.18,12.2,smokes,0
81655,Male,19.3,0,0,No,Private,Urban,119.73,38.0,never smoked,0
77038,Male,38.8,0,0,Yes,Private,Urban,156.43,30.2,never smoked,0
41948,Female,46.9,0,0,Yes,Govt_job,Rural,80.49,27.4,Unknown,0
73602,Male,82.0,0,0,Yes,Never_worked,Rural,77.6,23.3,never smoked,1
25206,Male,35.2,0,0,Yes,Govt_job,Urban,114.75,30.8,never smoked,0
34426,Female,35.5,0,0,Yes,Private,Rural,83.32,,Unknown,0
92073,Male,80.1,0,0,No,Private,Urban,59.01,26.4,never smoked,0
91178,Female,37.8,0,0,Yes,Private,Rural,68.29,35.7,Unknown,0
86898,Male,61.9,0,1,No,Self-employed,Urban,206.14,30.6,never smoked,0
63929,Male,13.5,0,0,No,children,Rural,107.83,27.8,smokes,0
64185,Female,42.2,0,0,No,Govt_job,Rural,127.58,35.3,never smoked,0
11054,Female,9.5,0,0,No,children,Rural,97.12,24.7,Unknown,0
43454,Female,22.8,0,0,No,Private,Rural,151.07,19.1,never smoked,0
7821,Male,64.5,0,0,No,Private,Urban,55.0,,never smoked,0
12188,Female,44.9,0,0,Yes,Private,Urban,175.7,28.8,Unknown,0
39242,Male,39.0,0,0,Yes,Govt_job,Urban,107.1,26.8,smokes,0
67311,Female,29.5,0,0,Yes,Private,Rural,83.07,37.4,formerly smoked,0
6601,Female,41.1,0,1,Yes,Private,Urban,166.43,32.3,formerly smoked,0
55370,Male,52.6,0,0,Yes,Private,Urban,124.73,27.6,formerly smoked,0
89921,Female,67.6,0,0,Yes,Private,Rural,101.53,28.5,Unknown,0
38989,Female,0.1,0,0,No,children,Rural,61.47,29.1,smokes,0
2869,Female,27.7,0,0,Yes,Govt_job,Urban,102.84,32.4,formerly smoked,0
41488,Female,49.5,0,0,Yes,Private,Urban,111.62,28.9,never smoked,0
9617,Female,43.8,0,0,Yes,Never_worked,Rural,116.67,27.3,formerly smoked,0
93809,Female,54.9,0,0,Yes,Govt_job,Rural,79.17,18.5,Unknown,0
27019,Male,51.9,1,0,Yes,Govt_job,Urban,88.05,23.2,never smoked,0
76722,Female,39.3,0,0,No,Private,Rural,67.56,30.6,never smoked,0
40077,Female,34.4,0,0,Yes,Self-employed,Urban,82.39,29.9,never smoked,0
39519,Female,40.6,0,0,Yes,Private,Rural,132.2,17.4,smokes,0
46478,Female,71.3,0,0,Yes,Private,Urban,189.79,24.3,Unknown,0
57688,Male,29.9,0,0,Yes,Private,Urban,96.14,21.5,smokes,0
35489,Female,44.6,0,0,Yes,Private,Rural,117.92,38.7,Unknown,0
84012,Female,50.0,0,0,Yes,Self-employed,Rural,66.21,30.4,Unknown,0
1303,Female,80.3,0,1,Yes,Private,Rural,66.89,31.7,Unknown,1
63894,Male,39.4,0,0,Yes,Self-employed,Urban,147.91,28.0,formerly smoked,0
36407,Male,67.1,0,0,Yes,Never_worked,Urban,55.0,23.8,never smoked,0
37472,Male,73.1,1,0,Yes,Self-employed,Rural,133.17,25.2,formerly smoked,0
74386,Male,44.6,0,1,Yes,Private,Rural,127.07,32.2,Unknown,0
70794,Male,41.4,0,0,Yes,Private,Rural,149.48,26.5,formerly smoked,0
47765,Male,38.8,0,0,Yes,Private,Rural,120.27,32.3,formerly smoked,0
2323,Female,40.4,0,0,Yes,Private,Rural,60.16,29.6,Unknown,0
57301,Male,64.8,0,0,Yes,Private,Rural,161.26,30.7,never smoked,0
80702,Male,51.1,0,0,Yes,Govt_job,Rural,87.23,31.1,smokes,0
38308,Male,51.2,0,0,Yes,Self-employed,Urban,156.91,24.6,Unknown,0
91528,Female,21.2,0,0,No,Self-employed,Rural,144.66,26.2,Unknown,0
89196,Male,24.7,0,0,No,Private,Urban,118.71,35.3,Unknown,0
77615,Female,82.0,0,0,Yes,Private,Rural,145.18,42.2,never smoked,0
420,Male,42.1,0,0,Yes,Self-employed,Urban,169.02,35.4,formerly smoked,0
81347,Female,29.0,0,0,Yes,Private,Urban,125.0,11.0,formerly smoked,0
25151,Male,77.5,0,0,Yes,Private,Rural,139.26,22.8,formerly smoked,0
57909,Male,52.2,0,0,Yes,Self-employed,Urban,75.67,29.4,Unknown,0
429,Female,58.7,1,0,Yes,Private,Rural,143.53,20.3,smokes,0
28347,Female,43.0,0,0,No,Private,Rural,75.09,19.9,Unknown,0
91283,Female,39.0,0,0,Yes,Private,Rural,114.42,25.4,Unknown,0
56855,Male,42.3,0,0,Yes,Private,Rural,83.39,31.1,smokes,0
75822,Male,15.6,0,0,No,Govt_job,Urban,90.32,33.1,Unknown,0
73171,Male,44.1,0,0,Yes,Private,Rural,176.87,25.7,never smoked,0
58036,Female,52.5,0,0,Yes,Govt_job,Rural,106.13,25.2,never smoked,0
73068,Male,82.0,0,0,Yes,Private,Rural,114.05,22.2,never smoked,0
98201,Male,47.9,0,0,Yes,Private,Rural,137.64,32.3,Unknown,0
25511,Female,0.1,0,0,No,children,Rural,111.24,31.8,Unknown,0
62706,Female,43.9,0,0,No,Private,Urban,134.67,35.3,Unknown,0
66732,Female,82.0,1,0,Yes,Private,Urban,147.16,29.5,never smoked,0
49678,Female,65.1,0,0,Yes,Govt_job,Rural,87.91,18.7,Unknown,0
12055,Female,28.2,0,0,Yes,Private,Urban,70.48,,Unknown,0
32890,Female,59.0,0,0,Yes,Private,Rural,110.7,34.9,never smoked,0
88921,Female,29.7,0,0,Yes,Private,Rural,90.52,15.5,smokes,0
37499,Female,16.2,0,0,No,Self-employed,Rural,143.3,27.9,Unknown,0
23922,Female,38.3,0,0,No,Govt_job,Urban,91.51,30.6,formerly smoked,0
76151,Male,48.0,0,0,Yes,Private,Urban,168.56,43.5,Unknown,0
38132,Female,4.8,0,0,No,children,Urban,170.9,24.0,smokes,0
63774,Female,20.7,0,0,No,Self-employed,Urban,163.27,27.6,never smoked,0
64519,Male,46.2,0,0,No,Private,Rural,130.61,41.2,never smoked,0
67373,Female,37.0,0,0,No,Private,Rural,84.38,24.1,never smoked,0
98770,Female,54.7,0,0,Yes,Private,Urban,95.58,36.6,Unknown,0
44133,Female,19.3,0,0,No,Private,Rural,129.78,31.4,never smoked,0
79404,Female,61.7,0,0,Yes,Private,Urban,102.21,26.8,formerly smoked,1
26399,Male,20.0,0,0,No,Private,Rural,100.05,31.9,Unknown,0
98900,Female,82.0,0,0,Yes,Self-employed,Rural,166.15,27.4,never smoked,1
93002,Female,8.3,0,0,No,children,Urban,65.31,45.4,formerly smoked,0
89919,Female,22.0,0,0,No,Private,Urban,132.57,,Unknown,0
22363,Male,55.2,0,0,No,Private,Urban,126.91,26.4,Unknown,0
7560,Female,82.0,0,0,Yes,Govt_job,Rural,113.31,,Unknown,0
20574,Female,52.9,0,0,Yes,Private,Rural,74.06,27.5,formerly smoked,0
57348,Female,58.4,1,0,Yes,Govt_job,Rural,104.18,36.6,never smoked,1
24878,Male,46.4,0,0,Yes,Govt_job,Rural,112.6,25.1,Unknown,0
19634,Male,23.4,0,0,No,Never_worked,Rural,70.99,32.2,Unknown,0
45557,Male,35.2,0,1,No,Self-employed,Urban,154.51,30.2,Unknown,0
49933,Female,19.3,0,0,No,Self-employed,Rural,108.32,34.8,never smoked,0
50052,Female,17.9,0,1,No,Self-employed,Rural,105.5,27.5,smokes,0
39955,Male,54.8,0,0,Yes,Private,Urban,135.26,30.9,Unknown,0
82288,Female,21.3,0,0,No,Private,Rural,178.48,27.6,Unknown,0
88085,Male,53.0,0,0,Yes,Govt_job,Urban,95.3,21.1,never smoked,0
92379,Female,17.4,0,0,No,Private,Urban,68.38,40.5,never smoked,0
42061,Female,52.5,0,0,Yes,Private,Rural,186.22,22.8,formerly smoked,0
32576,Female,35.2,0,0,Yes,Self-employed,Rural,116.75,24.9,Unknown,0
21023,Female,76.9,0,0,Yes,Govt_job,Rural,211.86,22.1,Unknown,0
32457,Male,53.1,0,0,Yes,Private,Rural,169.69,31.5,never smoked,0
28924,Female,73.2,1,0,No,Private,Urban,89.07,24.9,formerly smoked,0
77315,Female,29.4,0,0,No,Private,Urban,101.04,39.9,smokes,0
81400,Male,47.2,0,0,No,Private,Urban,55.0,32.5,never smoked,0
62388,Male,24.4,0,0,No,Private,Urban,84.25,26.4,Unknown,0
1032,Male,36.9,0,0,No,Private,Urban,64.61,21.7,formerly smoked,0
85132,Male,40.2,0,0,No,Self-employed,Urban,86.8,27.7,Unknown,0
39046,Male,30.0,0,0,Yes,Private,Urban,56.19,32.4,smokes,0
47852,Female,19.3,0,0,No,Private,Rural,78.47,28.2,Unknown,0
3716,Male,14.9,0,0,No,Private,Urban,85.81,27.4,never smoked,0
93057,Male,0.1,0,0,No,children,Urban,105.46,20.8,formerly smoked,0
14442,Female,22.8,0,0,No,Private,Rural,60.74,45.3,formerly smoked,0
62634,Male,59.8,0,0,Yes,Private,Urban,55.0,27.0,never smoked,0
1660,Female,10.8,0,0,No,children,Rural,156.92,18.2,smokes,0
57912,Male,15.9,0,0,No,Self-employed,Urban,84.52,20.4,Unknown,0
61183,Female,82.0,1,0,Yes,Private,Rural,127.05,25.9,formerly smoked,1
62530,Male,32.0,0,0,Yes,Private,Urban,83.34,43.1,Unknown,0
40977,Female,53.1,0,0,Yes,Private,Urban,107.66,27.2,never smoked,0
52672,Male,60.1,0,0,Yes,Private,Rural,103.94,25.7,never smoked,0
16574,Female,60.6,0,0,Yes,Govt_job,Urban,159.45,34.8,never smoked,0
32381,Male,12.5,0,0,No,children,Rural,98.07,35.4,Unknown,0
28580,Female,40.9,0,0,Yes,Private,Urban,100.05,33.4,never smoked,0
96194,Male,10.4,0,0,No,children,Urban,72.44,30.0,never smoked,0
91531,Female,82.0,1,0,Yes,Private,Rural,63.91,20.2,never smoked,0
76514,Female,10.9,0,0,No,children,Urban,116.58,22.9,formerly smoked,0
64604,Female,22.9,0,0,No,Private,Rural,117.5,16.6,formerly smoked,0
66749,Male,23.1,0,0,No,Self-employed,Urban,112.7,26.8,formerly smoked,0
69250,Female,13.1,0,0,No,children,Urban,145.24,25.3,Unknown,0
79914,Male,75.8,1,0,Yes,Private,Urban,112.88,24.5,formerly smoked,0
86352,Female,82.0,0,0,Yes,Private,Rural,91.5,30.6,never smoked,0
1276,Male,35.5,0,0,Yes,Private,Rural,111.78,23.6,smokes,0
38757,Female,17.0,1,0,No,Private,Rural,107.02,25.9,never smoked,0
65209,Female,0.1,0,0,No,children,Urban,63.22,24.9,never smoked,0
20212,Female,40.6,0,0,No,Private,Urban,150.4,28.3,Unknown,0
15781,Female,39.0,0,0,Yes,Private,Rural,83.58,31.2,never smoked,0
14565,Female,31.7,0,0,No,Govt_job,Rural,101.27,18.4,Unknown,0
99284,Female,50.9,0,0,Yes,Private,Urban,86.27,31.9,smokes,0
48724,Female,54.7,0,0,Yes,Self-employed,Urban,158.92,30.5,Unknown,0
62533,Male,53.1,1,0,Yes,Private,Urban,95.38,31.6,never smoked,0
19636,Female,39.0,0,0,Yes,Private,Rural,167.65,29.5,smokes,0
55417,Male,21.8,0,0,No,Self-employed,Urban,80.86,31.2,smokes,0
39810,Female,60.6,0,0,No,Govt_job,Rural,132.68,25.4,Unknown,1
40228,Female,46.3,0,0,Yes,Private,Urban,99.93,31.8,never smoked,0
71503,Female,65.5,0,0,No,Private,Urban,59.32,37.1,smokes,1
10403,Female,63.4,0,0,Yes,Self-employed,Rural,165.64,24.8,smokes,0
89240,Female,14.7,0,0,No,Private,Urban,78.69,25.1,never smoked,0
46799,Male,14.4,0,0,No,Private,Urban,92.64,33.2,never smoked,0
27777,Male,29.4,0,0,Yes,Private,Rural,115.67,24.3,Unknown,0
14795,Female,22.8,0,0,No,Self-employed,Urban,68.92,23.1,smokes,0
70705,Female,62.6,0,1,Yes,Private,Rural,82.78,31.7,smokes,0
69668,Female,53.7,0,0,Yes,Self-employed,Rural,97.19,25.3,Unknown,0
53869,Male,70.2,0,0,Yes,Private,Rural,57.86,37.7,never smoked,0
40483,Female,54.7,0,0,Yes,Private,Urban,111.89,25.0,never smoked,0
80413,Female,50.6,0,0,Yes,Govt_job,Urban,66.25,22.4,smokes,0
93679,Female,72.4,0,0,Yes,Private,Rural,131.73,28.5,Unknown,0
43789,Female,56.3,0,0,Yes,Private,Rural,151.27,31.8,smokes,0
24249,Male,47.5,0,0,Yes,Private,Rural,134.64,30.9,formerly smoked,0
58390,Female,78.6,0,0,No,Private,Urban,140.85,32.5,smokes,0
61379,Female,48.5,0,0,No,Private,Rural,95.64,24.4,Unknown,0
10209,Male,39.3,0,0,Yes,Govt_job,Urban,63.85,37.0,formerly smoked,0
1374,Male,27.6,0,0,No,Self-employed,Rural,148.79,16.1,smokes,0
33762,Female,61.5,0,0,Yes,Private,Urban,83.43,22.6,never smoked,0
99263,Female,73.2,1,0,Yes,Private,Urban,110.88,28.8,never smoked,0
42973,Male,44.9,0,0,No,Govt_job,Rural,75.09,23.3,Unknown,0
73711,Female,74.8,0,0,Yes,Private,Urban,71.52,26.2,formerly smoked,0
70446,Female,2.7,0,0,No,children,Rural,114.64,21.1,Unknown,0
63189,Female,44.8,0,0,Yes,Private,Urban,107.16,,smokes,0
56218,Female,45.1,0,0,No,Govt_job,Urban,58.36,32.0,never smoked,0
82877,Male,30.0,0,0,Yes,Govt_job,Urban,84.75,24.5,Unknown,0
58534,Male,82.0,0,0,No,Private,Rural,187.75,21.9,never smoked,1
94075,Male,44.5,0,0,Yes,Private,Rural,126.29,25.0,never smoked,0
48051,Male,37.0,0,0,No,Govt_job,Rural,81.67,36.8,formerly smoked,0
8585,Male,46.6,0,0,Yes,Private,Urban,91.51,36.7,smokes,0
83246,Male,1.9,0,0,No,children,Urban,106.37,24.9,never smoked,0
48598,Male,29.3,0,0,No,Govt_job,Rural,91.69,32.3,never smoked,0
75618,Female,67.6,0,0,Yes,Private,Urban,161.76,28.4,Unknown,0
76041,Female,32.2,0,0,Yes,Private,Rural,123.69,38.1,Unknown,0
86725,Female,27.8,0,0,No,Self-employed,Urban,55.0,29.9,Unknown,0
14797,Female,74.8,0,0,No,Self-employed,Rural,134.75,27.0,never smoked,0
93484,Female,75.5,0,0,Yes,Private,Urban,139.56,40.5,Unknown,1
59834,Female,57.4,0,0,Yes,Private,Urban,123.41,21.6,Unknown,0
54768,Female,36.0,0,0,Yes,Private,Urban,129.33,30.9,never smoked,0
10715,Female,40.7,0,0,Yes,Private,Urban,159.31,38.7,never smoked,0
60410,Female,28.3,0,0,Yes,Private,Rural,131.53,33.5,never smoked,0
1710,Female,24.1,0,0,No,Private,Urban,69.58,22.8,Unknown,0
56052,Female,23.0,0,0,No,Private,Urban,179.09,22.4,smokes,0
45548,Male,32.4,0,0,Yes,Private,Urban,55.0,17.9,never smoked,0
54879,Female,23.2,0,0,No,Private,Rural,121.83,39.6,never smoked,0
54183,Female,11.6,0,0,No,children,Rural,110.01,20.0,Unknown,0
97607,Female,50.8,0,0,Yes,Self-employed,Rural,89.04,33.9,smokes,0
26789,Male,51.2,0,0,Yes,Never_worked,Urban,139.79,17.8,Unknown,0
29338,Male,82.0,0,0,Yes,Self-employed,Urban,99.78,47.7,never smoked,0
59237,Female,31.3,0,0,Yes,Govt_job,Urban,124.22,18.4,Unknown,0
81327,Female,52.5,0,0,Yes,Private,Urban,66.76,28.8,never smoked,0
76539,Male,52.9,0,0,Yes,Govt_job,Urban,148.36,37.6,never smoked,0
71751,Male,40.4,0,0,Yes,Private,Urban,143.78,23.2,Unknown,0
43746,Female,62.4,0,0,Yes,Private,Rural,105.5,32.7,never smoked,0
78593,Female,63.1,0,0,Yes,Private,Rural,76.2,26.4,smokes,0
37566,Female,53.2,0,1,Yes,Private,Rural,151.94,31.4,never smoked,0
57334,Female,40.4,0,0,Yes,Private,Urban,55.0,36.6,Unknown,0
98732,Male,38.1,0,0,Yes,Self-employed,Urban,107.37,25.3,never smoked,0
10120,Male,15.9,0,0,No,Govt_job,Rural,95.03,39.7,formerly smoked,0
54149,Male,28.3,0,0,Yes,Private,Urban,120.56,31.1,never smoked,0
53105,Male,32.3,0,0,Yes,Private,Rural,94.42,43.1,Unknown,0
4717,Female,21.3,0,0,No,Govt_job,Urban,141.1,22.3,Unknown,0
37495,Male,55.7,0,1,Yes,Private,Rural,69.51,23.7,Unknown,0
19461,Female,72.3,0,0,Yes,Private,Rural,152.37,26.8,Unknown,0
94524,Female,26.0,0,0,No,Private,Rural,100.82,19.4,smokes,0
77340,Male,52.2,1,0,Yes,Private,Urban,95.64,35.4,never smoked,0
77148,Female,23.2,0,0,No,Self-employed,Rural,119.57,27.9,never smoked,0
17964,Male,39.3,0,0,No,Govt_job,Rural,138.35,19.9,Unknown,0
68833,Male,30.8,0,0,Yes,Private,Rural,97.77,22.3,formerly smoked,0
5965,Male,59.2,0,0,Yes,Self-employed,Urban,100.83,22.0,never smoked,0
1375,Male,31.1,0,0,No,Self-employed,Rural,79.47,35.4,never smoked,0
63086,Female,68.3,0,0,Yes,Private,Urban,55.0,31.9,Unknown,0
57127,Female,40.6,0,0,Yes,Private,Urban,85.98,27.5,never smoked,0
94009,Male,31.7,0,0,Yes,Self-employed,Urban,105.97,25.8,never smoked,0
12587,Male,18.4,0,0,No,Private,Rural,92.69,26.7,smokes,0
8162,Male,51.6,0,0,No,Govt_job,Rural,92.82,41.9,smokes,0
96465,Female,65.7,0,0,Yes,Govt_job,Rural,69.23,26.7,never smoked,0
98397,Female,52.0,0,0,Yes,Private,Rural,73.14,34.9,smokes,1
52182,Female,82.0,1,0,Yes,Private,Rural,76.67,26.0,never smoked,0
30592,Male,77.5,0,0,Yes,Self-employed,Urban,106.88,41.1,never smoked,0
81422,Male,39.2,0,0,Yes,Self-employed,Rural,121.23,19.4,smokes,0
53723,Male,39.0,0,0,Yes,Private,Rural,108.36,34.6,Unknown,0
71961,Female,56.3,1,0,Yes,Private,Urban,131.44,22.8,Unknown,0
61504,Female,27.6,0,0,Yes,Private,Rural,72.74,45.1,never smoked,0
72029,Female,71.7,0,0,No,Private,Rural,103.93,33.7,never smoked,0
7903,Female,54.0,0,0,Yes,Private,Rural,88.1,15.7,formerly smoked,0
5530,Female,51.6,0,0,Yes,Private,Rural,98.44,21.5,never smoked,0
67952,Male,61.1,0,0,Yes,Private,Urban,59.63,33.6,never smoked,0
58579,Female,82.0,1,0,Yes,Private,Rural,76.07,33.4,never smoked,1
55498,Female,49.8,0,0,Yes,Govt_job,Rural,105.75,32.9,never smoked,0
21987,Male,43.5,0,0,Yes,Private,Urban,79.33,29.7,smokes,0
39623,Male,79.2,0,0,Yes,Govt_job,Rural,81.02,26.1,never smoked,0
77130,Female,67.3,0,0,Yes,Private,Urban,95.65,36.7,never smoked,0
82846,Female,38.9,0,0,Yes,Private,Urban,121.98,22.0,never smoked,0
67169,Male,46.1,0,0,Yes,Private,Urban,137.25,28.9,formerly smoked,0
68199,Male,50.3,0,0,Yes,Private,Rural,55.0,23.8,never smoked,0
66966,Male,54.0,0,0,Yes,Private,Urban,86.67,23.3,never smoked,0
29711,Female,16.2,0,0,No,Private,Urban,110.33,25.1,never smoked,0
84846,Female,12.1,0,0,No,children,Rural,120.11,23.0,never smoked,0
93160,Male,26.5,0,0,Yes,Govt_job,Rural,133.13,32.6,Unknown,0
94282,Female,24.8,0,0,Yes,Private,Urban,116.02,17.4,never smoked,0
79368,Female,31.8,0,0,Yes,Private,Urban,82.04,31.7,smokes,0
65984,Male,60.0,0,0,Yes,Govt_job,Rural,109.49,23.7,Unknown,0
67183,Female,42.3,0,0,Yes,Private,Urban,104.96,28.7,smokes,0
42529,Male,50.3,0,0,Yes,Private,Rural,66.91,27.2,smokes,0
41806,Male,19.1,0,0,No,Private,Urban,78.89,24.8,formerly smoked,0
52021,Female,35.8,0,0,Yes,Self-employed,Rural,113.57,37.6,formerly smoked,0
38683,Male,58.9,0,0,Yes,Private,Rural,133.24,25.7,never smoked,0
29473,Female,59.1,0,0,Yes,Private,Rural,85.03,33.8,never smoked,0
16923,Male,30.1,0,0,Yes,Private,Urban,187.75,33.9,never smoked,0
67642,Male,49.6,0,0,Yes,Private,Rural,55.0,26.5,formerly smoked,0
43321,Male,82.0,0,0,Yes,Govt_job,Urban,101.89,19.1,never smoked,0
23895,Female,45.6,0,0,Yes,Self-employed,Urban,105.72,21.9,Unknown,0
593,Male,30.7,0,0,Yes,Private,Urban,141.89,38.1,never smoked,0
17904,Male,42.2,0,0,Yes,Govt_job,Urban,81.21,32.2,never smoked,0
83619,Male,48.0,0,0,Yes,Private,Rural,85.86,29.5,smokes,0
90324,Male,42.7,1,0,Yes,Self-employed,Rural,94.39,24.2,Unknown,0
48566,Female,45.3,0,0,Yes,Private,Rural,139.43,41.5,formerly smoked,0
77463,Male,14.2,0,0,No,Private,Urban,148.09,22.0,smokes,0
87348,Female,24.8,0,0,Yes,Private,Rural,90.82,29.5,never smoked,0
14177,Female,42.7,0,0,Yes,Private,Urban,75.08,32.3,Unknown,0
79518,Male,42.4,1,0,Yes,Self-employed,Rural,83.88,18.7,smokes,0
53893,Male,33.5,0,0,Yes,Self-employed,Rural,63.16,22.8,never smoked,0
107,Male,42.1,0,0,Yes,Private,Rural,153.5,25.1,Unknown,0
86375,Female,47.3,0,0,Yes,Private,Rural,102.55,35.0,never smoked,0
46949,Female,65.6,0,0,Yes,Private,Rural,137.01,25.2,formerly smoked,0
89023,Female,43.8,0,0,No,Private,Urban,94.07,17.7,formerly smoked,0
19132,Female,54.8,0,0,Yes,Private,Rural,197.89,17.0,Unknown,0
69139,Male,34.1,0,0,Yes,Private,Rural,129.44,22.7,Unknown,0
36996,Female,58.6,0,0,Yes,Private,Urban,114.13,17.3,formerly smoked,0
91684,Female,54.3,0,0,Yes,Self-employed,Urban,121.81,34.3,smokes,0
22311,Female,65.0,0,0,Yes,Private,Rural,73.55,34.6,smokes,0
17235,Female,61.7,0,0,Yes,Self-employed,Urban,86.93,28.6,never smoked,0
98447,Male,59.0,0,0,Yes,Private,Rural,136.35,26.5,smokes,0
69183,Male,43.8,0,0,Yes,Private,Urban,103.61,34.1,Unknown,0
27336,Female,51.4,0,0,Yes,Private,Rural,124.35,33.8,smokes,0
31706,Female,69.4,0,0,Yes,Private,Urban,93.05,,formerly smoked,0
21675,Female,31.7,0,0,Yes,Private,Rural,98.7,22.1,smokes,0
19612,Female,32.2,0,0,Yes,Private,Urban,149.44,33.8,Unknown,0
5107,Male,50.0,0,0,Yes,Private,Urban,109.23,30.5,never smoked,0
82749,Male,55.1,0,0,Yes,Private,Rural,110.86,33.1,never smoked,0
58964,Female,27.9,0,0,Yes,Private,Rural,100.5,21.8,smokes,0
96604,Male,44.4,0,0,Yes,Self-employed,Urban,89.69,22.9,never smoked,0
59158,Female,43.9,1,0,No,Self-employed,Rural,102.94,32.0,Unknown,0
91673,Female,0.1,0,0,No,children,Urban,103.86,23.4,never smoked,0
73499,Female,41.2,0,0,No,Private,Urban,152.13,17.1,never smoked,0
42402,Female,42.5,0,0,Yes,Private,Urban,104.21,23.5,Unknown,0
36906,Female,42.5,0,0,Yes,Private,Rural,142.25,27.0,never smoked,0
71760,Male,77.2,0,0,Yes,Private,Urban,75.97,41.3,formerly smoked,1
29876,Male,19.3,0,0,No,Private,Urban,119.25,22.2,formerly smoked,0
74170,Female,27.9,0,0,No,Private,Rural,55.0,28.0,Unknown,0
81063,Male,0.1,0,0,No,children,Urban,80.08,43.8,never smoked,0
78189,Female,35.4,0,0,Yes,Private,Urban,81.23,20.3,smokes,0
13292,Female,37.3,0,0,No,Private,Urban,87.44,33.5,Unknown,0
78424,Female,34.8,0,0,Yes,Self-employed,Rural,142.12,23.2,smokes,0
35995,Female,70.4,0,0,Yes,Govt_job,Rural,55.0,31.5,never smoked,0
60631,Female,64.9,0,0,Yes,Private,Urban,148.19,46.0,never smoked,1
19466,Male,47.7,0,0,No,Self-employed,Rural,55.0,,formerly smoked,0
24141,Male,37.8,0,0,Yes,Private,Urban,91.48,29.6,never smoked,0
89842,Female,68.6,0,0,Yes,Private,Rural,93.11,21.4,formerly smoked,0
59584,Male,45.6,0,0,Yes,Govt_job,Rural,164.35,27.2,smokes,0
13825,Female,28.0,0,0,No,Private,Urban,127.41,24.3,Unknown,0
66129,Male,8.2,0,0,No,children,Rural,183.01,17.6,smokes,0
8706,Female,36.3,0,0,Yes,Private,Rural,192.84,,Unknown,0
71555,Female,62.6,0,0,Yes,Self-employed,Rural,141.78,22.3,never smoked,0
45865,Male,82.0,0,0,Yes,Private,Urban,79.23,28.3,formerly smoked,0
5096,Female,47.4,1,0,No,Self-employed,Urban,125.25,36.9,Unknown,0
98948,Female,29.2,0,0,Yes,Self-employed,Rural,106.37,23.0,Unknown,0
50951,Female,19.9,0,0,No,Private,Urban,84.85,29.9,never smoked,0
77359,Female,58.1,0,0,Yes,Govt_job,Urban,139.01,15.7,never smoked,0
53299,Female,7.2,0,0,No,children,Rural,63.05,22.5,smokes,0
72439,Male,58.1,0,0,Yes,Private,Rural,75.65,11.0,formerly smoked,0
69539,Male,64.0,0,0,Yes,Govt_job,Rural,55.0,45.3,formerly smoked,0
11340,Female,55.6,0,0,Yes,Private,Rural,72.55,30.0,never smoked,0
64217,Female,41.2,0,0,Yes,Private,Urban,77.88,29.7,formerly smoked,0
44666,Male,58.4,0,0,Yes,Self-employed,Urban,97.52,32.5,never smoked,0
30274,Male,49.8,0,0,Yes,Private,Rural,142.77,47.5,never smoked,0
474,Male,28.9,0,0,Yes,Private,Urban,86.51,25.2,formerly smoked,0
75986,Female,82.0,0,1,Yes,Govt_job,Urban,143.81,21.1,Unknown,1
58491,Female,38.3,0,0,Yes,Private,Urban,191.5,43.5,Unknown,1
42665,Female,63.1,0,0,Yes,Private,Rural,150.53,19.3,never smoked,0
47734,Female,0.1,0,0,No,children,Rural,74.13,38.2,never smoked,0
8148,Female,74.1,0,1,Yes,Self-employed,Urban,81.81,27.9,never smoked,0
70985,Female,78.3,0,0,No,Private,Rural,144.07,31.8,Unknown,1
42925,Male,46.7,0,1,Yes,Private,Urban,81.17,17.7,never smoked,0
91056,Female,58.3,0,0,No,Private,Rural,105.67,,Unknown,0
48159,Male,58.3,0,0,Yes,Govt_job,Urban,120.05,25.6,smokes,0
75023,Female,31.9,0,0,Yes,Govt_job,Rural,130.47,23.2,Unknown,0
33542,Female,58.0,0,0,Yes,Govt_job,Rural,110.63,32.6,never smoked,0
50623,Male,28.2,0,0,Yes,Govt_job,Rural,67.94,23.7,smokes,0
98236,Male,32.6,0,0,Yes,Private,Rural,89.88,31.7,never smoked,0
51640,Female,70.8,0,0,No,Private,Urban,150.44,19.0,smokes,0
20282,Male,67.4,0,0,Yes,Private,Rural,102.96,29.6,smokes,0
28089,Female,30.5,0,0,No,Private,Urban,176.38,24.0,Unknown,0
10436,Female,29.9,0,0,Yes,Private,Rural,112.66,22.6,smokes,0
6844,Male,31.8,0,0,Yes,Self-employed,Rural,64.0,21.4,Unknown,0
69723,Male,62.1,0,0,Yes,Private,Urban,77.0,35.1,formerly smoked,0
79613,Female,24.0,0,0,No,Private,Rural,124.73,25.9,smokes,0
64157,Male,53.8,0,0,Yes,Self-employed,Urban,153.11,27.1,never smoked,0
77961,Male,62.4,0,0,Yes,Private,Urban,107.84,31.7,never smoked,0
12245,Male,44.1,0,0,No,Private,Rural,108.41,37.1,never smoked,0
83988,Female,68.2,0,0,Yes,Self-employed,Rural,117.01,21.6,never smoked,0
90280,Female,39.3,0,0,Yes,Private,Urban,121.45,30.2,never smoked,0
51249,Female,41.3,1,0,Yes,Private,Rural,90.57,21.7,never smoked,0
96937,Male,24.5,0,0,Yes,Private,Urban,55.0,26.9,never smoked,0
2142,Female,68.4,1,0,Yes,Self-employed,Rural,134.92,36.5,Unknown,0
41935,Male,29.1,0,0,Yes,Private,Urban,103.27,11.0,formerly smoked,0
75272,Female,53.7,0,0,Yes,Private,Rural,117.64,21.6,Unknown,0
65307,Male,44.4,0,0,No,Private,Urban,97.05,26.8,never smoked,0
67069,Male,22.8,0,0,No,Private,Rural,118.29,31.4,never smoked,0
22253,Male,32.6,0,0,Yes,Private,Urban,74.7,37.6,Unknown,0
1107,Male,76.4,0,0,Yes,Govt_job,Urban,90.94,15.8,Unknown,1
45723,Male,50.4,0,0,Yes,Self-employed,Rural,73.62,39.1,never smoked,0
26290,Female,23.8,0,0,No,Private,Rural,91.64,32.4,never smoked,0
26779,Male,52.7,0,0,Yes,Never_worked,Rural,64.28,26.7,Unknown,0
17118,Male,42.8,0,0,No,Self-employed,Urban,131.1,17.5,Unknown,0
83439,Female,82.0,0,0,No,Private,Urban,162.14,24.2,Unknown,0
95859,Female,52.3,0,0,Yes,Govt_job,Urban,65.58,36.2,formerly smoked,0
77723,Male,37.6,0,0,Yes,Govt_job,Urban,103.68,28.7,never smoked,0
8201,Female,77.2,0,0,Yes,Private,Urban,97.06,27.1,formerly smoked,0
27555,Female,5.5,0,0,No,children,Rural,164.43,21.2,smokes,0
17854,Female,48.1,0,0,Yes,Govt_job,Rural,106.0,34.0,never smoked,0
10147,Female,82.0,0,0,No,Private,Rural,147.96,27.4,never smoked,0
70442,Female,43.4,0,0,No,Private,Rural,128.22,26.7,Unknown,0
70274,Female,7.9,0,0,No,children,Rural,113.43,27.8,never smoked,0
11421,Male,37.3,0,0,No,Govt_job,Urban,85.6,23.7,never smoked,0
36913,Female,78.0,0,1,Yes,Self-employed,Urban,113.61,22.4,smokes,0
75284,Female,54.3,0,0,Yes,Private,Rural,73.17,17.1,Unknown,0
59374,Male,27.5,0,0,No,Private,Rural,90.73,23.9,Unknown,0
37251,Male,30.9,0,0,Yes,Govt_job,Rural,55.0,15.0,never smoked,0
5966,Female,33.7,0,0,Yes,Self-employed,Rural,156.25,32.1,smokes,0
58073,Female,53.9,0,0,Yes,Govt_job,Rural,108.96,23.5,Unknown,0
24563,Male,75.4,1,0,Yes,Private,Urban,162.72,25.6,smokes,1
69152,Male,69.2,0,0,Yes,Private,Urban,107.39,28.2,never smoked,0
64049,Female,56.0,0,0,Yes,Private,Rural,110.17,22.5,Unknown,0
29242,Female,16.7,0,0,No,Private,Urban,125.67,19.7,formerly smoked,0
80736,Male,16.8,0,0,No,Govt_job,Urban,100.98,30.2,formerly smoked,0
85886,Male,57.7,0,0,Yes,Private,Rural,96.76,42.7,formerly smoked,0
18746,Female,16.4,0,0,No,Self-employed,Rural,92.39,35.3,never smoked,0
18648,Male,41.0,0,0,No,Private,Urban,74.88,38.1,Unknown,0
21479,Male,52.7,0,0,Yes,Private,Rural,92.55,18.8,never smoked,0
47572,Male,21.0,0,0,No,Private,Rural,143.13,27.1,never smoked,0
20397,Male,23.5,0,0,No,Private,Urban,89.75,27.0,formerly smoked,0
14053,Male,43.9,0,0,No,Self-employed,Rural,188.81,39.2,smokes,0
6009,Female,57.1,0,0,Yes,Govt_job,Urban,55.0,35.4,smokes,0
67362,Female,69.4,0,0,Yes,Private,Urban,145.25,27.3,Unknown,0
13363,Male,59.4,0,1,Yes,Private,Urban,95.47,11.3,Unknown,0
3320,Male,47.6,0,0,Yes,Govt_job,Urban,120.73,19.8,smokes,0
67817,Female,29.6,0,0,Yes,Private,Rural,76.64,33.2,smokes,0
17453,Female,22.4,0,0,No,Private,Urban,58.46,26.1,smokes,0
85355,Male,34.8,0,0,Yes,Private,Rural,135.56,27.7,formerly smoked,0
500,Male,55.0,0,0,Yes,Private,Rural,154.69,33.1,formerly smoked,0
46192,Female,53.4,0,0,Yes,Private,Urban,104.37,37.0,formerly smoked,0
32878,Female,0.1,0,0,No,children,Urban,89.77,22.7,Unknown,0
26009,Female,28.7,0,0,No,Private,Rural,101.74,32.9,Unknown,0
91622,Male,72.5,0,0,Yes,Govt_job,Rural,101.66,40.6,never smoked,0
91768,Male,47.7,0,0,Yes,Private,Urban,94.86,39.2,Unknown,0
96475,Female,14.8,0,0,No,Govt_job,Rural,108.11,24.5,Unknown,0
13209,Female,82.0,0,0,Yes,Govt_job,Urban,122.9,30.7,never smoked,0
34786,Male,45.4,0,0,Yes,Private,Rural,119.39,34.1,Unknown,0
9590,Female,54.5,0,0,Yes,Self-employed,Urban,84.0,28.7,formerly smoked,0
77057,Male,54.8,0,0,Yes,Private,Rural,95.52,26.6,never smoked,0
58610,Female,37.9,0,0,Yes,Private,Rural,71.73,15.5,Unknown,0
50473,Female,30.0,0,0,Yes,Self-employed,Rural,118.23,,never smoked,0
62993,Female,82.0,0,0,Yes,Self-employed,Rural,78.67,23.3,smokes,0
4522,Female,68.1,0,0,Yes,Private,Rural,55.0,19.0,Unknown,0
55269,Male,64.1,0,1,Yes,Private,Rural,86.88,29.3,never smoked,0
97369,Male,58.7,0,0,Yes,Self-employed,Rural,120.16,35.0,never smoked,0
45575,Female,23.9,0,0,No,Private,Rural,122.39,25.4,never smoked,0
30595,Female,74.1,0,0,Yes,Private,Rural,144.31,12.0,formerly smoked,0
3709,Male,27.5,0,0,Yes,Private,Urban,200.02,27.6,smokes,0
92842,Male,52.2,0,1,Yes,Private,Urban,103.01,30.6,Unknown,0
55721,Female,9.9,0,0,No,children,Urban,96.86,30.0,Unknown,0
7281,Female,1.1,0,0,No,children,Rural,107.4,23.1,smokes,0
82609,Male,53.0,0,0,Yes,Private,Rural,90.82,19.5,formerly smoked,0
96250,Female,28.2,0,0,No,Private,Urban,69.09,35.1,formerly smoked,0
16635,Male,2.2,0,0,No,children,Urban,67.27,31.1,smokes,0
73251,Female,57.9,0,0,Yes,Self-employed,Rural,99.27,23.4,never smoked,0
50231,Female,82.0,0,0,Yes,Private,Rural,159.45,17.2,formerly smoked,0
43516,Male,76.6,1,0,No,Self-employed,Urban,96.79,30.2,formerly smoked,0
36332,Female,40.3,0,0,Yes,Private,Urban,129.28,21.8,smokes,0
20902,Female,46.2,1,0,Yes,Private,Urban,157.47,31.4,never smoked,1
81453,Female,65.5,0,0,No,Self-employed,Urban,128.68,29.7,formerly smoked,0
5645,Male,70.7,1,0,Yes,Private,Rural,141.46,44.1,Unknown,0
91089,Male,38.4,0,0,Yes,Private,Urban,69.12,27.9,Unknown,0
58165,Female,46.8,0,0,Yes,Private,Urban,94.56,43.5,smokes,0
54804,Male,52.6,0,0,No,Private,Urban,60.65,29.1,Unknown,0
43415,Female,58.2,0,0,Yes,Private,Urban,83.51,23.5,Unknown,0
39879,Female,43.1,1,0,Yes,Private,Rural,74.91,20.6,Unknown,0
83403,Female,43.4,0,0,No,Private,Rural,120.5,21.9,Unknown,0
64410,Female,76.4,0,0,Yes,Govt_job,Urban,66.86,31.7,Unknown,1
26976,Female,72.6,0,1,Yes,Private,Urban,67.3,29.5,Unknown,0
92463,Male,56.5,0,0,Yes,Govt_job,Rural,100.83,14.7,never smoked,0
76269,Female,82.0,0,0,Yes,Private,Rural,55.0,36.2,formerly smoked,0
40472,Male,37.5,0,0,Yes,Self-employed,Urban,193.4,39.6,Unknown,0
35716,Male,81.7,0,0,Yes,Govt_job,Urban,93.89,14.6,never smoked,0
46930,Female,57.9,0,0,Yes,Private,Rural,148.25,36.1,never smoked,0
56653,Female,82.0,0,0,Yes,Private,Urban,68.47,41.1,formerly smoked,0
58702,Female,19.8,0,0,No,Private,Rural,114.16,15.0,smokes,0
46881,Female,30.8,0,0,Yes,Govt_job,Urban,122.0,25.0,Unknown,0
4119,Male,55.2,0,0,Yes,Self-employed,Urban,73.32,22.1,smokes,0
18376,Male,54.7,0,0,Yes,Govt_job,Rural,131.61,35.8,never smoked,0
37910,Male,82.0,0,0,Yes,Self-employed,Urban,82.75,25.4,Unknown,0
49977,Female,31.3,0,0,Yes,Govt_job,Rural,88.61,25.1,never smoked,0
66224,Female,65.9,0,0,No,Private,Urban,73.12,31.7,Unknown,0
87258,Female,71.6,0,0,No,Private,Rural,133.87,40.2,formerly smoked,0
93376,Male,61.5,0,0,No,Private,Rural,113.38,28.0,never smoked,0
76010,Female,24.9,0,0,Yes,Private,Rural,110.95,25.0,formerly smoked,0
99107,Female,77.0,0,0,Yes,Private,Urban,109.89,26.4,smokes,1
28492,Male,73.0,1,0,Yes,Private,Urban,120.25,33.4,Unknown,0
70401,Female,59.2,0,0,Yes,Private,Urban,81.42,18.5,smokes,0
71708,Female,50.5,0,0,Yes,Self-employed,Rural,128.2,28.4,Unknown,0
95320,Male,51.0,0,0,Yes,Private,Rural,77.27,21.5,formerly smoked,0
10614,Female,44.3,0,0,Yes,Private,Urban,110.5,19.5,never smoked,0
90997,Female,60.1,0,0,Yes,Private,Rural,98.0,13.9,formerly smoked,0
55315,Female,46.7,0,0,Yes,Private,Urban,86.91,24.6,smokes,0
45008,Female,27.3,0,0,Yes,Govt_job,Urban,98.88,36.6,never smoked,0
91956,Male,22.9,0,0,No,Private,Rural,110.91,13.6,never smoked,0
89028,Female,29.5,0,0,Yes,Self-employed,Urban,128.02,32.6,smokes,0
4269,Male,50.9,0,1,Yes,Private,Rural,104.84,23.6,formerly smoked,0
82542,Female,45.4,0,0,Yes,Private,Rural,138.98,20.5,Unknown,0
64036,Male,50.7,0,0,Yes,Private,Urban,82.98,31.1,never smoked,0
60948,Male,57.0,0,0,No,Private,Urban,93.76,38.3,formerly smoked,0
28476,Female,32.2,0,0,Yes,Self-employed,Urban,121.4,,formerly smoked,0
57505,Other,78.2,0,0,No,Private,Rural,68.58,30.6,Unknown,0
15760,Male,40.1,0,0,Yes,Private,Rural,210.39,28.0,never smoked,0
15188,Male,36.5,0,0,Yes,Govt_job,Urban,133.15,31.4,never smoked,0
24640,Female,56.6,0,0,Yes,Self-employed,Urban,70.24,47.1,never smoked,0
34736,Male,5.6,0,0,No,children,Rural,176.41,26.3,Unknown,0
68946,Female,28.6,0,0,Yes,Govt_job,Rural,83.3,37.0,never smoked,0
59217,Male,67.6,0,0,Yes,Private,Rural,171.02,24.1,Unknown,0
47433,Male,7.8,0,0,No,children,Urban,129.75,22.3,formerly smoked,0
22616,Female,70.6,0,0,Yes,Self-employed,Rural,63.92,41.8,Unknown,0
34702,Male,79.2,0,1,Yes,Private,Urban,76.1,28.5,never smoked,1
52127,Male,37.9,0,0,Yes,Govt_job,Rural,66.59,30.2,formerly smoked,0
34400,Male,52.4,0,0,Yes,Govt_job,Urban,93.26,32.6,Unknown,0
66540,Female,70.6,0,0,No,Private,Rural,138.5,21.8,never smoked,0
94924,Female,35.7,0,0,Yes,Self-employed,Rural,163.41,25.2,smokes,0
28058,Female,65.1,0,0,Yes,Private,Rural,72.8,23.7,Unknown,0
75317,Female,31.2,0,0,Yes,Self-employed,Rural,69.56,31.0,never smoked,0
18131,Male,35.5,0,0,Yes,Private,Rural,116.21,31.2,Unknown,0
20967,Female,28.4,0,0,No,Private,Rural,64.62,24.0,never smoked,0
75068,Male,53.5,1,0,Yes,Private,Rural,145.77,,never smoked,1
82388,Male,71.5,0,0,Yes,Private,Rural,125.89,28.3,never smoked,0
83527,Male,41.9,0,0,No,Private,Urban,105.43,29.3,Unknown,0
96457,Female,18.0,0,0,No,Private,Urban,135.92,38.6,never smoked,0
89755,Female,22.2,0,0,No,Self-employed,Rural,134.45,21.9,formerly smoked,0
95870,Male,54.7,1,0,Yes,Govt_job,Urban,83.76,24.6,Unknown,0
95884,Female,82.0,0,0,Yes,Govt_job,Rural,68.89,30.6,never smoked,0
68802,Female,54.7,0,0,No,Private,Urban,101.24,17.4,never smoked,0
11819,Male,37.5,0,0,Yes,Private,Rural,137.0,26.7,never smoked,0
51060,Female,62.9,0,0,Yes,Private,Rural,74.44,43.9,never smoked,0
29401,Male,40.7,0,0,Yes,Private,Rural,70.25,42.2,formerly smoked,0
69283,Female,37.7,0,0,Yes,Private,Urban,71.5,35.2,formerly smoked,0
23645,Female,24.9,0,0,Yes,Private,Rural,89.29,37.4,Unknown,0
4083,Male,77.0,0,0,Yes,Govt_job,Urban,55.0,32.2,Unknown,0
17099,Female,0.1,0,0,No,children,Rural,78.05,25.3,Unknown,0
88415,Male,63.6,0,0,Yes,Private,Urban,119.29,40.8,Unknown,0
7771,Male,35.8,0,0,Yes,Private,Rural,136.74,21.4,Unknown,0
41519,Female,37.0,0,0,Yes,Self-employed,Urban,193.83,35.8,never smoked,0
73917,Female,82.0,0,0,No,Private,Rural,99.91,24.7,never smoked,0
82402,Female,30.3,0,0,Yes,Private,Rural,84.86,25.1,formerly smoked,0
16358,Male,31.0,0,0,No,Private,Urban,179.15,32.5,formerly smoked,0
9659,Male,43.1,1,0,Yes,Private,Rural,55.0,43.8,Unknown,0
50683,Female,55.1,0,0,Yes,Private,Urban,103.73,39.2,smokes,0
26552,Female,36.3,0,0,Yes,Private,Rural,104.7,31.0,Unknown,0
89606,Female,11.4,0,0,No,children,Rural,152.5,29.0,never smoked,0
6458,Female,27.0,0,0,No,Self-employed,Urban,58.92,34.4,smokes,0
79581,Female,74.2,0,0,Yes,Private,Urban,106.4,38.7,smokes,0
63111,Female,47.6,0,0,Yes,Self-employed,Urban,66.65,15.3,never smoked,0
61571,Male,55.9,0,0,Yes,Private,Rural,55.0,27.5,Unknown,0
21142,Female,40.2,0,0,Yes,Private,Rural,76.05,20.6,smokes,0
69515,Female,31.5,0,0,Yes,Private,Rural,167.58,26.9,never smoked,0
97270,Male,82.0,0,0,Yes,Self-employed,Rural,59.05,19.1,formerly smoked,1
47730,Male,41.9,0,0,No,Private,Urban,89.2,15.0,smokes,0
71662,Female,36.2,0,0,Yes,Govt_job,Rural,132.59,18.6,Unknown,0
90265,Male,70.1,0,0,Yes,Private,Rural,77.58,24.3,formerly smoked,0
37090,Female,30.1,0,0,Yes,Private,Rural,192.73,32.9,Unknown,0
59631,Male,32.9,0,0,Yes,Private,Rural,102.42,22.4,never smoked,0
11405,Female,46.2,0,0,Yes,Self-employed,Rural,57.05,22.0,never smoked,0
63007,Male,46.0,0,0,Yes,Private,Rural,75.57,31.5,never smoked,0
70689,Female,51.7,0,0,Yes,Private,Urban,58.45,30.7,formerly smoked,0
213,Male,82.0,0,0,Yes,Private,Urban,78.73,41.3,never smoked,0
21658,Male,53.4,0,0,Yes,Private,Rural,93.21,35.5,smokes,0
70304,Female,0.1,0,0,No,children,Urban,133.51,20.8,Unknown,0
44943,Female,53.2,0,0,Yes,Self-employed,Urban,206.76,23.5,Unknown,0
36498,Male,46.8,0,0,No,Self-employed,Rural,94.36,34.1,formerly smoked,1
46946,Female,47.0,0,0,No,Private,Rural,126.31,21.9,Unknown,0
71533,Male,51.4,0,0,Yes,Private,Rural,98.7,26.1,Unknown,0
70186,Male,45.4,0,0,Yes,Private,Urban,74.14,15.7,formerly smoked,0
47400,Female,44.8,0,0,No,Never_worked,Rural,82.1,18.7,never smoked,0
10827,Female,59.5,0,1,Yes,Govt_job,Urban,162.21,37.9,never smoked,0
29788,Male,34.1,0,0,Yes,Private,Rural,87.51,29.8,never smoked,0
9078,Female,25.2,0,0,No,Private,Urban,172.6,23.8,Unknown,0
14492,Male,82.0,0,0,Yes,Private,Urban,105.4,24.8,never smoked,0
76825,Female,30.3,0,0,No,Private,Urban,108.44,41.4,never smoked,0
83122,Female,48.2,1,1,No,Private,Urban,158.59,23.6,Unknown,0
86698,Female,13.1,0,0,No,children,Urban,111.09,32.1,Unknown,0
24845,Female,48.6,1,0,Yes,Private,Rural,55.0,35.0,never smoked,0
18332,Male,25.5,0,0,No,Self-employed,Urban,79.21,39.3,smokes,0
97810,Female,36.3,0,0,Yes,Private,Urban,108.04,22.1,formerly smoked,0
71121,Male,69.0,0,0,Yes,Private,Urban,112.28,18.0,never smoked,0
33491,Male,56.4,0,0,Yes,Private,Rural,111.35,20.2,formerly smoked,0
57614,Female,58.5,0,0,Yes,Private,Urban,99.9,34.0,Unknown,1
23943,Female,7.0,0,0,No,children,Rural,106.83,43.4,never smoked,0
41961,Male,82.0,0,0,No,Private,Rural,155.63,34.2,never smoked,0
98345,Male,19.8,0,0,No,Private,Rural,90.39,23.6,Unknown,0
27611,Female,79.6,1,0,Yes,Private,Urban,108.0,37.4,Unknown,0
48421,Female,68.5,0,0,Yes,Private,Rural,138.92,25.0,formerly smoked,0
86441,Male,58.7,0,0,No,Self-employed,Urban,140.82,22.3,never smoked,0
81920,Female,27.2,0,0,Yes,Private,Urban,68.32,26.0,never smoked,0
11735,Male,49.3,0,0,Yes,Govt_job,Rural,55.0,24.1,never smoked,0
78710,Female,35.6,0,0,Yes,Govt_job,Urban,130.66,23.2,never smoked,0
5319,Male,46.6,0,0,Yes,Private,Urban,117.89,37.7,smokes,0
1178,Female,40.5,0,0,Yes,Govt_job,Rural,103.13,24.6,never smoked,0
92252,Male,1.2,0,0,No,children,Urban,134.76,16.6,never smoked,0
91265,Female,70.7,0,0,Yes,Self-employed,Rural,95.81,32.9,Unknown,0
59914,Female,44.2,0,0,No,Self-employed,Urban,116.2,21.3,never smoked,0
92237,Female,35.3,0,0,Yes,Private,Rural,87.62,21.6,never smoked,0
9037,Male,33.7,0,0,Yes,Private,Rural,78.6,33.8,smokes,0
13901,Female,53.9,0,0,Yes,Private,Urban,94.9,23.1,never smoked,0
81595,Female,26.3,0,0,Yes,Private,Rural,59.71,25.1,smokes,0
91998,Male,0.1,0,0,No,children,Rural,76.44,28.8,never smoked,0
1119,Female,55.0,1,0,Yes,Private,Rural,109.85,26.4,never smoked,0
89006,Female,57.4,0,0,Yes,Private,Urban,117.43,25.3,formerly smoked,0
11847,Male,41.6,0,0,Yes,Private,Urban,149.56,11.0,smokes,0
16680,Male,20.7,0,0,No,Private,Urban,99.86,27.2,never smoked,0
12654,Male,48.0,0,0,Yes,Never_worked,Urban,77.86,40.6,Unknown,0
54724,Female,13.8,0,0,No,children,Rural,66.83,33.2,Unknown,0
92855,Female,23.4,0,0,No,Self-employed,Rural,145.65,25.7,formerly smoked,0
21651,Male,29.5,0,0,Yes,Private,Urban,108.42,32.0,never smoked,0
45932,Female,64.6,0,0,Yes,Private,Rural,98.32,33.2,never smoked,0
51423,Male,38.0,0,0,Yes,Private,Urban,109.57,22.2,Unknown,0
67167,Female,36.1,0,0,Yes,Self-employed,Rural,135.28,37.9,never smoked,0
66551,Male,82.0,0,0,Yes,Self-employed,Urban,164.59,29.7,never smoked,0
61121,Male,53.8,1,0,Yes,Private,Rural,71.3,26.2,never smoked,0
89647,Female,53.5,0,0,No,Private,Rural,95.58,40.4,never smoked,1
8202,Female,37.9,1,0,Yes,Never_worked,Rural,139.25,13.0,never smoked,0
36637,Female,32.9,0,0,Yes,Private,Urban,65.05,19.7,never smoked,0
8070,Female,0.1,0,0,No,children,Urban,185.26,33.3,Unknown,0
12834,Male,67.3,0,0,Yes,Private,Urban,95.21,33.6,never smoked,0
93732,Female,55.9,0,0,Yes,Govt_job,Rural,194.6,40.9,Unknown,0
70197,Female,42.1,0,0,No,Govt_job,Urban,61.77,11.6,formerly smoked,0
74455,Female,43.0,0,0,Yes,Self-employed,Rural,143.84,34.9,never smoked,0
2277,Male,62.2,0,0,Yes,Private,Rural,82.01,19.2,Unknown,0
5740,Female,11.8,0,0,No,children,Urban,104.01,31.6,smokes,0
98831,Female,33.0,0,0,No,Private,Urban,126.38,28.0,smokes,0
79520,Male,21.0,0,0,No,Private,Urban,139.78,34.9,never smoked,0
10080,Female,82.0,0,0,Yes,Private,Rural,119.59,26.7,smokes,1
65778,Female,65.3,0,0,Yes,Private,Urban,102.24,36.1,Unknown,0
3563,Male,0.1,0,0,No,children,Rural,108.81,22.3,Unknown,0
36035,Female,12.7,0,0,No,children,Rural,233.16,27.9,smokes,0
81763,Male,43.1,0,0,No,Self-employed,Rural,147.58,29.9,formerly smoked,0
72995,Male,35.6,0,0,Yes,Govt_job,Urban,73.72,,Unknown,0
59588,Male,16.9,0,0,No,Self-employed,Urban,108.09,,never smoked,0
42020,Female,82.0,0,0,Yes,Govt_job,Urban,121.89,30.0,formerly smoked,1
88981,Female,52.9,0,0,Yes,Govt_job,Rural,55.0,33.3,Unknown,0
34297,Female,56.4,0,0,Yes,Private,Urban,153.69,36.6,never smoked,0
55290,Female,30.8,0,0,Yes,Private,Urban,76.3,31.3,never smoked,0
52782,Female,61.9,0,0,Yes,Self-employed,Rural,84.39,20.8,never smoked,0
42124,Male,37.6,0,0,No,Private,Urban,68.73,33.2,never smoked,0
84731,Male,39.8,0,0,Yes,Private,Urban,144.28,28.3,Unknown,0
44504,Female,59.4,0,0,Yes,Private,Rural,128.51,25.9,Unknown,0
33206,Male,10.2,0,0,No,children,Urban,146.96,22.6,Unknown,0
57085,Male,81.1,1,0,Yes,Govt_job,Urban,177.17,32.8,Unknown,0
20336,Male,50.0,0,0,Yes,Private,Urban,112.86,32.3,never smoked,0
42208,Male,74.2,0,0,Yes,Self-employed,Urban,88.42,,Unknown,0
98477,Male,22.3,0,0,No,Private,Urban,113.54,20.2,never smoked,0
94879,Female,25.7,0,0,Yes,Private,Urban,84.16,42.7,Unknown,0
54601,Female,20.4,0,0,No,Govt_job,Rural,125.54,35.0,Unknown,0
39136,Male,51.5,0,0,Yes,Private,Urban,155.53,29.2,Unknown,0
16276,Male,47.5,0,0,Yes,Private,Urban,77.99,33.0,Unknown,0
69882,Male,35.8,0,0,Yes,Private,Urban,113.87,25.0,never smoked,0
14624,Male,23.7,0,0,No,Private,Rural,101.39,27.2,Unknown,0
28431,Female,18.1,0,0,No,Private,Urban,103.78,28.7,never smoked,0
10732,Female,44.9,0,0,Yes,Private,Rural,143.35,35.7,smokes,0
90156,Male,35.8,0,0,Yes,Private,Rural,122.62,17.9,never smoked,0
91312,Female,30.9,0,0,Yes,Private,Urban,95.77,,formerly smoked,0
8077,Female,80.0,0,0,Yes,Private,Urban,99.77,19.3,Unknown,0
32288,Male,44.2,0,0,No,Private,Rural,108.57,34.9,never smoked,0
34030,Male,73.9,0,0,No,Self-employed,Urban,106.26,27.7,never smoked,0
96130,Female,34.3,0,0,Yes,Private,Rural,108.51,21.6,never smoked,0
10727,Male,51.4,0,0,Yes,Private,Rural,135.04,26.8,never smoked,0
36300,Female,44.8,0,0,Yes,Private,Rural,68.3,23.8,never smoked,0
65761,Male,8.7,0,0,No,children,Rural,123.13,17.7,Unknown,0
11896,Female,77.4,0,0,Yes,Self-employed,Urban,127.62,38.0,Unknown,0
71649,Male,43.0,0,0,Yes,Private,Rural,190.53,27.4,formerly smoked,0
20672,Female,62.4,0,0,No,Private,Urban,102.09,38.1,never smoked,0
33581,Female,29.5,0,0,Yes,Private,Urban,122.43,17.6,formerly smoked,0
24801,Female,42.4,0,0,Yes,Self-employed,Urban,142.95,32.3,Unknown,0
60493,Female,26.9,0,0,Yes,Private,Urban,121.58,17.7,formerly smoked,0
39100,Female,73.2,0,0,Yes,Private,Urban,55.0,46.8,formerly smoked,0
38013,Male,52.9,0,0,Yes,Self-employed,Urban,55.0,15.5,formerly smoked,0
99162,Male,54.1,0,0,Yes,Self-employed,Urban,99.0,42.0,never smoked,0
27014,Female,75.9,0,0,Yes,Private,Rural,105.68,28.4,never smoked,0
41456,Male,71.4,0,0,Yes,Private,Rural,117.36,27.1,Unknown,1
26903,Male,62.8,0,0,No,Private,Rural,66.51,32.9,never smoked,0
93426,Male,14.7,0,0,No,Govt_job,Urban,129.03,21.5,smokes,0
3811,Female,30.7,0,0,Yes,Private,Urban,66.85,34.4,formerly smoked,0
93044,Female,23.9,0,0,No,Private,Rural,121.0,34.9,never smoked,0
47550,Male,62.0,0,0,Yes,Private,Urban,74.09,28.6,smokes,0
64611,Female,49.8,0,0,Yes,Self-employed,Urban,55.0,30.4,never smoked,0
83177,Female,15.4,0,0,No,Self-employed,Urban,126.77,43.0,never smoked,0
71888,Male,41.8,0,0,Yes,Self-employed,Urban,143.22,33.4,formerly smoked,0
934,Female,13.1,0,0,No,children,Urban,80.14,22.6,smokes,0
83120,Male,44.8,0,0,Yes,Private,Rural,120.34,34.1,Unknown,0
40344,Female,9.6,0,0,No,children,Urban,111.5,24.5,Unknown,0
70520,Male,57.6,1,0,Yes,Private,Urban,86.83,23.0,formerly smoked,0
82058,Male,54.3,0,0,Yes,Private,Rural,65.55,,never smoked,0
72421,Male,82.0,0,0,Yes,Private,Rural,129.92,20.9,never smoked,0
35265,Male,64.7,0,0,Yes,Self-employed,Urban,181.03,28.8,never smoked,0
61781,Male,36.7,1,0,Yes,Private,Urban,103.72,33.6,never smoked,0
38238,Female,64.0,0,0,No,Private,Urban,55.0,42.8,never smoked,1
70571,Male,15.3,0,0,No,Private,Rural,55.0,33.3,Unknown,0
76342,Male,24.8,0,0,No,Private,Rural,108.25,17.5,smokes,0
99487,Female,53.3,0,0,Yes,Self-employed,Urban,59.89,18.6,never smoked,0
33340,Female,0.1,0,0,No,children,Urban,55.65,41.4,smokes,0
94340,Female,45.2,0,0,Yes,Private,Urban,78.2,23.7,Unknown,1
4785,Male,23.6,0,0,No,Private,Rural,128.74,17.1,never smoked,0
33249,Male,48.2,0,0,No,Private,Urban,125.11,21.0,never smoked,0
25688,Female,22.3,0,0,No,Private,Urban,131.44,34.5,formerly smoked,0
37978,Female,55.3,0,0,Yes,Private,Rural,87.59,29.3,never smoked,0
34114,Female,46.4,0,0,Yes,Private,Rural,89.75,33.4,never smoked,0
91915,Female,76.8,0,0,Yes,Private,Rural,146.49,28.3,smokes,1
13513,Male,46.1,0,0,No,Private,Urban,93.85,20.2,smokes,0
97725,Female,29.1,0,0,Yes,Govt_job,Rural,65.07,15.1,Unknown,0
38062,Female,40.6,0,0,Yes,Private,Urban,79.64,22.2,never smoked,0
53293,Female,16.4,0,0,No,Private,Urban,132.17,29.4,Unknown,0
8376,Male,54.9,0,0,Yes,Private,Rural,119.54,19.6,never smoked,0
36801,Male,59.0,0,0,Yes,Private,Rural,98.47,35.9,never smoked,0
37369,Female,82.0,0,0,Yes,Private,Rural,58.37,21.0,never smoked,1
17541,Female,32.3,0,0,Yes,Self-employed,Rural,119.22,16.1,never smoked,0
32654,Female,40.1,0,0,No,Private,Urban,92.25,28.5,Unknown,0
69306,Female,33.3,0,0,Yes,Private,Rural,64.76,34.2,never smoked,0
66798,Male,50.7,0,0,Yes,Private,Urban,131.08,,never smoked,0
40019,Female,54.4,1,0,Yes,Govt_job,Urban,101.98,16.4,smokes,1
38637,Female,44.8,0,0,Yes,Private,Urban,106.48,39.2,never smoked,0
43877,Female,69.9,0,0,Yes,Private,Urban,154.04,,smokes,0
2287,Female,32.4,0,0,No,Self-employed,Urban,115.48,23.8,Unknown,0
23842,Female,67.7,1,0,Yes,Private,Rural,135.79,,never smoked,0
25757,Female,57.8,0,1,Yes,Private,Rural,104.1,38.7,never smoked,0
2662,Female,45.7,1,0,Yes,Self-employed,Rural,144.36,15.9,formerly smoked,0
65793,Female,39.1,0,0,No,Private,Rural,69.71,25.3,Unknown,0
58000,Female,82.0,0,0,Yes,Private,Urban,58.37,24.4,Unknown,0
70203,Male,28.0,0,0,Yes,Private,Rural,67.12,33.2,Unknown,0
79342,Female,52.6,1,0,Yes,Private,Urban,97.97,39.5,smokes,0
18896,Female,29.5,0,0,Yes,Govt_job,Urban,127.74,29.1,formerly smoked,0
48684,Female,82.0,0,0,Yes,Private,Urban,86.2,26.3,Unknown,0
23173,Male,65.5,0,0,Yes,Govt_job,Rural,126.46,31.8,Unknown,0
9120,Male,31.1,0,0,No,Self-employed,Urban,108.35,26.7,never smoked,0
1180,Male,57.3,0,0,Yes,Private,Rural,192.03,12.2,Unknown,0
23648,Male,51.7,0,0,Yes,Private,Rural,109.36,32.4,Unknown,0
55070,Male,34.6,0,0,Yes,Private,Urban,83.1,35.9,Unknown,0
50670,Female,62.7,0,0,Yes,Private,Urban,122.14,36.6,Unknown,0
82334,Male,54.6,0,0,Yes,Private,Urban,105.72,19.8,Unknown,0
79527,Male,50.7,0,0,Yes,Govt_job,Rural,69.76,33.1,Unknown,0
6013,Female,45.1,0,0,Yes,Private,Rural,97.99,40.0,never smoked,0
66914,Female,55.5,0,0,No,Self-employed,Rural,97.31,47.5,smokes,0
1267,Female,51.0,0,0,Yes,Private,Rural,99.21,32.1,Unknown,0
89138,Female,47.3,0,0,Yes,Private,Urban,71.37,35.9,smokes,0
32814,Male,31.9,0,0,No,Private,Urban,181.96,21.1,Unknown,0
69443,Female,82.0,0,0,Yes,Private,Urban,60.45,20.1,never smoked,0
56046,Male,22.9,0,0,No,Private,Rural,155.03,35.9,never smoked,0
72655,Male,55.4,0,0,No,Private,Urban,102.52,13.2,never smoked,0
6393,Female,39.0,0,0,Yes,Private,Rural,75.53,29.7,never smoked,0
59192,Female,82.0,0,0,Yes,Private,Urban,171.67,39.2,smokes,0
55019,Male,26.1,0,0,Yes,Private,Rural,55.0,33.8,formerly smoked,0
72557,Male,29.8,0,0,No,Private,Urban,75.21,33.8,never smoked,0
25314,Female,24.7,0,0,Yes,Private,Rural,95.81,28.1,Unknown,0
25834,Female,53.1,0,0,No,Private,Urban,78.78,25.4,smokes,0
61617,Male,15.8,0,0,No,Self-employed,Urban,99.61,44.7,never smoked,0
51825,Male,35.5,0,0,Yes,Self-employed,Urban,124.46,,formerly smoked,0
14444,Female,0.1,0,0,No,children,Urban,65.44,34.8,Unknown,0
45241,Female,51.3,0,0,No,Private,Urban,111.34,28.7,never smoked,0
24702,Male,35.0,0,0,Yes,Self-employed,Rural,128.47,24.1,Unknown,0
11412,Female,13.3,0,0,No,children,Urban,67.86,36.6,smokes,0
92731,Female,69.9,1,0,Yes,Private,Rural,116.33,26.2,Unknown,0
66173,Male,17.2,0,0,No,Private,Rural,97.01,29.1,never smoked,0
18470,Female,63.5,0,0,Yes,Govt_job,Urban,72.48,33.1,Unknown,0
60651,Female,30.6,0,0,Yes,Private,Urban,74.75,30.1,never smoked,0
90096,Male,81.2,0,1,No,Private,Rural,75.04,40.1,Unknown,0
30639,Male,62.5,0,0,Yes,Private,Rural,87.25,18.6,never smoked,0
16061,Female,23.8,0,0,No,Private,Rural,87.66,29.0,never smoked,0
15451,Female,25.8,0,0,Yes,Private,Urban,156.99,44.5,smokes,0
20507,Female,59.3,0,0,Yes,Self-employed,Urban,114.01,35.2,never smoked,1
7070,Male,40.2,0,0,Yes,Private,Urban,115.13,27.0,never smoked,0
27423,Male,42.3,0,0,Yes,Private,Urban,106.49,34.5,never smoked,0
20778,Male,74.0,0,0,Yes,Private,Rural,109.43,28.1,Unknown,0
36665,Male,29.5,0,0,Yes,Private,Urban,117.73,39.5,formerly smoked,0
80086,Male,48.0,0,1,Yes,Private,Rural,69.19,34.7,formerly smoked,0
13130,Male,67.0,0,0,No,Self-employed,Urban,98.44,22.0,never smoked,0
87844,Female,63.8,0,0,Yes,Private,Rural,75.81,30.3,smokes,0
96932,Male,42.5,0,0,Yes,Govt_job,Rural,139.02,31.6,smokes,0
23208,Male,39.6,0,0,Yes,Private,Urban,84.62,32.0,never smoked,0
13510,Female,7.7,0,0,No,children,Urban,118.24,30.9,never smoked,0
25726,Female,22.8,0,0,No,Govt_job,Urban,125.23,32.7,smokes,0
71776,Male,53.0,0,0,Yes,Private,Rural,111.75,31.6,never smoked,0
34927,Female,43.0,0,0,Yes,Private,Rural,107.83,23.1,Unknown,0
67424,Male,47.6,0,0,Yes,Self-employed,Urban,102.31,25.1,never smoked,0
73226,Female,68.9,1,0,No,Govt_job,Urban,135.24,26.6,never smoked,0
46038,Female,19.9,0,0,No,Private,Rural,77.75,29.2,never smoked,0
33280,Female,40.8,0,0,Yes,Private,Rural,114.59,26.6,smokes,0
88111,Male,50.2,0,0,Yes,Govt_job,Urban,55.0,36.8,never smoked,0
78772,Female,30.5,0,0,Yes,Private,Rural,83.29,21.3,never smoked,0
44351,Male,77.5,0,0,Yes,Private,Rural,86.8,15.5,never smoked,0
54215,Female,66.0,0,0,Yes,Private,Urban,62.38,43.3,never smoked,0
85105,Female,52.4,0,0,Yes,Private,Urban,107.89,22.4,never smoked,0
64317,Female,82.0,0,0,Yes,Govt_job,Urban,79.44,36.8,formerly smoked,0
57612,Female,13.0,0,0,No,children,Rural,148.33,33.1,smokes,0
93546,Male,45.8,0,0,Yes,Private,Rural,94.25,,never smoked,0
84486,Male,54.1,0,0,Yes,Self-employed,Urban,124.24,27.5,never smoked,0
28159,Female,25.9,0,0,No,Govt_job,Urban,140.01,26.4,Unknown,0
96765,Female,52.6,1,0,Yes,Self-employed,Rural,127.17,31.2,smokes,0
50779,Male,21.7,0,0,No,Private,Urban,89.84,22.7,Unknown,0
57783,Male,61.2,1,0,Yes,Self-employed,Urban,110.15,27.2,never smoked,0
82848,Female,69.3,1,0,Yes,Private,Urban,70.53,28.2,formerly smoked,0
45087,Male,52.0,0,0,Yes,Govt_job,Urban,124.91,36.8,never smoked,0
68423,Female,5.2,0,0,No,children,Rural,194.76,25.4,Unknown,0
9406,Female,24.7,0,0,No,Private,Rural,136.18,21.2,Unknown,0
15789,Male,58.4,0,0,No,Private,Urban,88.53,24.4,smokes,0
27805,Male,46.5,0,0,Yes,Private,Urban,91.28,31.3,never smoked,0
30191,Male,0.1,0,0,No,children,Urban,138.13,15.2,smokes,0
58161,Female,73.3,0,0,Yes,Self-employed,Rural,55.0,37.5,Unknown,0
45123,Female,49.0,0,0,Yes,Govt_job,Rural,65.89,28.6,smokes,0
48860,Male,28.0,0,0,Yes,Private,Rural,80.76,31.7,Unknown,0
85381,Female,67.9,0,0,Yes,Self-employed,Urban,83.05,30.1,smokes,0
30168,Female,31.1,0,0,Yes,Self-employed,Urban,55.0,23.5,never smoked,0
47988,Male,30.9,0,0,Yes,Self-employed,Rural,116.57,,Unknown,0
84660,Female,53.9,1,0,Yes,Private,Rural,96.96,23.2,never smoked,0
53536,Female,82.0,1,0,Yes,Self-employed,Rural,97.22,17.2,Unknown,0
97325,Female,81.7,1,0,Yes,Private,Urban,114.27,31.1,never smoked,1
87752,Male,53.9,0,0,Yes,Private,Urban,59.19,27.3,smokes,0
5007,Female,56.2,0,0,Yes,Private,Rural,99.03,17.0,never smoked,0
10492,Female,63.4,0,0,No,Private,Rural,58.85,23.9,never smoked,0
89581,Female,18.3,0,0,No,Private,Urban,116.48,33.4,Unknown,0
89072,Female,60.2,0,0,No,Private,Urban,144.2,38.2,Unknown,0
23557,Female,29.9,0,0,No,Private,Rural,124.7,18.9,Unknown,0
18787,Male,53.0,0,0,Yes,Private,Rural,83.48,44.7,smokes,0
72476,Female,41.0,0,0,Yes,Private,Rural,120.21,21.3,never smoked,0
50684,Female,57.0,0,0,Yes,Private,Rural,93.25,15.7,never smoked,0
12375,Female,48.6,0,0,Yes,Private,Urban,104.45,41.7,formerly smoked,0
53487,Female,0.1,0,0,No,children,Rural,117.95,20.7,never smoked,0
39604,Female,49.9,0,0,Yes,Private,Rural,55.0,39.9,formerly smoked,0
26287,Male,60.1,0,0,No,Private,Rural,55.0,23.5,never smoked,0
48308,Male,55.8,0,0,Yes,Private,Urban,95.45,26.3,Unknown,0
50059,Male,43.7,0,1,Yes,Govt_job,Rural,77.2,18.7,never smoked,0
39178,Female,82.0,1,0,No,Private,Rural,108.01,38.1,Unknown,1
39660,Male,52.9,0,0,Yes,Private,Rural,105.54,37.1,smokes,0
97803,Male,55.6,0,0,Yes,Private,Urban,55.0,23.5,smokes,0
38395,Female,69.0,0,0,Yes,Private,Rural,83.7,27.9,smokes,1
54316,Female,54.0,0,0,Yes,Private,Urban,90.43,33.5,Unknown,0
87106,Male,26.2,0,0,No,Private,Urban,71.41,25.0,smokes,0
84595,Female,0.1,0,0,No,children,Urban,109.74,38.7,never smoked,0
66042,Female,35.5,0,0,Yes,Private,Urban,129.68,27.7,never smoked,0
4419,Male,62.7,0,0,No,Private,Rural,59.88,24.6,Unknown,0
88821,Female,38.2,0,0,Yes,Self-employed,Rural,127.49,16.6,formerly smoked,0
45088,Male,63.6,1,0,Yes,Private,Rural,122.41,18.8,Unknown,0
33930,Female,49.3,0,0,Yes,Private,Urban,124.35,32.9,formerly smoked,0
57817,Female,74.3,0,0,Yes,Private,Rural,145.34,30.3,Unknown,0
90727,Female,39.5,0,0,Yes,Private,Urban,83.75,34.6,formerly smoked,0
40046,Female,56.3,0,0,No,Private,Rural,138.03,24.3,formerly smoked,0
89367,Male,57.1,0,0,Yes,Govt_job,Urban,146.14,16.2,Unknown,0
30930,Male,79.0,0,0,Yes,Private,Rural,62.33,24.8,formerly smoked,0
20350,Male,8.5,0,0,No,children,Urban,105.66,43.8,never smoked,0
96236,Female,35.9,0,0,Yes,Private,Rural,104.29,21.3,formerly smoked,0
73600,Female,64.7,1,0,Yes,Private,Rural,157.16,28.2,never smoked,1
33412,Female,80.0,0,0,Yes,Private,Rural,213.29,11.0,never smoked,0
86197,Female,51.3,1,0,Yes,Private,Urban,132.82,24.6,smokes,0
23746,Male,39.6,0,0,Yes,Private,Urban,183.45,25.4,never smoked,0
30591,Female,62.7,1,0,Yes,Govt_job,Rural,86.66,31.0,formerly smoked,0
34907,Female,65.1,0,0,Yes,Self-employed,Rural,120.98,26.1,smokes,0
33001,Female,38.1,0,0,No,Self-employed,Urban,99.28,17.1,never smoked,0
93512,Male,53.3,0,0,No,Private,Urban,117.27,23.5,never smoked,0
85595,Female,72.0,0,0,Yes,Govt_job,Urban,125.51,27.0,smokes,0
84469,Male,82.0,0,0,No,Private,Rural,132.54,21.0,Unknown,0
90856,Male,62.3,0,0,Yes,Private,Urban,90.93,,never smoked,0
25881,Male,47.0,0,0,No,Private,Urban,96.39,36.0,never smoked,0
42102,Female,44.8,0,0,Yes,Private,Rural,129.03,23.8,Unknown,0
59757,Female,58.3,1,0,Yes,Private,Urban,119.88,31.8,Unknown,1
8260,Female,43.5,0,0,Yes,Private,Urban,81.23,27.2,Unknown,0
45353,Male,50.2,0,0,Yes,Private,Rural,97.27,19.3,never smoked,0
29921,Male,22.7,0,0,No,Private,Rural,141.36,26.0,Unknown,0
16263,Male,74.5,0,0,Yes,Self-employed,Urban,73.66,30.7,Unknown,1
29015,Female,20.9,0,0,No,Private,Urban,100.58,41.5,never smoked,0
50373,Female,36.5,0,1,Yes,Private,Rural,65.09,22.7,smokes,0
69188,Male,48.1,0,1,No,Private,Rural,145.52,27.9,never smoked,0
28097,Female,82.0,0,0,Yes,Private,Rural,217.21,35.3,formerly smoked,1
7691,Female,36.7,0,0,Yes,Private,Urban,158.41,38.0,smokes,0
89206,Male,31.3,0,0,Yes,Private,Rural,85.56,23.6,never smoked,0
37428,Female,33.9,0,0,Yes,Private,Urban,85.41,27.3,Unknown,0
16272,Female,82.0,0,0,Yes,Private,Rural,142.9,36.8,Unknown,1
73376,Female,0.1,0,0,No,children,Rural,136.94,32.3,Unknown,0
91925,Female,23.9,0,0,No,Private,Urban,166.21,36.3,never smoked,0
10612,Male,82.0,1,0,Yes,Private,Rural,110.27,37.3,smokes,1
65880,Female,59.0,1,0,Yes,Self-employed,Urban,78.14,32.7,Unknown,0
16894,Female,21.7,0,0,No,Private,Rural,103.07,29.6,never smoked,0
54867,Female,45.1,0,0,No,Private,Rural,98.03,23.5,smokes,0
55655,Female,47.5,0,0,No,Private,Urban,200.48,26.7,never smoked,0
3559,Male,64.6,0,0,Yes,Private,Urban,126.09,27.2,smokes,0
72217,Male,82.0,0,0,Yes,Private,Urban,55.02,37.5,smokes,0
10775,Female,54.5,0,0,No,Govt_job,Urban,127.71,29.8,Unknown,0
2615,Female,34.1,0,0,Yes,Private,Urban,146.01,29.9,formerly smoked,0
47777,Female,63.3,0,0,Yes,Private,Urban,138.37,21.0,Unknown,0
88421,Female,30.6,0,0,Yes,Self-employed,Rural,135.64,37.5,never smoked,0
41358,Female,23.3,0,0,No,Private,Rural,111.2,22.7,smokes,0
51843,Male,7.3,0,0,No,children,Urban,96.46,26.4,Unknown,0
38748,Female,11.6,0,0,No,children,Rural,68.73,38.3,Unknown,0
84907,Female,26.3,0,0,Yes,Private,Urban,170.06,35.1,Unknown,0
90830,Female,20.1,0,0,No,Private,Urban,122.3,22.1,smokes,0
39888,Male,52.9,0,0,No,Govt_job,Rural,86.19,20.4,smokes,0
39487,Female,19.6,0,0,No,Private,Urban,107.21,27.0,Unknown,0
63704,Male,0.1,0,0,No,children,Urban,68.95,24.2,never smoked,0
69663,Female,23.0,0,0,No,Private,Rural,106.89,17.5,Unknown,0
15473,Male,35.6,0,0,No,Govt_job,Urban,153.08,22.9,Unknown,0
28626,Male,32.7,0,0,Yes,Private,Urban,127.9,11.0,Unknown,0
62071,Female,79.4,0,1,Yes,Self-employed,Rural,144.31,35.3,formerly smoked,0
62417,Female,32.5,0,0,Yes,Private,Urban,140.67,34.8,formerly smoked,0
11141,Female,65.4,0,1,Yes,Private,Rural,118.87,39.1,never smoked,1
85286,Male,45.6,0,0,Yes,Private,Urban,98.61,31.1,Unknown,0
38840,Male,45.1,0,0,No,Private,Urban,91.51,25.1,formerly smoked,0
84698,Female,27.6,0,0,No,Private,Rural,165.91,36.2,smokes,0
43950,Female,44.7,0,0,Yes,Govt_job,Rural,123.74,23.2,never smoked,0
11462,Female,29.2,0,0,Yes,Private,Urban,120.68,18.6,smokes,0
43103,Female,49.7,0,0,No,Private,Rural,123.5,27.4,never smoked,0
51783,Male,40.8,0,0,Yes,Private,Urban,94.57,31.6,smokes,0
89548,Female,25.2,0,0,Yes,Private,Rural,118.26,,Unknown,0
51297,Female,67.8,0,0,Yes,Private,Rural,83.4,20.6,smokes,0
19726,Male,55.4,0,0,Yes,Private,Rural,88.84,25.4,never smoked,0
31781,Male,36.1,0,0,Yes,Self-employed,Urban,129.67,31.6,Unknown,0
50569,Male,49.2,0,0,Yes,Private,Urban,122.28,27.4,smokes,0
15055,Female,44.2,0,0,Yes,Private,Rural,55.0,48.3,never smoked,0
6527,Male,26.9,0,0,Yes,Govt_job,Urban,131.04,27.5,never smoked,0
73954,Female,47.6,0,0,Yes,Private,Rural,137.24,34.1,Unknown,0
28883,Female,32.3,0,0,Yes,Private,Urban,94.9,,Unknown,0
80824,Female,25.2,0,0,Yes,Private,Rural,104.34,,Unknown,0
96704,Male,10.3,0,0,No,children,Urban,127.76,25.0,Unknown,0
22543,Female,38.1,0,0,No,Private,Urban,80.16,28.4,formerly smoked,0
31524,Male,58.5,0,0,No,Private,Rural,55.0,41.2,formerly smoked,0
18947,Male,30.7,0,0,Yes,Govt_job,Urban,59.51,25.7,Unknown,0
98638,Male,82.0,0,1,Yes,Govt_job,Urban,87.7,18.7,formerly smoked,0
95869,Male,65.5,0,0,No,Govt_job,Rural,95.41,19.9,Unknown,0
11329,Male,74.7,0,0,Yes,Self-employed,Urban,116.73,29.8,smokes,0
45921,Female,63.5,0,0,No,Private,Urban,146.79,29.4,never smoked,1
12862,Female,82.0,0,0,Yes,Self-employed,Urban,97.25,29.1,never smoked,0
18498,Male,28.7,0,0,Yes,Private,Rural,85.44,18.9,never smoked,0
75850,Female,0.1,0,0,No,children,Urban,68.81,43.7,never smoked,0
66680,Male,36.2,0,0,Yes,Govt_job,Urban,82.27,39.5,formerly smoked,0
55328,Male,58.3,0,0,Yes,Private,Urban,81.85,29.5,never smoked,0
97778,Female,49.3,0,0,Yes,Govt_job,Rural,108.97,17.1,never smoked,0
62661,Male,52.1,0,0,Yes,Private,Urban,81.97,40.4,never smoked,0
86606,Female,75.1,1,1,Yes,Private,Urban,101.81,37.0,smokes,0
45146,Male,54.4,0,0,No,Private,Urban,90.65,29.3,Unknown,0
69342,Female,63.6,0,0,No,Private,Rural,105.25,37.5,formerly smoked,0
29262,Male,25.3,0,0,Yes,Private,Urban,125.52,24.8,smokes,0
9262,Male,21.9,0,0,No,Self-employed,Urban,118.19,21.3,smokes,0
26428,Female,81.5,0,0,Yes,Private,Urban,76.97,29.7,smokes,0
11858,Female,48.2,0,0,Yes,Private,Urban,86.97,16.9,Unknown,0
40573,Female,32.3,0,0,No,Private,Urban,133.3,20.2,smokes,0
32615,Female,32.3,0,0,Yes,Private,Urban,143.75,32.6,smokes,0
62598,Female,31.7,0,0,No,Private,Rural,65.63,30.3,Unknown,0
39977,Female,30.4,0,0,Yes,Private,Urban,62.66,18.1,smokes,0
86196,Male,17.8,0,0,No,Govt_job,Urban,167.73,,formerly smoked,0
56819,Female,13.0,0,0,No,children,Rural,69.06,18.5,Unknown,0
84514,Female,41.7,0,1,Yes,Private,Urban,79.81,24.8,never smoked,0
89126,Male,33.0,0,0,No,Private,Urban,94.64,24.0,smokes,0
65711,Female,70.4,0,0,Yes,Self-employed,Rural,78.79,35.9,Unknown,0
10856,Female,52.4,0,0,Yes,Govt_job,Urban,80.32,27.3,smokes,0
21753,Male,51.8,1,0,Yes,Private,Rural,88.43,26.7,never smoked,0
135,Male,29.7,0,0,Yes,Self-employed,Rural,108.88,25.6,formerly smoked,0
19528,Female,43.3,1,0,Yes,Govt_job,Rural,66.49,15.6,Unknown,0
11598,Male,53.9,0,0,Yes,Private,Urban,133.32,27.8,formerly smoked,0
11846,Female,61.8,0,0,Yes,Self-employed,Rural,55.0,32.1,Unknown,0
83766,Female,43.9,0,0,Yes,Self-employed,Rural,62.7,30.2,never smoked,0
10743,Male,69.7,0,0,Yes,Private,Rural,161.17,,smokes,0
27080,Female,46.2,0,0,Yes,Private,Urban,88.1,34.1,never smoked,0
57678,Female,63.4,0,0,No,Private,Rural,172.66,45.0,smokes,0
44083,Male,35.2,0,0,Yes,Private,Rural,85.56,20.0,Unknown,0
21300,Female,6.1,0,0,No,children,Rural,55.0,30.3,smokes,0
65658,Female,51.9,0,0,No,Self-employed,Rural,55.0,31.1,formerly smoked,0
89708,Female,62.0,0,0,Yes,Private,Urban,101.24,26.1,Unknown,0
76092,Male,58.7,0,0,Yes,Private,Urban,55.0,23.8,formerly smoked,0
38279,Male,55.3,0,0,Yes,Private,Rural,79.34,32.2,smokes,0
34326,Male,38.3,0,0,No,Private,Urban,123.32,31.5,never smoked,0
69448,Female,28.3,0,0,Yes,Private,Urban,107.93,20.6,smokes,0
44027,Male,58.1,0,0,Yes,Private,Urban,91.83,15.0,Unknown,0
40703,Female,55.4,0,0,Yes,Govt_job,Urban,104.36,24.8,formerly smoked,0
17835,Female,33.7,0,0,Yes,Private,Rural,124.29,23.4,never smoked,0
4300,Female,70.4,0,0,Yes,Private,Rural,87.33,33.0,never smoked,0
51956,Male,26.6,0,0,No,Private,Urban,132.07,21.6,never smoked,0
29842,Female,33.2,0,0,No,Private,Rural,101.19,27.2,Unknown,0
99104,Male,82.0,0,0,No,Private,Rural,141.75,15.7,Unknown,1
96726,Female,65.1,0,0,Yes,Private,Urban,104.05,16.9,smokes,0
29641,Female,38.1,0,0,Yes,Private,Rural,62.84,22.7,Unknown,0
10372,Male,52.3,0,0,No,Self-employed,Urban,78.73,26.6,never smoked,0
25739,Male,49.4,0,0,Yes,Private,Rural,99.75,22.4,Unknown,0
36581,Female,0.1,0,0,No,children,Urban,213.45,29.6,never smoked,0
25129,Male,26.1,0,0,Yes,Private,Rural,76.78,15.7,never smoked,0
76673,Female,44.9,0,0,Yes,Private,Urban,194.67,26.9,never smoked,0
90846,Male,38.2,0,0,Yes,Private,Rural,136.41,27.0,formerly smoked,0
41716,Female,51.4,0,0,No,Private,Urban,138.52,17.6,smokes,0
68186,Female,70.8,1,0,Yes,Private,Urban,132.46,30.2,never smoked,0
2240,Female,38.9,0,0,No,Self-employed,Rural,188.56,12.2,never smoked,0
1304,Female,22.7,0,0,No,Private,Urban,80.95,23.4,Unknown,0
74145,Female,53.1,0,0,No,Govt_job,Urban,134.91,34.4,Unknown,0
24795,Female,38.8,0,0,Yes,Private,Urban,66.63,11.8,never smoked,0
21297,Male,42.6,0,0,Yes,Self-employed,Rural,81.22,33.5,never smoked,0
65050,Female,39.6,0,0,Yes,Self-employed,Urban,127.56,19.8,smokes,0
77041,Female,82.0,0,0,Yes,Private,Rural,139.57,24.1,smokes,0
75602,Female,0.1,0,0,No,children,Urban,116.43,39.0,formerly smoked,0
46081,Male,37.5,0,0,Yes,Govt_job,Urban,55.0,23.8,smokes,0
85357,Female,45.9,0,0,Yes,Self-employed,Urban,76.09,40.6,formerly smoked,0
94402,Female,28.8,0,0,Yes,Private,Urban,62.87,,formerly smoked,0
99338,Male,65.8,0,0,Yes,Self-employed,Rural,97.81,27.9,Unknown,0
86415,Female,63.9,0,0,Yes,Private,Rural,62.47,34.8,Unknown,0
39597,Male,44.9,0,0,Yes,Private,Urban,82.24,32.6,smokes,0
44587,Female,40.0,0,0,Yes,Private,Rural,81.5,29.7,never smoked,0
80265,Male,43.5,0,0,Yes,Govt_job,Rural,150.93,25.0,Unknown,0
9698,Female,43.7,0,0,Yes,Private,Rural,84.4,16.9,never smoked,0
51548,Male,44.3,0,0,Yes,Private,Urban,192.51,17.2,Unknown,0
26742,Male,41.9,0,0,Yes,Private,Urban,88.41,38.3,smokes,0
49230,Female,51.6,0,0,Yes,Private,Urban,121.57,41.2,Unknown,0
50555,Female,62.6,0,0,No,Private,Rural,110.59,29.5,formerly smoked,1
71020,Female,18.9,0,0,No,Private,Urban,105.17,15.2,never smoked,0
82228,Female,22.9,0,0,No,Govt_job,Rural,135.54,22.7,never smoked,0
44551,Male,7.5,0,0,No,children,Urban,100.2,22.3,never smoked,0
32180,Male,65.1,0,0,Yes,Private,Rural,82.22,24.3,never smoked,0
88515,Male,51.5,0,0,Yes,Private,Urban,128.02,21.9,never smoked,0
96514,Male,57.1,0,0,Yes,Private,Rural,71.53,32.4,formerly smoked,0
54514,Male,14.6,0,0,No,Govt_job,Urban,89.77,30.4,Unknown,0
82076,Male,82.0,0,0,Yes,Private,Rural,135.42,40.4,never smoked,0
85363,Female,32.6,0,0,No,Govt_job,Rural,96.84,25.6,Unknown,0
62632,Female,49.7,0,0,Yes,Private,Urban,117.99,,never smoked,0
47917,Female,64.8,0,0,Yes,Self-employed,Urban,111.56,34.1,smokes,0
3609,Female,24.3,0,0,No,Self-employed,Rural,84.01,36.2,smokes,0
64786,Female,34.0,0,0,Yes,Self-employed,Urban,98.05,19.2,Unknown,0
45692,Female,49.9,1,0,Yes,Private,Urban,78.38,31.5,never smoked,0
6101,Female,82.0,0,0,No,Private,Urban,143.02,29.6,never smoked,0
11567,Female,52.6,0,0,Yes,Private,Rural,90.78,30.8,never smoked,0
22604,Female,81.3,0,0,Yes,Private,Urban,146.67,28.9,Unknown,0
27821,Female,72.5,0,0,Yes,Private,Urban,95.15,41.3,never smoked,0
44569,Female,54.1,0,0,Yes,Self-employed,Urban,120.94,21.8,smokes,0
36867,Female,24.2,0,0,Yes,Private,Urban,70.72,21.4,never smoked,0
40411,Male,69.3,0,1,No,Private,Urban,139.17,22.3,formerly smoked,0
63581,Male,13.0,0,0,No,children,Rural,55.0,,formerly smoked,0
48240,Female,81.2,0,0,No,Private,Rural,96.59,30.7,never smoked,0
32923,Female,50.4,0,0,Yes,Govt_job,Urban,86.12,25.1,never smoked,0
67382,Female,0.1,0,0,No,children,Rural,67.86,36.0,never smoked,0
10738,Female,38.5,0,0,Yes,Private,Rural,229.53,28.5,never smoked,0
54204,Female,60.4,1,0,Yes,Private,Rural,71.6,27.8,formerly smoked,0
12164,Male,40.8,0,0,No,Private,Urban,190.51,18.5,Unknown,0
73040,Female,61.7,0,0,No,Private,Rural,169.04,42.2,never smoked,0
95008,Female,27.3,0,0,Yes,Self-employed,Rural,62.22,28.1,never smoked,0
92827,Male,17.3,0,0,No,Private,Urban,99.66,40.8,never smoked,0
71165,Female,44.4,0,0,Yes,Private,Rural,96.62,23.8,Unknown,0
72588,Female,46.7,0,0,Yes,Self-employed,Urban,80.82,34.7,never smoked,0
17790,Female,38.3,0,0,Yes,Private,Rural,100.7,24.3,Unknown,0
48296,Male,73.0,0,0,Yes,Private,Rural,111.41,42.1,never smoked,0
18954,Female,27.3,0,0,Yes,Private,Rural,147.52,36.9,never smoked,0
51591,Male,52.9,0,0,Yes,Private,Urban,66.91,34.9,formerly smoked,0
11803,Male,47.5,0,0,No,Private,Rural,96.91,23.1,formerly smoked,0
10392,Female,11.8,0,0,No,children,Urban,86.43,42.8,formerly smoked,0
50149,Male,17.0,0,0,No,Private,Rural,83.21,43.8,formerly smoked,0
31534,Female,46.3,0,0,Yes,Govt_job,Rural,102.17,25.7,Unknown,0
373,Female,82.0,1,0,Yes,Govt_job,Urban,101.6,29.7,Unknown,1
2992,Female,58.7,0,0,Yes,Private,Rural,55.0,35.5,Unknown,0
2497,Male,8.0,0,0,No,children,Urban,112.01,13.7,Unknown,0
35833,Female,0.1,0,0,No,children,Urban,55.0,37.1,formerly smoked,0
18160,Female,62.1,0,1,No,Self-employed,Rural,141.92,36.2,Unknown,0
17285,Male,43.9,1,0,Yes,Self-employed,Urban,113.81,24.3,formerly smoked,0
88510,Female,71.1,0,0,Yes,Govt_job,Rural,90.98,12.1,smokes,0
14253,Male,26.6,0,0,Yes,Private,Urban,61.38,31.0,Unknown,0
77324,Male,53.7,0,0,Yes,Private,Rural,113.15,20.0,smokes,0
82408,Female,64.6,0,0,Yes,Private,Urban,99.75,16.6,formerly smoked,0
99465,Male,36.2,0,0,Yes,Private,Urban,102.08,31.3,never smoked,0
28779,Male,36.6,0,0,Yes,Private,Urban,106.9,38.4,Unknown,0
50545,Female,46.6,0,0,Yes,Private,Rural,124.34,26.9,never smoked,0
97605,Other,57.9,0,1,Yes,Govt_job,Rural,111.86,37.4,never smoked,0
30582,Male,45.7,0,0,Yes,Self-employed,Rural,164.66,33.5,never smoked,0
47107,Male,67.4,0,0,No,Private,Urban,124.2,18.2,smokes,0
22257,Male,35.8,0,0,Yes,Private,Rural,110.93,24.3,never smoked,0
72071,Female,16.8,0,0,No,Govt_job,Urban,103.53,36.6,Unknown,0
12485,Female,82.0,0,0,No,Self-employed,Urban,73.36,24.3,smokes,0
31284,Female,32.7,0,0,Yes,Private,Urban,58.43,34.6,Unknown,0
33045,Female,33.5,0,0,Yes,Private,Rural,55.0,25.4,never smoked,0
44780,Male,44.6,0,0,Yes,Private,Rural,121.88,33.9,formerly smoked,0
44249,Male,47.5,0,0,Yes,Self-employed,Rural,100.32,31.7,smokes,0
23654,Female,37.5,0,0,Yes,Private,Urban,125.36,26.6,never smoked,0
53691,Female,45.6,0,0,Yes,Private,Rural,160.75,33.7,formerly smoked,0
65095,Male,45.1,0,0,Yes,Private,Urban,97.07,12.3,Unknown,0
98070,Female,49.8,0,0,No,Private,Urban,62.78,20.4,smokes,0
26348,Male,0.1,0,0,No,children,Rural,137.65,25.0,Unknown,0
70129,Male,82.0,1,0,Yes,Private,Urban,102.12,37.3,smokes,1
76340,Female,42.8,0,0,No,Private,Urban,82.06,17.7,never smoked,0
81415,Female,58.8,0,0,Yes,Self-employed,Rural,79.81,28.2,Unknown,0
6102,Male,15.7,0,1,No,Private,Urban,121.44,30.9,Unknown,0
81444,Female,35.6,0,0,Yes,Never_worked,Rural,120.79,30.4,formerly smoked,0
45339,Male,31.2,0,0,Yes,Private,Urban,148.82,27.8,never smoked,0
67320,Female,78.3,0,0,Yes,Private,Rural,68.78,23.8,never smoked,0
36608,Female,33.1,0,0,Yes,Private,Rural,68.38,26.6,Unknown,0
56180,Female,62.7,0,0,No,Govt_job,Rural,107.55,35.8,never smoked,0
68786,Male,31.7,0,0,Yes,Self-employed,Rural,111.67,23.3,never smoked,0
40401,Male,36.0,0,0,No,Private,Urban,141.82,12.3,never smoked,0
73336,Male,40.6,0,0,Yes,Private,Rural,145.33,32.0,Unknown,0
46183,Female,74.2,0,0,Yes,Private,Rural,106.1,39.7,formerly smoked,0
13096,Male,4.4,0,0,No,children,Rural,148.58,20.6,formerly smoked,0
75174,Female,17.1,0,0,No,Private,Urban,99.01,38.7,smokes,0
54347,Female,3.2,0,0,No,children,Rural,99.45,32.4,Unknown,0
56393,Male,22.1,0,0,No,Private,Rural,93.12,19.8,never smoked,0
90712,Female,28.1,0,0,Yes,Private,Urban,67.3,,never smoked,0
4980,Male,10.5,0,0,No,children,Urban,57.16,22.9,never smoked,0
30612,Female,29.8,0,0,Yes,Govt_job,Urban,106.85,29.8,never smoked,0
74187,Female,1.7,0,0,No,children,Urban,138.55,27.1,never smoked,0
84466,Female,23.6,0,0,No,Private,Urban,80.86,36.8,formerly smoked,0
64579,Male,72.4,0,0,No,Private,Urban,144.49,34.9,never smoked,0
92535,Female,54.9,0,0,Yes,Private,Urban,158.4,16.9,Unknown,0
88444,Male,50.1,0,0,Yes,Private,Urban,89.72,17.9,never smoked,1
76245,Female,23.9,0,0,No,Self-employed,Rural,55.0,33.1,Unknown,0
74217,Male,12.2,0,0,No,children,Rural,92.94,24.6,never smoked,0
60227,Female,20.9,0,0,No,Govt_job,Urban,70.39,27.2,never smoked,0
28157,Female,45.0,0,0,No,Self-employed,Urban,138.86,32.6,Unknown,0
90995,Male,65.1,0,0,Yes,Private,Urban,108.59,34.9,Unknown,0
75163,Male,65.9,0,0,No,Private,Urban,55.0,19.2,never smoked,0
61055,Female,59.9,1,0,Yes,Private,Urban,126.04,11.8,Unknown,0
80550,Female,29.8,0,0,No,Govt_job,Urban,142.03,27.7,Unknown,0
23356,Female,46.5,0,0,No,Self-employed,Urban,104.06,22.1,formerly smoked,0
7202,Male,38.9,0,0,Yes,Private,Rural,86.6,29.0,smokes,0
36539,Male,41.6,0,0,No,Private,Rural,115.1,27.8,never smoked,0
58446,Male,82.0,0,0,Yes,Private,Rural,170.54,21.2,never smoked,0
67968,Male,7.2,0,0,No,children,Urban,149.91,44.2,never smoked,0
80540,Male,40.8,0,0,Yes,Private,Rural,64.31,28.6,never smoked,0
73308,Female,72.7,0,0,Yes,Govt_job,Urban,108.15,24.2,formerly smoked,0
22425,Female,13.8,0,0,No,children,Rural,71.4,29.3,never smoked,0
16193,Male,31.8,0,0,Yes,Private,Rural,85.96,32.5,never smoked,0
548,Female,34.4,0,0,Yes,Private,Rural,153.8,23.8,never smoked,0
54846,Female,41.1,0,0,Yes,Private,Rural,107.98,45.9,smokes,0
82755,Male,10.9,0,0,No,children,Urban,73.56,17.1,smokes,0
78493,Male,59.1,0,0,Yes,Govt_job,Urban,92.38,17.6,Unknown,0
89884,Male,60.7,0,0,Yes,Private,Urban,129.22,16.5,Unknown,0
6389,Female,57.2,0,0,Yes,Private,Urban,84.21,28.5,Unknown,0
27017,Male,26.9,0,0,Yes,Private,Rural,109.94,32.0,never smoked,0
16653,Female,47.9,0,0,Yes,Private,Rural,86.45,26.0,never smoked,0
17530,Female,26.2,0,0,Yes,Private,Rural,89.37,32.0,smokes,0
7128,Male,38.7,0,0,Yes,Self-employed,Urban,220.43,31.9,never smoked,0
34573,Male,82.0,0,0,Yes,Private,Rural,159.11,25.8,never smoked,1
48185,Male,48.1,0,0,Yes,Govt_job,Rural,106.75,31.7,Unknown,0
41223,Male,19.9,0,0,No,Private,Urban,121.79,27.0,formerly smoked,0
76042,Male,50.0,0,0,Yes,Private,Rural,106.11,25.4,formerly smoked,0
51988,Female,16.3,0,0,No,Self-employed,Rural,60.28,24.8,Unknown,0
26006,Female,19.6,0,0,No,Private,Rural,69.07,30.2,Unknown,0
61222,Male,23.1,0,0,No,Self-employed,Urban,158.82,37.6,Unknown,0
33748,Male,36.2,1,0,Yes,Govt_job,Rural,160.93,19.5,Unknown,0
69717,Female,66.6,0,0,Yes,Private,Rural,104.92,24.9,never smoked,0
94952,Female,58.7,0,0,Yes,Private,Rural,77.32,29.7,smokes,0
87795,Female,57.5,0,0,Yes,Private,Urban,56.06,41.7,never smoked,0
97408,Female,21.8,0,0,No,Private,Urban,199.36,31.7,Unknown,0
54123,Male,34.1,0,0,Yes,Private,Urban,67.73,22.4,never smoked,0
98984,Female,52.0,0,0,Yes,Govt_job,Rural,79.44,21.6,formerly smoked,0
74551,Female,32.2,0,0,Yes,Self-employed,Rural,83.85,35.9,Unknown,0
10060,Male,39.9,0,0,No,Private,Rural,76.78,26.1,smokes,0
39442,Female,55.7,0,0,Yes,Private,Urban,101.91,19.3,never smoked,0
10430,Female,38.3,0,0,Yes,Private,Urban,190.84,36.1,never smoked,0
27145,Female,51.0,0,0,Yes,Private,Urban,96.77,,formerly smoked,0
81923,Female,81.0,0,0,Yes,Private,Rural,112.71,19.5,smokes,0
21009,Female,42.2,0,0,Yes,Self-employed,Urban,124.73,18.4,smokes,0
95113,Female,71.9,0,0,Yes,Self-employed,Rural,134.81,12.2,never smoked,1
22094,Female,58.3,0,0,Yes,Private,Urban,104.96,23.8,Unknown,0
26351,Female,13.7,0,0,No,children,Rural,74.5,30.8,never smoked,0
79837,Female,21.8,0,0,No,Private,Urban,125.23,35.7,Unknown,0
48910,Female,27.7,0,0,No,Private,Urban,170.33,31.7,smokes,0
77069,Male,27.2,0,0,Yes,Private,Rural,55.36,18.7,Unknown,0
52451,Female,44.0,0,0,Yes,Govt_job,Urban,82.44,26.4,never smoked,0
53952,Female,59.5,0,0,No,Private,Urban,114.79,39.2,Unknown,0
35019,Male,73.6,0,0,Yes,Private,Rural,126.86,24.7,Unknown,0
27680,Female,52.8,0,0,Yes,Govt_job,Urban,88.6,34.3,formerly smoked,0
62889,Female,36.2,0,0,Yes,Private,Rural,134.43,33.3,Unknown,0
68214,Male,0.2,0,0,No,children,Urban,148.49,34.2,Unknown,0
39114,Female,47.6,0,0,Yes,Private,Urban,114.8,31.7,Unknown,0
14629,Female,46.6,0,0,Yes,Govt_job,Urban,132.72,34.2,Unknown,0
49006,Male,50.0,0,0,No,Private,Urban,96.86,17.4,Unknown,0
28699,Male,82.0,0,0,Yes,Private,Rural,66.52,39.9,never smoked,0
88657,Female,73.3,0,0,Yes,Private,Rural,73.6,15.0,never smoked,0
99461,Female,63.3,0,0,Yes,Private,Rural,181.62,30.8,formerly smoked,0
4637,Female,24.8,0,0,No,Self-employed,Urban,149.04,28.1,Unknown,0
23562,Male,34.7,0,0,Yes,Private,Urban,71.91,23.8,never smoked,0
48763,Female,43.9,0,0,Yes,Private,Rural,69.5,21.2,formerly smoked,0
73908,Female,28.9,0,0,Yes,Self-employed,Urban,126.2,32.6,never smoked,0
42690,Female,57.0,0,0,No,Never_worked,Rural,231.96,34.5,Unknown,0
3261,Male,53.9,1,0,Yes,Private,Rural,114.13,27.7,Unknown,0
13734,Female,22.1,0,0,No,Private,Urban,78.08,26.3,never smoked,0
77862,Female,72.3,0,1,Yes,Private,Urban,137.08,38.1,never smoked,0
84548,Female,48.3,0,0,Yes,Private,Rural,156.58,25.3,Unknown,0
33788,Male,8.0,0,0,No,children,Urban,126.25,28.2,formerly smoked,0
55584,Female,44.9,0,0,Yes,Private,Rural,120.11,27.0,smokes,0
17131,Male,52.2,0,0,Yes,Private,Rural,71.45,47.0,Unknown,0
60600,Female,67.4,0,0,Yes,Private,Urban,137.98,22.2,Unknown,1
1446,Female,38.6,0,0,Yes,Private,Urban,127.03,34.7,never smoked,0
5401,Female,64.2,0,0,Yes,Self-employed,Urban,91.74,15.8,smokes,0
79825,Female,50.1,1,0,Yes,Private,Urban,72.15,21.3,Unknown,0
53187,Female,17.1,0,0,No,Private,Rural,89.03,26.2,never smoked,0
16356,Male,14.9,0,0,No,Private,Rural,103.44,27.5,smokes,0
14510,Female,70.7,1,0,Yes,Self-employed,Rural,137.89,26.4,Unknown,0
73590,Male,72.3,1,0,Yes,Private,Rural,163.38,27.8,never smoked,1
96991,Female,53.1,0,0,Yes,Private,Rural,137.73,23.3,formerly smoked,0
27420,Female,78.9,0,0,Yes,Govt_job,Rural,99.94,38.2,never smoked,0
30267,Female,69.2,1,0,No,Govt_job,Rural,105.1,21.0,never smoked,0
78074,Female,61.0,0,0,Yes,Private,Rural,145.9,,never smoked,0
85424,Female,26.0,0,0,Yes,Private,Urban,116.22,33.6,never smoked,0
8845,Male,82.0,0,0,Yes,Self-employed,Urban,68.14,21.4,smokes,0
30532,Male,57.8,0,0,Yes,Private,Rural,55.0,25.7,Unknown,0
59610,Male,37.5,0,0,No,Self-employed,Urban,126.51,,Unknown,0
78896,Male,31.3,0,0,Yes,Private,Rural,92.06,41.1,Unknown,0
25082,Female,51.6,0,0,Yes,Private,Rural,144.9,25.7,Unknown,0
51600,Female,9.2,0,0,No,children,Urban,140.09,55.7,never smoked,0
55551,Female,61.4,0,0,No,Govt_job,Rural,84.03,34.3,formerly smoked,0
63036,Male,25.0,0,0,Yes,Private,Urban,190.44,31.1,Unknown,0
21837,Female,54.2,0,0,No,Private,Urban,68.66,,Unknown,0
17726,Female,34.5,0,0,Yes,Private,Urban,105.89,15.6,formerly smoked,0
18124,Male,40.2,0,0,Yes,Private,Urban,66.67,37.3,Unknown,0
59851,Female,29.3,0,0,Yes,Private,Urban,123.52,18.6,Unknown,0
66853,Male,42.5,0,0,No,Private,Urban,151.1,35.0,smokes,0
5338,Female,82.0,0,0,Yes,Private,Rural,126.73,24.1,Unknown,0
49802,Male,76.5,0,0,Yes,Private,Urban,90.38,22.5,Unknown,1
21930,Male,53.8,0,0,No,Private,Rural,66.65,41.8,Unknown,0
81148,Male,45.4,0,0,Yes,Private,Urban,90.05,27.8,never smoked,0
72008,Female,64.6,0,1,Yes,Private,Urban,127.91,17.0,Unknown,1
11557,Female,70.9,0,0,Yes,Private,Urban,73.75,35.8,Unknown,1
89994,Female,27.7,0,0,Yes,Private,Urban,58.59,19.3,never smoked,0
99525,Female,44.3,0,0,Yes,Private,Rural,55.0,38.7,Unknown,0
92360,Female,5.9,0,0,No,children,Urban,96.29,28.4,never smoked,0
68637,Female,70.7,0,0,No,Self-employed,Urban,67.39,18.9,Unknown,0
25494,Female,82.0,1,0,Yes,Private,Rural,122.44,34.7,Unknown,1
28269,Female,47.8,0,0,Yes,Self-employed,Rural,100.03,32.4,never smoked,0
49672,Male,0.1,0,0,No,children,Rural,95.14,12.6,Unknown,0
97039,Female,59.4,0,0,Yes,Private,Urban,198.88,28.0,never smoked,0
34357,Female,26.1,0,0,Yes,Self-employed,Urban,120.01,30.7,Unknown,0
79176,Female,31.4,0,0,Yes,Private,Urban,55.0,30.3,smokes,0
77702,Female,59.8,0,0,Yes,Private,Urban,55.0,27.1,formerly smoked,0
10879,Male,51.6,0,0,Yes,Private,Rural,188.97,34.1,Unknown,0
80571,Female,35.3,0,0,No,Private,Urban,105.58,32.8,never smoked,0
48911,Male,31.7,0,0,Yes,Private,Urban,92.04,28.7,formerly smoked,0
50217,Male,48.8,0,0,Yes,Private,Rural,111.81,26.7,Unknown,0
93842,Male,37.0,0,0,Yes,Private,Rural,69.69,29.6,never smoked,0
79583,Male,21.6,0,0,No,Private,Urban,98.79,24.0,never smoked,0
19838,Male,38.7,0,0,Yes,Private,Rural,143.44,20.8,smokes,0
72922,Female,53.5,0,0,Yes,Private,Urban,93.9,20.1,never smoked,0
39370,Female,42.1,0,0,Yes,Govt_job,Urban,86.42,27.7,formerly smoked,0
31179,Male,14.9,0,0,No,Private,Rural,80.36,22.1,smokes,0
47616,Female,67.8,0,0,Yes,Private,Urban,135.95,27.3,formerly smoked,0
54592,Female,0.1,0,0,No,children,Urban,115.27,38.5,never smoked,0
60168,Female,36.2,0,0,Yes,Self-employed,Urban,189.16,26.9,never smoked,0
47544,Female,32.4,0,0,Yes,Govt_job,Rural,178.61,29.5,never smoked,0
90427,Female,49.3,0,0,No,Private,Rural,96.03,26.8,Unknown,0
3830,Female,58.4,0,0,Yes,Self-employed,Rural,125.36,38.3,never smoked,0
89724,Female,70.8,0,0,Yes,Govt_job,Urban,90.79,,Unknown,0
40300,Female,30.3,0,0,Yes,Private,Urban,86.17,,never smoked,0
4610,Female,58.9,1,0,Yes,Private,Urban,92.3,34.0,never smoked,0
13867,Male,50.3,0,0,Yes,Self-employed,Urban,81.35,44.2,Unknown,0
50553,Female,8.3,0,0,No,children,Rural,143.81,,never smoked,0
95207,Male,82.0,0,0,Yes,Govt_job,Rural,85.83,35.9,smokes,0
39845,Female,14.3,0,0,No,Private,Urban,91.58,15.4,never smoked,0
21428,Female,55.2,0,0,Yes,Private,Rural,114.62,28.7,Unknown,0
70922,Male,54.6,0,1,Yes,Private,Urban,111.22,27.4,never smoked,0
15955,Male,52.1,0,0,Yes,Self-employed,Urban,107.67,15.7,never smoked,0
6652,Male,35.1,0,0,Yes,Private,Urban,152.2,36.7,smokes,0
42835,Male,64.2,1,0,Yes,Private,Rural,93.08,29.6,formerly smoked,0
881,Male,11.7,0,0,No,children,Rural,81.23,21.5,Unknown,0
19617,Male,44.6,0,0,Yes,Private,Rural,55.0,31.0,Unknown,0
57504,Male,33.6,1,0,Yes,Govt_job,Urban,134.44,35.3,Unknown,0
13791,Male,31.1,0,0,Yes,Private,Rural,125.04,15.2,never smoked,0
95667,Female,55.4,0,0,Yes,Private,Rural,147.36,11.0,smokes,0
75492,Female,69.7,0,0,Yes,Private,Urban,95.7,28.2,never smoked,0
69656,Female,38.4,0,0,Yes,Self-employed,Rural,100.78,22.7,never smoked,0
5262,Female,63.2,0,0,Yes,Private,Urban,141.74,38.5,never smoked,0
9824,Male,47.1,0,0,Yes,Private,Rural,89.74,25.7,formerly smoked,0
30031,Female,26.4,0,0,Yes,Govt_job,Urban,104.96,30.8,formerly smoked,0
97227,Female,40.3,0,0,Yes,Private,Rural,151.25,27.1,Unknown,0
79511,Male,39.4,0,0,Yes,Private,Urban,123.75,16.9,formerly smoked,0
20617,Female,30.7,0,0,Yes,Self-employed,Rural,94.55,28.7,never smoked,0
53867,Male,55.4,0,0,Yes,Govt_job,Rural,140.67,18.6,never smoked,0
18852,Female,51.2,0,0,Yes,Private,Rural,101.81,18.2,smokes,0
20962,Female,11.0,0,0,No,children,Urban,141.75,20.3,smokes,0
11750,Female,9.7,0,0,No,children,Urban,115.17,19.6,never smoked,0
47018,Female,55.3,0,0,Yes,Private,Urban,88.52,26.9,smokes,0
99000,Female,28.1,0,0,Yes,Private,Urban,71.67,25.6,Unknown,0
1559,Female,52.6,0,0,Yes,Private,Rural,133.54,30.6,never smoked,0
94572,Female,63.2,0,0,No,Self-employed,Rural,137.92,16.7,Unknown,0
11645,Female,18.0,0,0,No,Private,Rural,158.19,26.6,Unknown,0
87097,Male,14.9,0,0,No,Private,Rural,127.81,24.9,Unknown,0
4746,Female,82.0,1,0,Yes,Private,Urban,106.35,30.0,never smoked,0
65273,Female,53.7,0,0,Yes,Govt_job,Rural,113.74,30.4,never smoked,0
88171,Female,36.8,0,0,No,Private,Rural,107.02,29.7,Unknown,0
40687,Male,25.5,0,0,No,Private,Urban,97.25,21.1,formerly smoked,0
92649,Male,34.8,0,0,Yes,Private,Rural,68.85,28.7,never smoked,0
35575,Male,19.8,0,0,No,Govt_job,Rural,72.19,24.7,formerly smoked,0
75897,Male,65.4,0,0,Yes,Private,Urban,135.07,38.4,smokes,0
59813,Female,28.9,0,0,Yes,Private,Urban,79.93,29.3,never smoked,0
39409,Male,70.1,0,0,Yes,Private,Urban,95.55,,never smoked,0
69694,Female,37.2,0,0,No,Private,Rural,59.33,18.9,Unknown,0
90137,Male,23.0,0,0,No,Private,Rural,60.94,24.1,formerly smoked,0
31526,Female,36.6,0,0,No,Govt_job,Urban,80.5,30.4,never smoked,0
6492,Female,0.1,0,0,No,children,Rural,133.41,27.9,Unknown,0
99035,Male,43.3,0,0,Yes,Private,Rural,135.98,27.8,Unknown,0
34614,Male,42.3,0,0,No,Private,Urban,111.6,,formerly smoked,1
13148,Male,64.1,1,0,Yes,Self-employed,Urban,91.94,22.4,never smoked,0
65605,Female,4.5,0,0,No,children,Urban,192.25,26.4,Unknown,0
64963,Female,71.6,0,0,Yes,Private,Rural,163.63,37.5,Unknown,0
64195,Female,64.1,0,0,Yes,Private,Rural,95.01,14.3,Unknown,0
99014,Female,73.5,0,0,Yes,Private,Rural,168.81,20.7,never smoked,0
94715,Female,44.8,0,0,Yes,Private,Urban,119.26,14.3,smokes,0
62720,Female,68.3,1,0,No,Self-employed,Urban,151.97,30.9,never smoked,1
33033,Male,13.6,0,0,No,children,Rural,144.24,37.4,Unknown,0
64522,Female,61.7,0,0,No,Private,Rural,55.0,31.2,never smoked,0
75348,Male,29.0,0,0,No,Private,Urban,71.48,32.8,formerly smoked,0
6165,Male,9.7,0,0,No,children,Urban,92.72,20.8,Unknown,0
72590,Male,21.3,0,0,No,Self-employed,Rural,80.4,31.3,Unknown,0
52985,Female,46.1,0,0,Yes,Private,Urban,121.67,22.7,smokes,0
87858,Female,27.9,0,0,Yes,Private,Rural,124.95,28.9,formerly smoked,0
80258,Female,54.3,0,0,Yes,Private,Urban,89.91,32.3,Unknown,0
43703,Male,6.2,0,0,No,children,Urban,86.65,26.3,smokes,0
24203,Female,0.1,0,0,No,children,Rural,140.41,34.7,formerly smoked,0
22117,Female,76.2,0,0,No,Private,Rural,87.16,27.3,Unknown,0
93127,Male,65.9,0,0,Yes,Govt_job,Urban,148.97,30.6,formerly smoked,1
81110,Male,22.9,0,0,No,Private,Urban,112.58,42.7,smokes,0
70916,Male,45.9,0,0,Yes,Private,Rural,112.74,32.2,never smoked,0
36187,Female,68.4,0,0,No,Private,Rural,74.98,22.9,never smoked,0
91822,Male,55.2,0,0,Yes,Govt_job,Rural,130.58,24.9,formerly smoked,0
73830,Female,49.3,0,0,No,Self-employed,Rural,70.94,35.0,never smoked,0
73315,Female,70.1,0,0,No,Private,Rural,130.5,36.3,never smoked,0
75886,Male,29.9,0,0,Yes,Private,Rural,124.77,28.2,formerly smoked,0
48355,Male,46.7,0,0,No,Private,Rural,125.74,17.0,smokes,0
11705,Female,45.6,0,0,Yes,Private,Urban,124.64,21.4,never smoked,0
76941,Female,40.0,0,0,Yes,Private,Rural,140.23,29.9,smokes,0
31627,Female,37.4,0,0,Yes,Private,Rural,120.38,32.9,never smoked,0
68979,Male,47.6,0,1,Yes,Private,Rural,55.0,36.0,never smoked,0
503,Male,46.8,0,0,Yes,Private,Rural,116.27,,never smoked,0
85230,Female,22.9,0,0,No,Private,Rural,78.24,35.0,Unknown,0
58785,Female,63.6,0,0,Yes,Private,Urban,64.25,39.2,formerly smoked,0
56230,Male,24.5,0,0,Yes,Self-employed,Urban,74.21,11.0,Unknown,0
89849,Male,41.2,0,0,Yes,Private,Rural,84.33,28.5,smokes,0
91635,Female,39.5,0,0,Yes,Self-employed,Urban,126.88,34.2,Unknown,0
55877,Female,53.9,0,0,Yes,Private,Urban,95.43,17.9,never smoked,0
5943,Male,0.1,0,0,No,children,Rural,139.37,24.8,smokes,0
62486,Female,65.6,0,0,Yes,Private,Rural,82.0,32.7,smokes,0
19079,Female,31.1,0,0,No,Private,Urban,96.49,24.6,formerly smoked,0
90417,Male,72.8,0,0,Yes,Govt_job,Rural,83.26,25.8,Unknown,0
82479,Female,35.5,0,0,No,Private,Urban,55.0,,formerly smoked,0
37682,Male,44.9,0,0,Yes,Private,Rural,105.62,19.7,never smoked,0
88376,Male,82.0,1,0,No,Private,Rural,228.78,20.5,Unknown,1
99783,Female,39.9,0,0,Yes,Private,Urban,65.02,32.0,never smoked,0
48971,Female,73.3,0,1,Yes,Private,Rural,130.86,35.6,never smoked,0
65105,Male,46.9,0,0,Yes,Private,Rural,140.57,31.5,smokes,0
89280,Female,55.1,1,0,Yes,Private,Rural,115.4,38.7,never smoked,0
62224,Female,47.5,0,0,Yes,Private,Urban,67.51,31.6,Unknown,0
11134,Female,64.7,0,0,Yes,Private,Rural,196.86,42.4,formerly smoked,0
102,Female,30.9,0,0,Yes,Private,Urban,124.02,29.0,Unknown,0
51834,Other,24.4,0,0,Yes,Private,Urban,168.68,30.4,formerly smoked,0
61549,Male,32.0,0,0,Yes,Private,Urban,57.92,31.5,formerly smoked,0
20998,Male,48.2,0,0,Yes,Private,Urban,85.64,23.8,formerly smoked,0
39580,Female,41.1,0,0,Yes,Private,Urban,65.44,22.7,Unknown,0
96435,Female,61.6,0,0,Yes,Private,Rural,145.48,21.7,never smoked,0
32757,Male,74.7,1,0,Yes,Self-employed,Urban,65.9,24.3,never smoked,0
26027,Female,24.5,0,0,Yes,Private,Rural,99.69,44.0,never smoked,0
97585,Male,29.9,0,0,Yes,Private,Urban,96.11,42.2,formerly smoked,0
99565,Female,14.4,0,0,No,Govt_job,Rural,55.0,26.0,Unknown,0
78763,Female,82.0,0,0,Yes,Private,Rural,127.77,25.3,smokes,0
34405,Female,52.7,0,0,Yes,Private,Urban,119.93,12.4,formerly smoked,0
89321,Female,56.6,0,0,Yes,Self-employed,Rural,83.99,21.0,never smoked,0
56397,Female,16.5,0,0,No,Private,Urban,168.58,22.4,smokes,0
12085,Female,46.0,0,0,Yes,Private,Rural,55.68,25.2,Unknown,0
80810,Female,57.2,0,0,Yes,Private,Rural,55.0,24.2,never smoked,0
79708,Female,40.4,0,0,Yes,Private,Rural,109.13,30.1,Unknown,0
62307,Male,69.7,0,0,Yes,Private,Urban,74.22,34.3,never smoked,0
97748,Female,82.0,0,0,Yes,Private,Rural,101.09,23.0,never smoked,0
53568,Male,25.2,0,0,Yes,Private,Rural,152.59,39.3,Unknown,0
63072,Female,23.5,0,0,No,Private,Rural,64.04,31.1,smokes,0
12754,Female,26.7,0,0,No,Govt_job,Urban,146.1,35.2,formerly smoked,0
73769,Female,81.3,0,0,No,Private,Rural,65.73,25.2,Unknown,0
66408,Male,68.9,0,0,Yes,Self-employed,Rural,89.3,32.6,Unknown,0
98512,Male,43.0,0,0,Yes,Private,Rural,156.78,31.9,Unknown,0
87847,Male,46.8,0,0,Yes,Govt_job,Rural,128.7,39.5,Unknown,0
66709,Female,28.0,0,0,No,Self-employed,Urban,76.11,33.4,smokes,0
35776,Male,65.6,0,0,Yes,Private,Urban,115.83,34.9,formerly smoked,0
28788,Male,37.6,0,0,Yes,Private,Rural,86.98,24.5,never smoked,0
15746,Male,40.3,0,0,No,Private,Urban,90.99,37.5,never smoked,0
38432,Female,59.4,0,0,Yes,Private,Rural,96.38,18.9,Unknown,0
